{
  "type": "FeatureCollection",
  "features": [
    {
      "type": "Feature",
      "geometry": {
        "coordinates": [
          [
            [7.7532488481, 48.5782976537],
            [7.7533494366, 48.5782401215],
            [7.7534239218, 48.5782387282],
            [7.7534464769, 48.5782566895],
            [7.7533095304, 48.5783322357],
            [7.7533558008, 48.5783575689],
            [7.7533329967, 48.5783759015],
            [7.7532200971, 48.5783140945],
            [7.7532488481, 48.5782976537]
          ]
        ],
        "type": "Polygon"
      },
      "properties": {
        "geo_point_2d": { "lon": 7.753329966311984, "lat": 48.57829508579105 },
        "nom_enseigne": "MOLLY MALONE",
        "identifiant": "000129",
        "url_plan": "https:\/\/sig.strasbourg.eu\/datastrasbourg\/occupation_domaine_public\/terrasse\/2025\/plans\/000027.pdf",
        "superficie_autorisee": 102,
        "url_autorisation": "https:\/\/sig.strasbourg.eu\/datastrasbourg\/occupation_domaine_public\/terrasse\/2025\/autorisations\/A000027.pdf",
        "ville": "STRASBOURG",
        "adresse_etablissement": "1 PCE D'AUSTERLITZ"
      }
    },
    {
      "type": "Feature",
      "geometry": {
        "coordinates": [
          [
            [7.7537937323, 48.5783160228],
            [7.7536929818, 48.5782347703],
            [7.7537505453, 48.578203346],
            [7.7538512938, 48.5782845969],
            [7.7537937323, 48.5783160228]
          ]
        ],
        "type": "Polygon"
      },
      "properties": {
        "geo_point_2d": { "lon": 7.7537721382038365, "lat": 48.57825968405061 },
        "nom_enseigne": "CAFE BERLIN",
        "identifiant": "001712",
        "url_plan": "https:\/\/sig.strasbourg.eu\/datastrasbourg\/occupation_domaine_public\/terrasse\/2025\/plans\/000028.pdf",
        "superficie_autorisee": 64,
        "url_autorisation": "https:\/\/sig.strasbourg.eu\/datastrasbourg\/occupation_domaine_public\/terrasse\/2025\/autorisations\/A000028.pdf",
        "ville": "STRASBOURG",
        "adresse_etablissement": "1 PCE D'AUSTERLITZ"
      }
    },
    {
      "type": "Feature",
      "geometry": {
        "coordinates": [
          [
            [7.7518880133, 48.5788522409],
            [7.7517879471, 48.5789167332],
            [7.7517595587, 48.578897419],
            [7.7518691293, 48.5788393379],
            [7.7518880133, 48.5788522409]
          ]
        ],
        "type": "Polygon"
      },
      "properties": {
        "geo_point_2d": { "lon": 7.7518226680607425, "lat": 48.578878474449 },
        "nom_enseigne": "LE PETIT GLACIER",
        "identifiant": "001364",
        "url_plan": "https:\/\/sig.strasbourg.eu\/datastrasbourg\/occupation_domaine_public\/terrasse\/2025\/plans\/000046.pdf",
        "superficie_autorisee": 26,
        "url_autorisation": "https:\/\/sig.strasbourg.eu\/datastrasbourg\/occupation_domaine_public\/terrasse\/2025\/autorisations\/A000046.pdf",
        "ville": "STRASBOURG",
        "adresse_etablissement": "3 RUE D'AUSTERLITZ"
      }
    },
    {
      "type": "Feature",
      "geometry": {
        "coordinates": [
          [
            [7.7534836452, 48.5790050606],
            [7.7534934793, 48.5790168664],
            [7.7534141828, 48.5790459556],
            [7.7534042564, 48.5790340982],
            [7.7534836452, 48.5790050606]
          ]
        ],
        "type": "Polygon"
      },
      "properties": {
        "geo_point_2d": { "lon": 7.753448853984333, "lat": 48.57902550811994 },
        "nom_enseigne": "LE COSY",
        "identifiant": "001258",
        "url_plan": "https:\/\/sig.strasbourg.eu\/datastrasbourg\/occupation_domaine_public\/terrasse\/2025\/plans\/000063.pdf",
        "superficie_autorisee": 10,
        "url_autorisation": "https:\/\/sig.strasbourg.eu\/datastrasbourg\/occupation_domaine_public\/terrasse\/2025\/autorisations\/A000063.pdf",
        "ville": "STRASBOURG",
        "adresse_etablissement": "17 RUE DES COUPLES"
      }
    },
    {
      "type": "Feature",
      "geometry": {
        "coordinates": [
          [
            [
              [7.7534221968, 48.578963374],
              [7.753406936, 48.5789720232],
              [7.7533198854, 48.5789034852],
              [7.7533350262, 48.5788948368],
              [7.7534221968, 48.578963374]
            ]
          ],
          [
            [
              [7.753460776, 48.5789741916],
              [7.7534467187, 48.5789643788],
              [7.7534468659, 48.5789643547],
              [7.7535022204, 48.5789298401],
              [7.7535358294, 48.5789089835],
              [7.7535497404, 48.5789188293],
              [7.753460776, 48.5789741916]
            ]
          ]
        ],
        "type": "MultiPolygon"
      },
      "properties": {
        "geo_point_2d": { "lon": 7.753431966369407, "lat": 48.57893735038134 },
        "nom_enseigne": "LA LAGUNA",
        "identifiant": "001074",
        "url_plan": "https:\/\/sig.strasbourg.eu\/datastrasbourg\/occupation_domaine_public\/terrasse\/2025\/plans\/000064.pdf",
        "superficie_autorisee": 28,
        "url_autorisation": "https:\/\/sig.strasbourg.eu\/datastrasbourg\/occupation_domaine_public\/terrasse\/2025\/autorisations\/A000064.pdf",
        "ville": "STRASBOURG",
        "adresse_etablissement": "18 RUE DES COUPLES"
      }
    },
    {
      "type": "Feature",
      "geometry": {
        "coordinates": [
          [
            [
              [7.7504457813, 48.579969489],
              [7.7504151843, 48.5799561632],
              [7.7504198091, 48.5799517212],
              [7.7504502371, 48.5799649818],
              [7.7504457813, 48.579969489]
            ]
          ],
          [
            [
              [7.7504825321, 48.5799857615],
              [7.7504524023, 48.5799726418],
              [7.7504570798, 48.5799680354],
              [7.7504869879, 48.5799812543],
              [7.7504825321, 48.5799857615]
            ]
          ],
          [
            [
              [7.7503420371, 48.5800163716],
              [7.7503048226, 48.5800008077],
              [7.7503542563, 48.5799561796],
              [7.7503864257, 48.5799696212],
              [7.7503420371, 48.5800163716]
            ]
          ],
          [
            [
              [7.7505049235, 48.5800158396],
              [7.7504989644, 48.58002185],
              [7.7503913736, 48.5799749329],
              [7.7503972203, 48.579968882],
              [7.7505049235, 48.5800158396]
            ]
          ],
          [
            [
              [7.7505237167, 48.5799975817],
              [7.7505194463, 48.5800018921],
              [7.7504896274, 48.5799889039],
              [7.7504940833, 48.5799843966],
              [7.7505237167, 48.5799975817]
            ]
          ]
        ],
        "type": "MultiPolygon"
      },
      "properties": {
        "geo_point_2d": { "lon": 7.750390246429926, "lat": 48.57998703749525 },
        "nom_enseigne": "NEW MONTMARTRE",
        "identifiant": "000021",
        "url_plan": "https:\/\/sig.strasbourg.eu\/datastrasbourg\/occupation_domaine_public\/terrasse\/2025\/plans\/000072.pdf",
        "superficie_autorisee": 31,
        "url_autorisation": "https:\/\/sig.strasbourg.eu\/datastrasbourg\/occupation_domaine_public\/terrasse\/2025\/autorisations\/A000072.pdf",
        "ville": "STRASBOURG",
        "adresse_etablissement": "6 R.DU VIEUX MARCHE AUX POISSONS"
      }
    },
    {
      "type": "Feature",
      "geometry": {
        "coordinates": [
          [
            [7.7488547958, 48.5804533048],
            [7.748857768, 48.5804543094],
            [7.7488819012, 48.5804635286],
            [7.7488452093, 48.5805099239],
            [7.7488161711, 48.5804985776],
            [7.7488505713, 48.5804579646],
            [7.7488530356, 48.5804567195],
            [7.7488547958, 48.5804533048]
          ]
        ],
        "type": "Polygon"
      },
      "properties": {
        "geo_point_2d": { "lon": 7.748849270349368, "lat": 48.580481619980645 },
        "nom_enseigne": "LA RESERVE 1862",
        "identifiant": "001190",
        "url_plan": "https:\/\/sig.strasbourg.eu\/datastrasbourg\/occupation_domaine_public\/terrasse\/2025\/plans\/000083.pdf",
        "superficie_autorisee": 14,
        "url_autorisation": "https:\/\/sig.strasbourg.eu\/datastrasbourg\/occupation_domaine_public\/terrasse\/2025\/autorisations\/A000083.pdf",
        "ville": "STRASBOURG",
        "adresse_etablissement": "25 RUE DES TONNELIERS"
      }
    },
    {
      "type": "Feature",
      "geometry": {
        "coordinates": [
          [
            [
              [7.7492588336, 48.5800783403],
              [7.749264331, 48.5800721776],
              [7.7492828894, 48.5800795812],
              [7.7492772021, 48.5800857426],
              [7.7492588336, 48.5800783403]
            ]
          ],
          [
            [
              [7.7492367678, 48.5801025884],
              [7.7492527109, 48.5800850562],
              [7.7492711685, 48.5800924137],
              [7.7492553414, 48.5801100094],
              [7.7492367678, 48.5801025884]
            ]
          ]
        ],
        "type": "MultiPolygon"
      },
      "properties": {
        "geo_point_2d": { "lon": 7.749258361205881, "lat": 48.58009270803147 },
        "nom_enseigne": "AU PETIT TONNELIER",
        "identifiant": "001172",
        "url_plan": "https:\/\/sig.strasbourg.eu\/datastrasbourg\/occupation_domaine_public\/terrasse\/2025\/plans\/000086.pdf",
        "superficie_autorisee": 5,
        "url_autorisation": "https:\/\/sig.strasbourg.eu\/datastrasbourg\/occupation_domaine_public\/terrasse\/2025\/autorisations\/A000086.pdf",
        "ville": "STRASBOURG",
        "adresse_etablissement": "16 RUE DES TONNELIERS"
      }
    },
    {
      "type": "Feature",
      "geometry": {
        "coordinates": [
          [
            [7.7460690925, 48.5831103894],
            [7.7460575425, 48.5831409305],
            [7.7459910145, 48.5831285259],
            [7.7460038491, 48.5830982243],
            [7.7460690925, 48.5831103894]
          ]
        ],
        "type": "Polygon"
      },
      "properties": {
        "geo_point_2d": { "lon": 7.746030354836479, "lat": 48.583119566952085 },
        "nom_enseigne": "BRETZEL BURGARD",
        "identifiant": "001719",
        "url_plan": "https:\/\/sig.strasbourg.eu\/datastrasbourg\/occupation_domaine_public\/terrasse\/2025\/plans\/000110.pdf",
        "superficie_autorisee": 18,
        "url_autorisation": "https:\/\/sig.strasbourg.eu\/datastrasbourg\/occupation_domaine_public\/terrasse\/2025\/autorisations\/A000110.pdf",
        "ville": "STRASBOURG",
        "adresse_etablissement": "7 PCE KLEBER"
      }
    },
    {
      "type": "Feature",
      "geometry": {
        "coordinates": [
          [
            [7.7430311052, 48.584079973],
            [7.7431695272, 48.5841108334],
            [7.7432270272, 48.5841203586],
            [7.7432168357, 48.5841464717],
            [7.7430182845, 48.5841063772],
            [7.7430311052, 48.584079973]
          ]
        ],
        "type": "Polygon"
      },
      "properties": {
        "geo_point_2d": { "lon": 7.743121995842965, "lat": 48.58411362371781 },
        "nom_enseigne": "LE GRAND SHANGHAI",
        "identifiant": "001246",
        "url_plan": "https:\/\/sig.strasbourg.eu\/datastrasbourg\/occupation_domaine_public\/terrasse\/2025\/plans\/000117.pdf",
        "superficie_autorisee": 44,
        "url_autorisation": "https:\/\/sig.strasbourg.eu\/datastrasbourg\/occupation_domaine_public\/terrasse\/2025\/autorisations\/A000117.pdf",
        "ville": "STRASBOURG",
        "adresse_etablissement": "40 -42 RUE DU VIEUX MARCHE AUX VINS"
      }
    },
    {
      "type": "Feature",
      "geometry": {
        "coordinates": [
          [
            [7.7425241033, 48.5839664341],
            [7.7425755628, 48.5839777471],
            [7.742564729, 48.5839990291],
            [7.742492118, 48.5839828152],
            [7.7425029353, 48.5839614966],
            [7.7425241033, 48.5839664341]
          ]
        ],
        "type": "Polygon"
      },
      "properties": {
        "geo_point_2d": { "lon": 7.74253382668501, "lat": 48.58398031921694 },
        "nom_enseigne": "SNACK EPHESE",
        "identifiant": "001191",
        "url_plan": "https:\/\/sig.strasbourg.eu\/datastrasbourg\/occupation_domaine_public\/terrasse\/2025\/plans\/000121.pdf",
        "superficie_autorisee": 14,
        "url_autorisation": "https:\/\/sig.strasbourg.eu\/datastrasbourg\/occupation_domaine_public\/terrasse\/2025\/autorisations\/A000121.pdf",
        "ville": "STRASBOURG",
        "adresse_etablissement": "26 RUE DU VIEUX MARCHE AUX VINS"
      }
    },
    {
      "type": "Feature",
      "geometry": {
        "coordinates": [
          [
            [
              [7.7417244825, 48.5839676788],
              [7.7417253828, 48.5839532926],
              [7.7418087662, 48.5839545381],
              [7.741807779, 48.5839688976],
              [7.7417244825, 48.5839676788]
            ]
          ],
          [
            [
              [7.7417246865, 48.5839864005],
              [7.7418079682, 48.5839875295],
              [7.7418070627, 48.5840001092],
              [7.7418022376, 48.5839999356],
              [7.7418022341, 48.5840012982],
              [7.7417734106, 48.5840010703],
              [7.741773464, 48.5839999643],
              [7.74172419, 48.5839989765],
              [7.7417246865, 48.5839864005]
            ]
          ]
        ],
        "type": "MultiPolygon"
      },
      "properties": {
        "geo_point_2d": { "lon": 7.741766628613134, "lat": 48.58397656451744 },
        "nom_enseigne": "PATISSERIE MICHEL",
        "identifiant": "000734",
        "url_plan": "https:\/\/sig.strasbourg.eu\/datastrasbourg\/occupation_domaine_public\/terrasse\/2025\/plans\/000122.pdf",
        "superficie_autorisee": 19,
        "url_autorisation": "https:\/\/sig.strasbourg.eu\/datastrasbourg\/occupation_domaine_public\/terrasse\/2025\/autorisations\/A000122.pdf",
        "ville": "STRASBOURG",
        "adresse_etablissement": "23 RUE DU VIEUX MARCHE AUX VINS"
      }
    },
    {
      "type": "Feature",
      "geometry": {
        "coordinates": [
          [
            [
              [7.7411650743, 48.5839081655],
              [7.7411068471, 48.5838852351],
              [7.7411549536, 48.5838292348],
              [7.7412318366, 48.5838510143],
              [7.7411933419, 48.5838941985],
              [7.7411650743, 48.5839081655]
            ]
          ],
          [
            [
              [7.7411587443, 48.5839309479],
              [7.7411307232, 48.5839695591],
              [7.741118682, 48.5839659395],
              [7.7411465414, 48.5839270333],
              [7.7411587443, 48.5839309479]
            ]
          ],
          [
            [
              [7.7410875084, 48.5840303973],
              [7.741064432, 48.5840629483],
              [7.7410521666, 48.5840591206],
              [7.741075863, 48.5840260659],
              [7.7410875084, 48.5840303973]
            ]
          ]
        ],
        "type": "MultiPolygon"
      },
      "properties": {
        "geo_point_2d": { "lon": 7.741158127873889, "lat": 48.58388893651836 },
        "nom_enseigne": "MANOLYA KEBAB",
        "identifiant": "001384",
        "url_plan": "https:\/\/sig.strasbourg.eu\/datastrasbourg\/occupation_domaine_public\/terrasse\/2025\/plans\/000126.pdf",
        "superficie_autorisee": 53,
        "url_autorisation": "https:\/\/sig.strasbourg.eu\/datastrasbourg\/occupation_domaine_public\/terrasse\/2025\/autorisations\/A000126.pdf",
        "ville": "STRASBOURG",
        "adresse_etablissement": "2 PTE RUE D VIEUX MARCHE A. VINS"
      }
    },
    {
      "type": "Feature",
      "geometry": {
        "coordinates": [
          [
            [7.7422434994, 48.5835487728],
            [7.7422444685, 48.5835489751],
            [7.7422446294, 48.5835490808],
            [7.7423487034, 48.5835774492],
            [7.7423395681, 48.583592996],
            [7.7422935178, 48.5835811784],
            [7.7422909281, 48.5835860807],
            [7.7422315183, 48.5835694043],
            [7.7422434994, 48.5835487728]
          ]
        ],
        "type": "Polygon"
      },
      "properties": {
        "geo_point_2d": { "lon": 7.742287142566311, "lat": 48.583571680389035 },
        "nom_enseigne": "LE SULKY",
        "identifiant": "000888",
        "url_plan": "https:\/\/sig.strasbourg.eu\/datastrasbourg\/occupation_domaine_public\/terrasse\/2025\/plans\/000133.pdf",
        "superficie_autorisee": 19,
        "url_autorisation": "https:\/\/sig.strasbourg.eu\/datastrasbourg\/occupation_domaine_public\/terrasse\/2025\/autorisations\/A000133.pdf",
        "ville": "STRASBOURG",
        "adresse_etablissement": "36 RUE DU JEU DES ENFANTS"
      }
    },
    {
      "type": "Feature",
      "geometry": {
        "coordinates": [
          [
            [7.7490760066, 48.5774938208],
            [7.7490623332, 48.5774665032],
            [7.7491087388, 48.5774566571],
            [7.7491224301, 48.5774838749],
            [7.7490993981, 48.5774888089],
            [7.7491093927, 48.5775104386],
            [7.7490868347, 48.5775155064],
            [7.7490760066, 48.5774938208]
          ]
        ],
        "type": "Polygon"
      },
      "properties": {
        "geo_point_2d": { "lon": 7.749092505898742, "lat": 48.57748279511774 },
        "nom_enseigne": "LE PETIT CAFE",
        "identifiant": "001538",
        "url_plan": "https:\/\/sig.strasbourg.eu\/datastrasbourg\/occupation_domaine_public\/terrasse\/2025\/plans\/000138.pdf",
        "superficie_autorisee": 16,
        "url_autorisation": "https:\/\/sig.strasbourg.eu\/datastrasbourg\/occupation_domaine_public\/terrasse\/2025\/autorisations\/A000138.pdf",
        "ville": "STRASBOURG",
        "adresse_etablissement": "4 PCE DE L'HOPITAL"
      }
    },
    {
      "type": "Feature",
      "geometry": {
        "coordinates": [
          [
            [7.7493376966, 48.577506744],
            [7.7493482381, 48.577532649],
            [7.7491664203, 48.5775653457],
            [7.7491558249, 48.5775392987],
            [7.7493376966, 48.577506744]
          ]
        ],
        "type": "Polygon"
      },
      "properties": {
        "geo_point_2d": { "lon": 7.749251962531169, "lat": 48.577536024187786 },
        "nom_enseigne": "AU CERF D'OR",
        "identifiant": "000153",
        "url_plan": "https:\/\/sig.strasbourg.eu\/datastrasbourg\/occupation_domaine_public\/terrasse\/2025\/plans\/000143.pdf",
        "superficie_autorisee": 42,
        "url_autorisation": "https:\/\/sig.strasbourg.eu\/datastrasbourg\/occupation_domaine_public\/terrasse\/2025\/autorisations\/A000143.pdf",
        "ville": "STRASBOURG",
        "adresse_etablissement": "20 RUE D'OR"
      }
    },
    {
      "type": "Feature",
      "geometry": {
        "coordinates": [
          [
            [7.7508774277, 48.5783338853],
            [7.7509014021, 48.5783681422],
            [7.7508816655, 48.5783742032],
            [7.7508577436, 48.578339926],
            [7.7508774277, 48.5783338853]
          ]
        ],
        "type": "Polygon"
      },
      "properties": {
        "geo_point_2d": { "lon": 7.750879565119265, "lat": 48.578354047180476 },
        "nom_enseigne": "L'ABSINTHE",
        "identifiant": "000144",
        "url_plan": "https:\/\/sig.strasbourg.eu\/datastrasbourg\/occupation_domaine_public\/terrasse\/2025\/plans\/000149.pdf",
        "superficie_autorisee": 7,
        "url_autorisation": "https:\/\/sig.strasbourg.eu\/datastrasbourg\/occupation_domaine_public\/terrasse\/2025\/autorisations\/A000149.pdf",
        "ville": "STRASBOURG",
        "adresse_etablissement": "22 RUE DES BOUCHERS"
      }
    },
    {
      "type": "Feature",
      "geometry": {
        "coordinates": [
          [
            [7.7512745917, 48.5802595788],
            [7.7513680618, 48.5802964233],
            [7.7513152255, 48.5803465113],
            [7.7512263962, 48.580305251],
            [7.7512745917, 48.5802595788]
          ]
        ],
        "type": "Polygon"
      },
      "properties": {
        "geo_point_2d": { "lon": 7.751296767910433, "lat": 48.58030224142045 },
        "nom_enseigne": "CAFE ROHAN",
        "identifiant": "000898",
        "url_plan": "https:\/\/sig.strasbourg.eu\/datastrasbourg\/occupation_domaine_public\/terrasse\/2025\/plans\/000156.pdf",
        "superficie_autorisee": 52,
        "url_autorisation": "https:\/\/sig.strasbourg.eu\/datastrasbourg\/occupation_domaine_public\/terrasse\/2025\/autorisations\/A000156.pdf",
        "ville": "STRASBOURG",
        "adresse_etablissement": "10 PCE DU MARCHE AUX COCHONS DE LAIT"
      }
    },
    {
      "type": "Feature",
      "geometry": {
        "coordinates": [
          [
            [7.7518219103, 48.5803082943],
            [7.7519344443, 48.5803584046],
            [7.7518551415, 48.5804368051],
            [7.7517426209, 48.5803866942],
            [7.7518219103, 48.5803082943]
          ]
        ],
        "type": "Polygon"
      },
      "properties": {
        "geo_point_2d": { "lon": 7.751838530309535, "lat": 48.58037254927906 },
        "nom_enseigne": "LA TERRASSE DES ROHAN",
        "identifiant": "000016",
        "url_plan": "https:\/\/sig.strasbourg.eu\/datastrasbourg\/occupation_domaine_public\/terrasse\/2025\/plans\/000158.pdf",
        "superficie_autorisee": 105,
        "url_autorisation": "https:\/\/sig.strasbourg.eu\/datastrasbourg\/occupation_domaine_public\/terrasse\/2025\/autorisations\/A000158.pdf",
        "ville": "STRASBOURG",
        "adresse_etablissement": "2 PCE DU MARCHE AUX POISSONS"
      }
    },
    {
      "type": "Feature",
      "geometry": {
        "coordinates": [
          [
            [7.7508292754, 48.580580357],
            [7.7508112406, 48.5806005885],
            [7.7507706968, 48.580583353],
            [7.7508214209, 48.5805320092],
            [7.7508474919, 48.5805433486],
            [7.7508367021, 48.5805542635],
            [7.7508292754, 48.580580357]
          ]
        ],
        "type": "Polygon"
      },
      "properties": {
        "geo_point_2d": { "lon": 7.7508111640789386, "lat": 48.58056754369521 },
        "nom_enseigne": "AU VIEUX STRASBOURG",
        "identifiant": "000095",
        "url_plan": "https:\/\/sig.strasbourg.eu\/datastrasbourg\/occupation_domaine_public\/terrasse\/2025\/plans\/000159.pdf",
        "superficie_autorisee": 20,
        "url_autorisation": "https:\/\/sig.strasbourg.eu\/datastrasbourg\/occupation_domaine_public\/terrasse\/2025\/autorisations\/A000159.pdf",
        "ville": "STRASBOURG",
        "adresse_etablissement": "5 RUE DU MAROQUIN"
      }
    },
    {
      "type": "Feature",
      "geometry": {
        "coordinates": [
          [
            [7.7556076966, 48.5826184266],
            [7.7556261432, 48.5826314652],
            [7.7556674293, 48.5826172042],
            [7.7556861686, 48.5826316364],
            [7.7555489201, 48.5826920691],
            [7.7555443592, 48.5826932562],
            [7.7555385759, 48.5826934211],
            [7.7555338591, 48.5826924971],
            [7.7555298645, 48.5826907236],
            [7.7555073394, 48.5826707792],
            [7.7556076966, 48.5826184266]
          ]
        ],
        "type": "Polygon"
      },
      "properties": {
        "geo_point_2d": { "lon": 7.755590346903696, "lat": 48.58265349871135 },
        "nom_enseigne": "O'NEIL AU BRASSEUR",
        "identifiant": "000085",
        "url_plan": "https:\/\/sig.strasbourg.eu\/datastrasbourg\/occupation_domaine_public\/terrasse\/2025\/plans\/000160.pdf",
        "superficie_autorisee": 47,
        "url_autorisation": "https:\/\/sig.strasbourg.eu\/datastrasbourg\/occupation_domaine_public\/terrasse\/2025\/autorisations\/A000160.pdf",
        "ville": "STRASBOURG",
        "adresse_etablissement": "22 RUE DES VEAUX"
      }
    },
    {
      "type": "Feature",
      "geometry": {
        "coordinates": [
          [
            [
              [7.7501926616, 48.5807515624],
              [7.7502544483, 48.5807825073],
              [7.7502248672, 48.5808083961],
              [7.7502248841, 48.5808084044],
              [7.7501622999, 48.5808637209],
              [7.7500691014, 48.5808178605],
              [7.7501329984, 48.580762839],
              [7.7501632069, 48.5807778192],
              [7.7501926616, 48.5807515624]
            ]
          ],
          [
            [
              [7.7504922782, 48.5808802261],
              [7.7505453771, 48.5809001271],
              [7.7504678425, 48.5809876445],
              [7.7504170641, 48.5809686034],
              [7.7504922782, 48.5808802261]
            ]
          ]
        ],
        "type": "MultiPolygon"
      },
      "properties": {
        "geo_point_2d": { "lon": 7.750278527464803, "lat": 48.58085226433363 },
        "nom_enseigne": "HOTEL DE ROHAN",
        "identifiant": "000346",
        "url_plan": "https:\/\/sig.strasbourg.eu\/datastrasbourg\/occupation_domaine_public\/terrasse\/2025\/plans\/000164.pdf",
        "superficie_autorisee": 136,
        "url_autorisation": "https:\/\/sig.strasbourg.eu\/datastrasbourg\/occupation_domaine_public\/terrasse\/2025\/autorisations\/A000164.pdf",
        "ville": "STRASBOURG",
        "adresse_etablissement": "17 -19 RUE DU MAROQUIN"
      }
    },
    {
      "type": "Feature",
      "geometry": {
        "coordinates": [
          [
            [7.7543698296, 48.5824616161],
            [7.7543981106, 48.5824257609],
            [7.7544281058, 48.5824362197],
            [7.7543997319, 48.5824720426],
            [7.7543698296, 48.5824616161]
          ]
        ],
        "type": "Polygon"
      },
      "properties": {
        "geo_point_2d": { "lon": 7.754398951798099, "lat": 48.5824489005682 },
        "nom_enseigne": "SALAMBO AMILKAR",
        "identifiant": "001248",
        "url_plan": "https:\/\/sig.strasbourg.eu\/datastrasbourg\/occupation_domaine_public\/terrasse\/2025\/plans\/000165.pdf",
        "superficie_autorisee": 11,
        "url_autorisation": "https:\/\/sig.strasbourg.eu\/datastrasbourg\/occupation_domaine_public\/terrasse\/2025\/autorisations\/A000165.pdf",
        "ville": "STRASBOURG",
        "adresse_etablissement": "2 RUE DE LA CROIX"
      }
    },
    {
      "type": "Feature",
      "geometry": {
        "coordinates": [
          [
            [7.7506343624, 48.5822732817],
            [7.7505803559, 48.5822461197],
            [7.750627576, 48.5822021997],
            [7.7506815816, 48.5822293528],
            [7.7506343624, 48.5822732817]
          ]
        ],
        "type": "Polygon"
      },
      "properties": {
        "geo_point_2d": { "lon": 7.750630969041747, "lat": 48.58223773921803 },
        "nom_enseigne": "IN VINO VERITAS",
        "identifiant": "000513",
        "url_plan": "https:\/\/sig.strasbourg.eu\/datastrasbourg\/occupation_domaine_public\/terrasse\/2025\/plans\/000177.pdf",
        "superficie_autorisee": 30,
        "url_autorisation": "https:\/\/sig.strasbourg.eu\/datastrasbourg\/occupation_domaine_public\/terrasse\/2025\/autorisations\/A000177.pdf",
        "ville": "STRASBOURG",
        "adresse_etablissement": "25 PCE DE LA CATHEDRALE"
      }
    },
    {
      "type": "Feature",
      "geometry": {
        "coordinates": [
          [
            [7.7505249587, 48.5825646742],
            [7.750548179, 48.5825414418],
            [7.7506098687, 48.5825663792],
            [7.7505880401, 48.5825902665],
            [7.7505249587, 48.5825646742]
          ]
        ],
        "type": "Polygon"
      },
      "properties": {
        "geo_point_2d": { "lon": 7.7505677323807625, "lat": 48.58256574208398 },
        "nom_enseigne": "CAFES HENRI",
        "identifiant": "001561",
        "url_plan": "https:\/\/sig.strasbourg.eu\/datastrasbourg\/occupation_domaine_public\/terrasse\/2025\/plans\/000180.pdf",
        "superficie_autorisee": 17,
        "url_autorisation": "https:\/\/sig.strasbourg.eu\/datastrasbourg\/occupation_domaine_public\/terrasse\/2025\/autorisations\/A000180.pdf",
        "ville": "STRASBOURG",
        "adresse_etablissement": "31 RUE DES HALLEBARDES"
      }
    },
    {
      "type": "Feature",
      "geometry": {
        "coordinates": [
          [
            [7.7576731735, 48.5761453088],
            [7.7576928135, 48.5761576223],
            [7.7576304527, 48.5762014097],
            [7.7576107552, 48.5761890625],
            [7.7576731735, 48.5761453088]
          ]
        ],
        "type": "Polygon"
      },
      "properties": {
        "geo_point_2d": { "lon": 7.757651783946312, "lat": 48.57617336113161 },
        "nom_enseigne": "ILE DE L'OISEAU",
        "identifiant": "000657",
        "url_plan": "https:\/\/sig.strasbourg.eu\/datastrasbourg\/occupation_domaine_public\/terrasse\/2025\/plans\/000182.pdf",
        "superficie_autorisee": 13,
        "url_autorisation": "https:\/\/sig.strasbourg.eu\/datastrasbourg\/occupation_domaine_public\/terrasse\/2025\/autorisations\/A000182.pdf",
        "ville": "STRASBOURG",
        "adresse_etablissement": "1 RUE DE NEUCHATEL"
      }
    },
    {
      "type": "Feature",
      "geometry": {
        "coordinates": [
          [
            [7.7588184258, 48.5787938236],
            [7.7588623714, 48.5787492593],
            [7.7588882916, 48.5787607564],
            [7.7588670081, 48.5788038508],
            [7.7588592519, 48.5788115482],
            [7.7588184258, 48.5787938236]
          ]
        ],
        "type": "Polygon"
      },
      "properties": {
        "geo_point_2d": { "lon": 7.758856338303425, "lat": 48.57878103720622 },
        "nom_enseigne": "MARCHE BAR",
        "identifiant": "000780",
        "url_plan": "https:\/\/sig.strasbourg.eu\/datastrasbourg\/occupation_domaine_public\/terrasse\/2025\/plans\/000189.pdf",
        "superficie_autorisee": 18,
        "url_autorisation": "https:\/\/sig.strasbourg.eu\/datastrasbourg\/occupation_domaine_public\/terrasse\/2025\/autorisations\/A000189.pdf",
        "ville": "STRASBOURG",
        "adresse_etablissement": "62 RUE DE ZURICH"
      }
    },
    {
      "type": "Feature",
      "geometry": {
        "coordinates": [
          [
            [7.7565460503, 48.5803532624],
            [7.7565453525, 48.5803644365],
            [7.7565485343, 48.5803647746],
            [7.7565473508, 48.5803802124],
            [7.7565445092, 48.5803803199],
            [7.7565436758, 48.5803925177],
            [7.7565467912, 48.5803925792],
            [7.7565450237, 48.5804147265],
            [7.7565303096, 48.580414503],
            [7.7565358206, 48.5803530203],
            [7.7565460503, 48.5803532624]
          ]
        ],
        "type": "Polygon"
      },
      "properties": {
        "geo_point_2d": { "lon": 7.756539517110479, "lat": 48.580385459201416 },
        "nom_enseigne": "OENOSPHERE",
        "identifiant": "001576",
        "url_plan": "https:\/\/sig.strasbourg.eu\/datastrasbourg\/occupation_domaine_public\/terrasse\/2025\/plans\/000198.pdf",
        "superficie_autorisee": 7,
        "url_autorisation": "https:\/\/sig.strasbourg.eu\/datastrasbourg\/occupation_domaine_public\/terrasse\/2025\/autorisations\/A000198.pdf",
        "ville": "STRASBOURG",
        "adresse_etablissement": "33 RUE DE ZURICH"
      }
    },
    {
      "type": "Feature",
      "geometry": {
        "coordinates": [
          [
            [7.7425503718, 48.5815202935],
            [7.7426251997, 48.5815795939],
            [7.7425940132, 48.5815969153],
            [7.7425191981, 48.5815376053],
            [7.7425503718, 48.5815202935]
          ]
        ],
        "type": "Polygon"
      },
      "properties": {
        "geo_point_2d": { "lon": 7.742572198565017, "lat": 48.58155860435738 },
        "nom_enseigne": "LE GOLDEN GATE",
        "identifiant": "001486",
        "url_plan": "https:\/\/sig.strasbourg.eu\/datastrasbourg\/occupation_domaine_public\/terrasse\/2025\/plans\/000215.pdf",
        "superficie_autorisee": 26,
        "url_autorisation": "https:\/\/sig.strasbourg.eu\/datastrasbourg\/occupation_domaine_public\/terrasse\/2025\/autorisations\/A000215.pdf",
        "ville": "STRASBOURG",
        "adresse_etablissement": "63 RUE DU FOSSE DES TANNEURS"
      }
    },
    {
      "type": "Feature",
      "geometry": {
        "coordinates": [
          [
            [7.7432229141, 48.580906056],
            [7.7432738058, 48.5809044036],
            [7.7432804484, 48.5809840018],
            [7.7432570725, 48.5809915667],
            [7.7432267991, 48.5809505168],
            [7.7432229141, 48.580906056]
          ]
        ],
        "type": "Polygon"
      },
      "properties": {
        "geo_point_2d": { "lon": 7.743253669897893, "lat": 48.58094305360081 },
        "nom_enseigne": "L'EVEIL DES SENS",
        "identifiant": "000371",
        "url_plan": "https:\/\/sig.strasbourg.eu\/datastrasbourg\/occupation_domaine_public\/terrasse\/2025\/plans\/000219.pdf",
        "superficie_autorisee": 31,
        "url_autorisation": "https:\/\/sig.strasbourg.eu\/datastrasbourg\/occupation_domaine_public\/terrasse\/2025\/autorisations\/A000219.pdf",
        "ville": "STRASBOURG",
        "adresse_etablissement": "2 RUE ESCARPEE"
      }
    },
    {
      "type": "Feature",
      "geometry": {
        "coordinates": [
          [
            [7.7510281484, 48.579135974],
            [7.7510662636, 48.5791548033],
            [7.7509321967, 48.5792753961],
            [7.7508933466, 48.5792559661],
            [7.7508988681, 48.579251027],
            [7.7508983918, 48.5792506418],
            [7.7509968103, 48.5791628637],
            [7.7509983988, 48.5791635915],
            [7.75100418, 48.5791584444],
            [7.751003483, 48.5791581035],
            [7.7510281484, 48.579135974]
          ]
        ],
        "type": "Polygon"
      },
      "properties": {
        "geo_point_2d": { "lon": 7.750979323426228, "lat": 48.57920582713397 },
        "nom_enseigne": "RAVEN CAFE",
        "identifiant": "000127",
        "url_plan": "https:\/\/sig.strasbourg.eu\/datastrasbourg\/occupation_domaine_public\/terrasse\/2025\/plans\/000240.pdf",
        "superficie_autorisee": 60,
        "url_autorisation": "https:\/\/sig.strasbourg.eu\/datastrasbourg\/occupation_domaine_public\/terrasse\/2025\/autorisations\/A000240.pdf",
        "ville": "STRASBOURG",
        "adresse_etablissement": "5 PCE DU CORBEAU"
      }
    },
    {
      "type": "Feature",
      "geometry": {
        "coordinates": [
          [
            [7.751687844, 48.5795452859],
            [7.7516892009, 48.5795460053],
            [7.7517187344, 48.5795665824],
            [7.7517184543, 48.579566783],
            [7.7517590332, 48.5795953053],
            [7.7517603318, 48.5795945223],
            [7.7517632055, 48.5795966571],
            [7.7517616725, 48.5795975488],
            [7.7517646812, 48.5795998223],
            [7.7517304924, 48.5796219362],
            [7.751633836, 48.5795676977],
            [7.751687844, 48.5795452859]
          ]
        ],
        "type": "Polygon"
      },
      "properties": {
        "geo_point_2d": { "lon": 7.75170224057381, "lat": 48.579582660799105 },
        "nom_enseigne": "LES TROIS CHEVALIERS",
        "identifiant": "000207",
        "url_plan": "https:\/\/sig.strasbourg.eu\/datastrasbourg\/occupation_domaine_public\/terrasse\/2025\/plans\/000241.pdf",
        "superficie_autorisee": 36,
        "url_autorisation": "https:\/\/sig.strasbourg.eu\/datastrasbourg\/occupation_domaine_public\/terrasse\/2025\/autorisations\/A000241.pdf",
        "ville": "STRASBOURG",
        "adresse_etablissement": "3 QUAI DES BATELIERS"
      }
    },
    {
      "type": "Feature",
      "geometry": {
        "coordinates": [
          [
            [7.7437000094, 48.5824770866],
            [7.7436760784, 48.5824855977],
            [7.7436421791, 48.5824435757],
            [7.743666071, 48.5824350784],
            [7.7437000094, 48.5824770866]
          ]
        ],
        "type": "Polygon"
      },
      "properties": {
        "geo_point_2d": { "lon": 7.743671089093054, "lat": 48.582460340314114 },
        "nom_enseigne": "ATELIER DU PIDE",
        "identifiant": "011485",
        "url_plan": "https:\/\/sig.strasbourg.eu\/datastrasbourg\/occupation_domaine_public\/terrasse\/2025\/plans\/000242.pdf",
        "superficie_autorisee": 11,
        "url_autorisation": "https:\/\/sig.strasbourg.eu\/datastrasbourg\/occupation_domaine_public\/terrasse\/2025\/autorisations\/A000242.pdf",
        "ville": "STRASBOURG",
        "adresse_etablissement": "5 RUE DES DRAPIERS"
      }
    },
    {
      "type": "Feature",
      "geometry": {
        "coordinates": [
          [
            [7.7428334577, 48.5790891171],
            [7.7428647695, 48.5790984692],
            [7.7428491455, 48.5791375806],
            [7.7427704227, 48.579099478],
            [7.7427808475, 48.5790734004],
            [7.7428334577, 48.5790891171]
          ]
        ],
        "type": "Polygon"
      },
      "properties": {
        "geo_point_2d": { "lon": 7.742819005362162, "lat": 48.57910328487158 },
        "nom_enseigne": "GRAINES DE LOTUS",
        "identifiant": "000907",
        "url_plan": "https:\/\/sig.strasbourg.eu\/datastrasbourg\/occupation_domaine_public\/terrasse\/2025\/plans\/000260.pdf",
        "superficie_autorisee": 25,
        "url_autorisation": "https:\/\/sig.strasbourg.eu\/datastrasbourg\/occupation_domaine_public\/terrasse\/2025\/autorisations\/A000260.pdf",
        "ville": "STRASBOURG",
        "adresse_etablissement": "45 RUE FINKWILLER"
      }
    },
    {
      "type": "Feature",
      "geometry": {
        "coordinates": [
          [
            [
              [7.7414410808, 48.5771296536],
              [7.7415801564, 48.5770782269],
              [7.7415907525, 48.577088669],
              [7.741455843, 48.5771448991],
              [7.7414410808, 48.5771296536]
            ]
          ],
          [
            [
              [7.7416147097, 48.5771102332],
              [7.7414794029, 48.5771706692],
              [7.7414741113, 48.5771654433],
              [7.7416094188, 48.5771050164],
              [7.7416147097, 48.5771102332]
            ]
          ]
        ],
        "type": "MultiPolygon"
      },
      "properties": {
        "geo_point_2d": { "lon": 7.741522175286505, "lat": 48.57711963816879 },
        "nom_enseigne": "BRASSERIE DES GLACIERES",
        "identifiant": "000010",
        "url_plan": "https:\/\/sig.strasbourg.eu\/datastrasbourg\/occupation_domaine_public\/terrasse\/2025\/plans\/000266.pdf",
        "superficie_autorisee": 28,
        "url_autorisation": "https:\/\/sig.strasbourg.eu\/datastrasbourg\/occupation_domaine_public\/terrasse\/2025\/autorisations\/A000266.pdf",
        "ville": "STRASBOURG",
        "adresse_etablissement": "6 RUE KIRSCHLEGER"
      }
    },
    {
      "type": "Feature",
      "geometry": {
        "coordinates": [
          [
            [7.7548873361, 48.5788843465],
            [7.7548946726, 48.578890371],
            [7.7547978585, 48.5789426412],
            [7.7547901469, 48.5789363798],
            [7.7548873361, 48.5788843465]
          ]
        ],
        "type": "Polygon"
      },
      "properties": {
        "geo_point_2d": { "lon": 7.754842155226336, "lat": 48.57891362143526 },
        "nom_enseigne": "AU POTIRON",
        "identifiant": "000553",
        "url_plan": "https:\/\/sig.strasbourg.eu\/datastrasbourg\/occupation_domaine_public\/terrasse\/2025\/plans\/000270.pdf",
        "superficie_autorisee": 8,
        "url_autorisation": "https:\/\/sig.strasbourg.eu\/datastrasbourg\/occupation_domaine_public\/terrasse\/2025\/autorisations\/A000270.pdf",
        "ville": "STRASBOURG",
        "adresse_etablissement": "24 RUE SAINTE-MADELEINE"
      }
    },
    {
      "type": "Feature",
      "geometry": {
        "coordinates": [
          [
            [7.7547622626, 48.5786310611],
            [7.7548493876, 48.5787031762],
            [7.7548340688, 48.5787105975],
            [7.7547513541, 48.5786364096],
            [7.7547622626, 48.5786310611]
          ]
        ],
        "type": "Polygon"
      },
      "properties": {
        "geo_point_2d": { "lon": 7.754801619132749, "lat": 48.57867233521243 },
        "nom_enseigne": "SHAHI MAHAL",
        "identifiant": "000114",
        "url_plan": "https:\/\/sig.strasbourg.eu\/datastrasbourg\/occupation_domaine_public\/terrasse\/2025\/plans\/000273.pdf",
        "superficie_autorisee": 12,
        "url_autorisation": "https:\/\/sig.strasbourg.eu\/datastrasbourg\/occupation_domaine_public\/terrasse\/2025\/autorisations\/A000273.pdf",
        "ville": "STRASBOURG",
        "adresse_etablissement": "9 RUE DES ORPHELINS"
      }
    },
    {
      "type": "Feature",
      "geometry": {
        "coordinates": [
          [
            [7.7573274148, 48.5794178857],
            [7.7573697756, 48.5794093644],
            [7.7573792746, 48.5794300047],
            [7.7573505888, 48.5794414522],
            [7.7573078832, 48.579453853],
            [7.7572952608, 48.5794253881],
            [7.7572943127, 48.5794245885],
            [7.7573274148, 48.5794178857]
          ]
        ],
        "type": "Polygon"
      },
      "properties": {
        "geo_point_2d": { "lon": 7.757336155890152, "lat": 48.57943036030578 },
        "nom_enseigne": "ACEROLA",
        "identifiant": "000762",
        "url_plan": "https:\/\/sig.strasbourg.eu\/datastrasbourg\/occupation_domaine_public\/terrasse\/2025\/plans\/000283.pdf",
        "superficie_autorisee": 17,
        "url_autorisation": "https:\/\/sig.strasbourg.eu\/datastrasbourg\/occupation_domaine_public\/terrasse\/2025\/autorisations\/A000283.pdf",
        "ville": "STRASBOURG",
        "adresse_etablissement": "8 RUE DU RENARD-PRECHANT"
      }
    },
    {
      "type": "Feature",
      "geometry": {
        "coordinates": [
          [
            [7.7529421282, 48.580199653],
            [7.7530201544, 48.5802350217],
            [7.7530024674, 48.5802542369],
            [7.7529224807, 48.5802179749],
            [7.7529421282, 48.580199653]
          ]
        ],
        "type": "Polygon"
      },
      "properties": {
        "geo_point_2d": { "lon": 7.752971770115112, "lat": 48.580226760997895 },
        "nom_enseigne": "MAHARAJA",
        "identifiant": "000876",
        "url_plan": "https:\/\/sig.strasbourg.eu\/datastrasbourg\/occupation_domaine_public\/terrasse\/2025\/plans\/000284.pdf",
        "superficie_autorisee": 18,
        "url_autorisation": "https:\/\/sig.strasbourg.eu\/datastrasbourg\/occupation_domaine_public\/terrasse\/2025\/autorisations\/A000284.pdf",
        "ville": "STRASBOURG",
        "adresse_etablissement": "15 QUAI DES BATELIERS"
      }
    },
    {
      "type": "Feature",
      "geometry": {
        "coordinates": [
          [
            [7.7462067412, 48.5799095335],
            [7.7461833549, 48.579995237],
            [7.7461432178, 48.579990924],
            [7.7461666855, 48.5799048972],
            [7.7462067412, 48.5799095335]
          ]
        ],
        "type": "Polygon"
      },
      "properties": {
        "geo_point_2d": { "lon": 7.746174987619409, "lat": 48.579950145345265 },
        "nom_enseigne": "TRATTORIA DA GIOVANNI",
        "identifiant": "000317",
        "url_plan": "https:\/\/sig.strasbourg.eu\/datastrasbourg\/occupation_domaine_public\/terrasse\/2025\/plans\/000301.pdf",
        "superficie_autorisee": 29,
        "url_autorisation": "https:\/\/sig.strasbourg.eu\/datastrasbourg\/occupation_domaine_public\/terrasse\/2025\/autorisations\/A000301.pdf",
        "ville": "STRASBOURG",
        "adresse_etablissement": "1 PCE SAINT-THOMAS"
      }
    },
    {
      "type": "Feature",
      "geometry": {
        "coordinates": [
          [
            [7.7447772265, 48.5798919452],
            [7.7448989469, 48.579863797],
            [7.744935561, 48.5799307785],
            [7.7448139635, 48.5799599465],
            [7.7447772265, 48.5798919452]
          ]
        ],
        "type": "Polygon"
      },
      "properties": {
        "geo_point_2d": { "lon": 7.744856294418872, "lat": 48.57991166737373 },
        "nom_enseigne": "LE MONCEAU",
        "identifiant": "001032",
        "url_plan": "https:\/\/sig.strasbourg.eu\/datastrasbourg\/occupation_domaine_public\/terrasse\/2025\/plans\/000302.pdf",
        "superficie_autorisee": 76,
        "url_autorisation": "https:\/\/sig.strasbourg.eu\/datastrasbourg\/occupation_domaine_public\/terrasse\/2025\/autorisations\/A000302.pdf",
        "ville": "STRASBOURG",
        "adresse_etablissement": "6 PCE SAINT-THOMAS"
      }
    },
    {
      "type": "Feature",
      "geometry": {
        "coordinates": [
          [
            [7.7463834151, 48.5817640661],
            [7.7463768967, 48.5818088225],
            [7.7463229327, 48.5818053625],
            [7.7463294512, 48.5817606061],
            [7.7463834151, 48.5817640661]
          ]
        ],
        "type": "Polygon"
      },
      "properties": {
        "geo_point_2d": { "lon": 7.746353173923364, "lat": 48.581784714306814 },
        "nom_enseigne": "BAR LE VOX",
        "identifiant": "001572",
        "url_plan": "https:\/\/sig.strasbourg.eu\/datastrasbourg\/occupation_domaine_public\/terrasse\/2025\/plans\/000307.pdf",
        "superficie_autorisee": 20,
        "url_autorisation": "https:\/\/sig.strasbourg.eu\/datastrasbourg\/occupation_domaine_public\/terrasse\/2025\/autorisations\/A000307.pdf",
        "ville": "STRASBOURG",
        "adresse_etablissement": "17 RUE DES FRANCS BOURGEOIS"
      }
    },
    {
      "type": "Feature",
      "geometry": {
        "coordinates": [
          [
            [7.7466946122, 48.5812102679],
            [7.7467516606, 48.5812192461],
            [7.7467386157, 48.5812494613],
            [7.7467327936, 48.5812483299],
            [7.7467319061, 48.5812501773],
            [7.7467014478, 48.5812445651],
            [7.746683166, 48.5812412236],
            [7.7466946122, 48.5812102679]
          ]
        ],
        "type": "Polygon"
      },
      "properties": {
        "geo_point_2d": { "lon": 7.74671694538775, "lat": 48.58123032576293 },
        "nom_enseigne": "L'ORIENT EXPRESS",
        "identifiant": "001035",
        "url_plan": "https:\/\/sig.strasbourg.eu\/datastrasbourg\/occupation_domaine_public\/terrasse\/2025\/plans\/000309.pdf",
        "superficie_autorisee": 15,
        "url_autorisation": "https:\/\/sig.strasbourg.eu\/datastrasbourg\/occupation_domaine_public\/terrasse\/2025\/autorisations\/A000309.pdf",
        "ville": "STRASBOURG",
        "adresse_etablissement": "22 RUE GUTENBERG"
      }
    },
    {
      "type": "Feature",
      "geometry": {
        "coordinates": [
          [
            [7.7415015715, 48.581505882],
            [7.7415080392, 48.5815578668],
            [7.7414878592, 48.5815594661],
            [7.741478679, 48.5815076642],
            [7.7415015715, 48.581505882]
          ]
        ],
        "type": "Polygon"
      },
      "properties": {
        "geo_point_2d": { "lon": 7.741493954214282, "lat": 48.58153217608894 },
        "nom_enseigne": "CHAN CHIRA",
        "identifiant": "000431",
        "url_plan": "https:\/\/sig.strasbourg.eu\/datastrasbourg\/occupation_domaine_public\/terrasse\/2025\/plans\/000314.pdf",
        "superficie_autorisee": 9,
        "url_autorisation": "https:\/\/sig.strasbourg.eu\/datastrasbourg\/occupation_domaine_public\/terrasse\/2025\/autorisations\/A000314.pdf",
        "ville": "STRASBOURG",
        "adresse_etablissement": "2 RUE DES MOULINS"
      }
    },
    {
      "type": "Feature",
      "geometry": {
        "coordinates": [
          [
            [7.7428549278, 48.579972827],
            [7.7429677798, 48.5800036235],
            [7.7428913133, 48.5800338481],
            [7.7428707845, 48.579998794],
            [7.7427366785, 48.5800403955],
            [7.7427189987, 48.5800148638],
            [7.7428549278, 48.579972827]
          ]
        ],
        "type": "Polygon"
      },
      "properties": {
        "geo_point_2d": { "lon": 7.742839894374173, "lat": 48.580005375773986 },
        "nom_enseigne": "AU PONT SAINT MARTIN",
        "identifiant": "000320",
        "url_plan": "https:\/\/sig.strasbourg.eu\/datastrasbourg\/occupation_domaine_public\/terrasse\/2025\/plans\/000321.pdf",
        "superficie_autorisee": 58,
        "url_autorisation": "https:\/\/sig.strasbourg.eu\/datastrasbourg\/occupation_domaine_public\/terrasse\/2025\/autorisations\/A000321.pdf",
        "ville": "STRASBOURG",
        "adresse_etablissement": "15 RUE DES MOULINS"
      }
    },
    {
      "type": "Feature",
      "geometry": {
        "coordinates": [
          [
            [7.7526692313, 48.581496437],
            [7.7526870934, 48.5814745948],
            [7.7528017154, 48.5815155817],
            [7.7527751904, 48.5815464825],
            [7.7527194207, 48.5815259169],
            [7.7527267115, 48.5815168515],
            [7.7526692313, 48.581496437]
          ]
        ],
        "type": "Polygon"
      },
      "properties": {
        "geo_point_2d": { "lon": 7.752738094316566, "lat": 48.58151035841659 },
        "nom_enseigne": "HORLOGE ASTRONOMIQUE HOTEL SUISSE",
        "identifiant": "000012",
        "url_plan": "https:\/\/sig.strasbourg.eu\/datastrasbourg\/occupation_domaine_public\/terrasse\/2025\/plans\/000333.pdf",
        "superficie_autorisee": 32,
        "url_autorisation": "https:\/\/sig.strasbourg.eu\/datastrasbourg\/occupation_domaine_public\/terrasse\/2025\/autorisations\/A000333.pdf",
        "ville": "STRASBOURG",
        "adresse_etablissement": "2 - 4 RUE DE LA RAPE"
      }
    },
    {
      "type": "Feature",
      "geometry": {
        "coordinates": [
          [
            [
              [7.7389782905, 48.5815649174],
              [7.7389658254, 48.5815558488],
              [7.7389728327, 48.5815516073],
              [7.7389852979, 48.5815606759],
              [7.7389782905, 48.5815649174]
            ]
          ],
          [
            [
              [7.7389942801, 48.5815765541],
              [7.7389815675, 48.5815673064],
              [7.7389885884, 48.5815630643],
              [7.7390012875, 48.5815723126],
              [7.7389942801, 48.5815765541]
            ]
          ],
          [
            [
              [7.7390099488, 48.5815879516],
              [7.7389975706, 48.5815789425],
              [7.739004578, 48.581574701],
              [7.7390169553, 48.5815837011],
              [7.7390099488, 48.5815879516]
            ]
          ],
          [
            [
              [7.7390146784, 48.581604927],
              [7.7389336123, 48.5815966641],
              [7.7389426473, 48.5815621652],
              [7.7390146784, 48.581604927]
            ]
          ]
        ],
        "type": "MultiPolygon"
      },
      "properties": {
        "geo_point_2d": { "lon": 7.738969093088681, "lat": 48.581584355428014 },
        "nom_enseigne": "ACADEMIE DE LA BIERE",
        "identifiant": "000910",
        "url_plan": "https:\/\/sig.strasbourg.eu\/datastrasbourg\/occupation_domaine_public\/terrasse\/2025\/plans\/000349.pdf",
        "superficie_autorisee": 15,
        "url_autorisation": "https:\/\/sig.strasbourg.eu\/datastrasbourg\/occupation_domaine_public\/terrasse\/2025\/autorisations\/A000349.pdf",
        "ville": "STRASBOURG",
        "adresse_etablissement": "17 RUE ADOLPHE SEYBOTH"
      }
    },
    {
      "type": "Feature",
      "geometry": {
        "coordinates": [
          [
            [7.7622605631, 48.5812457583],
            [7.7622778105, 48.5812824997],
            [7.7621191506, 48.581316814],
            [7.7621013933, 48.5812791324],
            [7.7622605631, 48.5812457583]
          ]
        ],
        "type": "Polygon"
      },
      "properties": {
        "geo_point_2d": { "lon": 7.762189389547606, "lat": 48.581281122152625 },
        "nom_enseigne": "LE WAWA BAR",
        "identifiant": "000875",
        "url_plan": "https:\/\/sig.strasbourg.eu\/datastrasbourg\/occupation_domaine_public\/terrasse\/2025\/plans\/000354.pdf",
        "superficie_autorisee": 53,
        "url_autorisation": "https:\/\/sig.strasbourg.eu\/datastrasbourg\/occupation_domaine_public\/terrasse\/2025\/autorisations\/A000354.pdf",
        "ville": "STRASBOURG",
        "adresse_etablissement": "4 PCE SAINT-NICOLAS-AUX-ONDES"
      }
    },
    {
      "type": "Feature",
      "geometry": {
        "coordinates": [
          [
            [
              [7.7622165925, 48.5833473266],
              [7.7622275004, 48.5833652778],
              [7.7622178669, 48.5833626006],
              [7.7621303716, 48.5833865089],
              [7.7621221234, 48.5833731969],
              [7.7622165925, 48.5833473266]
            ]
          ],
          [
            [
              [7.762316974, 48.5834721428],
              [7.7622636488, 48.5833856531],
              [7.7622826486, 48.5833805665],
              [7.7623359731, 48.5834669032],
              [7.762316974, 48.5834721428]
            ]
          ]
        ],
        "type": "MultiPolygon"
      },
      "properties": {
        "geo_point_2d": { "lon": 7.762244825109912, "lat": 48.58340033362085 },
        "nom_enseigne": "NUOVO CAFFE MILANO",
        "identifiant": "000017",
        "url_plan": "https:\/\/sig.strasbourg.eu\/datastrasbourg\/occupation_domaine_public\/terrasse\/2025\/plans\/000361.pdf",
        "superficie_autorisee": 28,
        "url_autorisation": "https:\/\/sig.strasbourg.eu\/datastrasbourg\/occupation_domaine_public\/terrasse\/2025\/autorisations\/A000361.pdf",
        "ville": "STRASBOURG",
        "adresse_etablissement": "23 BD DE LA VICTOIRE"
      }
    },
    {
      "type": "Feature",
      "geometry": {
        "coordinates": [
          [
            [7.749181532, 48.582701867],
            [7.7490697605, 48.5826560386],
            [7.7490777904, 48.5826471715],
            [7.7491902438, 48.5826932946],
            [7.749181532, 48.582701867]
          ]
        ],
        "type": "Polygon"
      },
      "properties": {
        "geo_point_2d": { "lon": 7.749129824402647, "lat": 48.5826745836894 },
        "nom_enseigne": "AU CLOU",
        "identifiant": "001434",
        "url_plan": "https:\/\/sig.strasbourg.eu\/datastrasbourg\/occupation_domaine_public\/terrasse\/2025\/plans\/000372.pdf",
        "superficie_autorisee": 11,
        "url_autorisation": "https:\/\/sig.strasbourg.eu\/datastrasbourg\/occupation_domaine_public\/terrasse\/2025\/autorisations\/A000372.pdf",
        "ville": "STRASBOURG",
        "adresse_etablissement": "3 RUE DU CHAUDRON"
      }
    },
    {
      "type": "Feature",
      "geometry": {
        "coordinates": [
          [
            [7.7447904935, 48.5829952019],
            [7.7447859593, 48.5830219759],
            [7.7446984227, 48.5830153646],
            [7.7447024599, 48.5829888083],
            [7.7447904935, 48.5829952019]
          ]
        ],
        "type": "Polygon"
      },
      "properties": {
        "geo_point_2d": { "lon": 7.744744404710417, "lat": 48.58300533122897 },
        "nom_enseigne": "CAFE KLEBER",
        "identifiant": "001422",
        "url_plan": "https:\/\/sig.strasbourg.eu\/datastrasbourg\/occupation_domaine_public\/terrasse\/2025\/plans\/000375.pdf",
        "superficie_autorisee": 19,
        "url_autorisation": "https:\/\/sig.strasbourg.eu\/datastrasbourg\/occupation_domaine_public\/terrasse\/2025\/autorisations\/A000375.pdf",
        "ville": "STRASBOURG",
        "adresse_etablissement": "16 RUE DE LA GRANGE"
      }
    },
    {
      "type": "Feature",
      "geometry": {
        "coordinates": [
          [
            [
              [7.7493196688, 48.5843097726],
              [7.7493164757, 48.5843101916],
              [7.7493031387, 48.5843030253],
              [7.7494323623, 48.5841837689],
              [7.7494428537, 48.5841895378],
              [7.7493576721, 48.5842676181],
              [7.7493594177, 48.5842685738],
              [7.7493567437, 48.5842710709],
              [7.749355861, 48.584271071],
              [7.7493467236, 48.5842792746],
              [7.7493456995, 48.5842787759],
              [7.7493235747, 48.5842993511],
              [7.7493207378, 48.5843019892],
              [7.7493230431, 48.5843029761],
              [7.7493201193, 48.5843084838],
              [7.7493196688, 48.5843097726]
            ]
          ],
          [
            [
              [7.7494315911, 48.5844279611],
              [7.7494092067, 48.5844493314],
              [7.7492265928, 48.5843703008],
              [7.7492780275, 48.5843177473],
              [7.7493092035, 48.5843321897],
              [7.7493133271, 48.5843324322],
              [7.7493166858, 48.5843326393],
              [7.7493227668, 48.584333036],
              [7.749327255, 48.5843322126],
              [7.7493340091, 48.5843375224],
              [7.7493317488, 48.5843397954],
              [7.7493836128, 48.5843612793],
              [7.7493856161, 48.5843590169],
              [7.7494196926, 48.5843733719],
              [7.7494180322, 48.5843746472],
              [7.7494221595, 48.5843763885],
              [7.7494236507, 48.5843751922],
              [7.7494654379, 48.5843929996],
              [7.7494305461, 48.5844273356],
              [7.7494315911, 48.5844279611]
            ]
          ]
        ],
        "type": "MultiPolygon"
      },
      "properties": {
        "geo_point_2d": { "lon": 7.749349484046769, "lat": 48.58436627431186 },
        "nom_enseigne": "CAFE BROGLIE",
        "identifiant": "001278",
        "url_plan": "https:\/\/sig.strasbourg.eu\/datastrasbourg\/occupation_domaine_public\/terrasse\/2025\/plans\/000380.pdf",
        "superficie_autorisee": 134,
        "url_autorisation": "https:\/\/sig.strasbourg.eu\/datastrasbourg\/occupation_domaine_public\/terrasse\/2025\/autorisations\/A000380.pdf",
        "ville": "STRASBOURG",
        "adresse_etablissement": "1 RUE DU DOME"
      }
    },
    {
      "type": "Feature",
      "geometry": {
        "coordinates": [
          [
            [
              [7.7559510013, 48.5852221922],
              [7.7559737482, 48.5852092045],
              [7.7560584321, 48.5852746525],
              [7.7560358999, 48.5852876134],
              [7.7559510013, 48.5852221922]
            ]
          ],
          [
            [
              [7.7560607982, 48.5853413475],
              [7.7560477641, 48.5853478013],
              [7.7560553013, 48.5853545113],
              [7.7560096698, 48.5853771135],
              [7.7559845426, 48.585354762],
              [7.7560431963, 48.5853257245],
              [7.7560607982, 48.5853413475]
            ]
          ]
        ],
        "type": "MultiPolygon"
      },
      "properties": {
        "geo_point_2d": { "lon": 7.756012983582125, "lat": 48.58529223134238 },
        "nom_enseigne": "LA TAVERNE FRANCAISE",
        "identifiant": "000044",
        "url_plan": "https:\/\/sig.strasbourg.eu\/datastrasbourg\/occupation_domaine_public\/terrasse\/2025\/plans\/000412.pdf",
        "superficie_autorisee": 37,
        "url_autorisation": "https:\/\/sig.strasbourg.eu\/datastrasbourg\/occupation_domaine_public\/terrasse\/2025\/autorisations\/A000412.pdf",
        "ville": "STRASBOURG",
        "adresse_etablissement": "12 AVE DE LA MARSEILLAISE"
      }
    },
    {
      "type": "Feature",
      "geometry": {
        "coordinates": [
          [
            [
              [7.7560896068, 48.5852189902],
              [7.7561287919, 48.5852488204],
              [7.7561083547, 48.5852606374],
              [7.7560691697, 48.5852308073],
              [7.7560896068, 48.5852189902]
            ]
          ],
          [
            [
              [7.7563247045, 48.5852278941],
              [7.7562037061, 48.5852872238],
              [7.7561787315, 48.5852648041],
              [7.7562997299, 48.5852054744],
              [7.7563247045, 48.5852278941]
            ]
          ]
        ],
        "type": "MultiPolygon"
      },
      "properties": {
        "geo_point_2d": { "lon": 7.756220612076212, "lat": 48.585245018147916 },
        "nom_enseigne": "FRANCESCA",
        "identifiant": "000605",
        "url_plan": "https:\/\/sig.strasbourg.eu\/datastrasbourg\/occupation_domaine_public\/terrasse\/2025\/plans\/000414.pdf",
        "superficie_autorisee": 43,
        "url_autorisation": "https:\/\/sig.strasbourg.eu\/datastrasbourg\/occupation_domaine_public\/terrasse\/2025\/autorisations\/A000414.pdf",
        "ville": "STRASBOURG",
        "adresse_etablissement": "14 AVE DE LA MARSEILLAISE"
      }
    },
    {
      "type": "Feature",
      "geometry": {
        "coordinates": [
          [
            [7.7570171131, 48.5848511342],
            [7.7570440429, 48.5848753398],
            [7.7569333029, 48.5849295426],
            [7.7569070811, 48.5849066685],
            [7.7570171131, 48.5848511342]
          ]
        ],
        "type": "Polygon"
      },
      "properties": {
        "geo_point_2d": {
          "lon": 7.7569757961585175,
          "lat": 48.584890452772406
        },
        "nom_enseigne": "LE ROUGET DE L'ISLE",
        "identifiant": "000788",
        "url_plan": "https:\/\/sig.strasbourg.eu\/datastrasbourg\/occupation_domaine_public\/terrasse\/2025\/plans\/000415.pdf",
        "superficie_autorisee": 33,
        "url_autorisation": "https:\/\/sig.strasbourg.eu\/datastrasbourg\/occupation_domaine_public\/terrasse\/2025\/autorisations\/A000415.pdf",
        "ville": "STRASBOURG",
        "adresse_etablissement": "24 AVE DE LA MARSEILLAISE"
      }
    },
    {
      "type": "Feature",
      "geometry": {
        "coordinates": [
          [
            [7.7574907432, 48.5930146484],
            [7.7575271174, 48.59303577],
            [7.7575406395, 48.5930537856],
            [7.7575342334, 48.5930586403],
            [7.7575227297, 48.5930519518],
            [7.7575216642, 48.5930527613],
            [7.7574754023, 48.5930262385],
            [7.7574907432, 48.5930146484]
          ]
        ],
        "type": "Polygon"
      },
      "properties": {
        "geo_point_2d": { "lon": 7.757508794240107, "lat": 48.59303582751197 },
        "nom_enseigne": "LE P'TIT MIMIZAN",
        "identifiant": "000879",
        "url_plan": "https:\/\/sig.strasbourg.eu\/datastrasbourg\/occupation_domaine_public\/terrasse\/2025\/plans\/000417.pdf",
        "superficie_autorisee": 9,
        "url_autorisation": "https:\/\/sig.strasbourg.eu\/datastrasbourg\/occupation_domaine_public\/terrasse\/2025\/autorisations\/A000417.pdf",
        "ville": "STRASBOURG",
        "adresse_etablissement": "43 RUE OBERLIN"
      }
    },
    {
      "type": "Feature",
      "geometry": {
        "coordinates": [
          [
            [7.7751122496, 48.583947562],
            [7.7751519828, 48.5839805085],
            [7.7751541557, 48.5839793469],
            [7.7751934433, 48.5840125173],
            [7.775167482, 48.584026458],
            [7.7750505408, 48.5839802143],
            [7.7751122496, 48.583947562]
          ]
        ],
        "type": "Polygon"
      },
      "properties": {
        "geo_point_2d": { "lon": 7.775124479132174, "lat": 48.583988054241864 },
        "nom_enseigne": "AU PONT D'ANVERS",
        "identifiant": "000222",
        "url_plan": "https:\/\/sig.strasbourg.eu\/datastrasbourg\/occupation_domaine_public\/terrasse\/2025\/plans\/000420.pdf",
        "superficie_autorisee": 39,
        "url_autorisation": "https:\/\/sig.strasbourg.eu\/datastrasbourg\/occupation_domaine_public\/terrasse\/2025\/autorisations\/A000420.pdf",
        "ville": "STRASBOURG",
        "adresse_etablissement": "49 BD D'ANVERS"
      }
    },
    {
      "type": "Feature",
      "geometry": {
        "coordinates": [
          [
            [7.7513205153, 48.5686550476],
            [7.7512959444, 48.5687333337],
            [7.7512773639, 48.5687307609],
            [7.7513019483, 48.5686524742],
            [7.7513205153, 48.5686550476]
          ]
        ],
        "type": "Polygon"
      },
      "properties": {
        "geo_point_2d": { "lon": 7.7512989415214975, "lat": 48.56869290857424 },
        "nom_enseigne": "VIA BRASILIA",
        "identifiant": "001420",
        "url_plan": "https:\/\/sig.strasbourg.eu\/datastrasbourg\/occupation_domaine_public\/terrasse\/2025\/plans\/000455.pdf",
        "superficie_autorisee": 12,
        "url_autorisation": "https:\/\/sig.strasbourg.eu\/datastrasbourg\/occupation_domaine_public\/terrasse\/2025\/autorisations\/A000455.pdf",
        "ville": "STRASBOURG",
        "adresse_etablissement": "68 RTE DE L'HOPITAL"
      }
    },
    {
      "type": "Feature",
      "geometry": {
        "coordinates": [
          [
            [7.7359359414, 48.5824248553],
            [7.7359297158, 48.5824244967],
            [7.7359298295, 48.5824236721],
            [7.7358655704, 48.5824194701],
            [7.7358655138, 48.5824199808],
            [7.7358577848, 48.5824194917],
            [7.7358605962, 48.5824015053],
            [7.7359392343, 48.5824071273],
            [7.7359359414, 48.5824248553]
          ]
        ],
        "type": "Polygon"
      },
      "properties": {
        "geo_point_2d": { "lon": 7.735898287027114, "lat": 48.58241295957523 },
        "nom_enseigne": "AUX GRAINS DE BONHEUR",
        "identifiant": "001225",
        "url_plan": "https:\/\/sig.strasbourg.eu\/datastrasbourg\/occupation_domaine_public\/terrasse\/2025\/plans\/000486.pdf",
        "superficie_autorisee": 11,
        "url_autorisation": "https:\/\/sig.strasbourg.eu\/datastrasbourg\/occupation_domaine_public\/terrasse\/2025\/autorisations\/A000486.pdf",
        "ville": "STRASBOURG",
        "adresse_etablissement": "46 RUE DU FAUBOURG NATIONAL"
      }
    },
    {
      "type": "Feature",
      "geometry": {
        "coordinates": [
          [
            [7.7369110075, 48.5839847846],
            [7.7369581084, 48.5839663078],
            [7.7369754033, 48.5839850311],
            [7.7369273277, 48.5840039043],
            [7.7369131036, 48.5839872157],
            [7.7369110075, 48.5839847846]
          ]
        ],
        "type": "Polygon"
      },
      "properties": {
        "geo_point_2d": { "lon": 7.736942992786991, "lat": 48.58398503925343 },
        "nom_enseigne": "LE MOKA",
        "identifiant": "001239",
        "url_plan": "https:\/\/sig.strasbourg.eu\/datastrasbourg\/occupation_domaine_public\/terrasse\/2025\/plans\/000501.pdf",
        "superficie_autorisee": 10,
        "url_autorisation": "https:\/\/sig.strasbourg.eu\/datastrasbourg\/occupation_domaine_public\/terrasse\/2025\/autorisations\/A000501.pdf",
        "ville": "STRASBOURG",
        "adresse_etablissement": "11 B RUE DU MAIRE KUSS"
      }
    },
    {
      "type": "Feature",
      "geometry": {
        "coordinates": [
          [
            [7.7376621967, 48.5838773845],
            [7.7376723361, 48.5839686076],
            [7.7376455732, 48.5839699614],
            [7.7376351777, 48.5838787578],
            [7.7376621967, 48.5838773845]
          ]
        ],
        "type": "Polygon"
      },
      "properties": {
        "geo_point_2d": { "lon": 7.737653812912295, "lat": 48.58392360522051 },
        "nom_enseigne": "HOTEL LE GRILLON",
        "identifiant": "001493",
        "url_plan": "https:\/\/sig.strasbourg.eu\/datastrasbourg\/occupation_domaine_public\/terrasse\/2025\/plans\/000504.pdf",
        "superficie_autorisee": 20,
        "url_autorisation": "https:\/\/sig.strasbourg.eu\/datastrasbourg\/occupation_domaine_public\/terrasse\/2025\/autorisations\/A000504.pdf",
        "ville": "STRASBOURG",
        "adresse_etablissement": "2 RUE THIERGARTEN"
      }
    },
    {
      "type": "Feature",
      "geometry": {
        "coordinates": [
          [
            [
              [7.7443814051, 48.5900626554],
              [7.7443918907, 48.59006019],
              [7.7444272047, 48.5901262861],
              [7.744416985, 48.590128704],
              [7.7443814051, 48.5900626554]
            ]
          ],
          [
            [
              [7.7444531674, 48.5901287117],
              [7.7444686706, 48.5901248972],
              [7.7444917925, 48.590167218],
              [7.7444755315, 48.5901723791],
              [7.744432549, 48.5901664235],
              [7.7444531674, 48.5901287117]
            ]
          ]
        ],
        "type": "MultiPolygon"
      },
      "properties": {
        "geo_point_2d": { "lon": 7.7444440855489605, "lat": 48.59013396835532 },
        "nom_enseigne": "TONG YUEN",
        "identifiant": "001760",
        "url_plan": "https:\/\/sig.strasbourg.eu\/datastrasbourg\/occupation_domaine_public\/terrasse\/2025\/plans\/000518.pdf",
        "superficie_autorisee": 20,
        "url_autorisation": "https:\/\/sig.strasbourg.eu\/datastrasbourg\/occupation_domaine_public\/terrasse\/2025\/autorisations\/A000518.pdf",
        "ville": "STRASBOURG",
        "adresse_etablissement": "2 PCE DU FAUBOURG-DE-PIERRE"
      }
    },
    {
      "type": "Feature",
      "geometry": {
        "coordinates": [
          [
            [7.7405185219, 48.5853089443],
            [7.7405865622, 48.5852147227],
            [7.7406061247, 48.5852209424],
            [7.7405380701, 48.5853151556],
            [7.7405185219, 48.5853089443]
          ]
        ],
        "type": "Polygon"
      },
      "properties": {
        "geo_point_2d": { "lon": 7.740562324474068, "lat": 48.5852649345822 },
        "nom_enseigne": "TROC'CAFE",
        "identifiant": "001090",
        "url_plan": "https:\/\/sig.strasbourg.eu\/datastrasbourg\/occupation_domaine_public\/terrasse\/2025\/plans\/000527.pdf",
        "superficie_autorisee": 19,
        "url_autorisation": "https:\/\/sig.strasbourg.eu\/datastrasbourg\/occupation_domaine_public\/terrasse\/2025\/autorisations\/A000527.pdf",
        "ville": "STRASBOURG",
        "adresse_etablissement": "8 RUE DU FAUBOURG DE SAVERNE"
      }
    },
    {
      "type": "Feature",
      "geometry": {
        "coordinates": [
          [
            [7.7414753592, 48.5915058455],
            [7.7414858594, 48.5915116524],
            [7.7414546202, 48.5915370203],
            [7.7414441356, 48.5915313218],
            [7.7414753592, 48.5915058455]
          ]
        ],
        "type": "Polygon"
      },
      "properties": {
        "geo_point_2d": { "lon": 7.741465013598172, "lat": 48.5915214409263 },
        "nom_enseigne": "THACH THAO-LA FOUGERE",
        "identifiant": "000870",
        "url_plan": "https:\/\/sig.strasbourg.eu\/datastrasbourg\/occupation_domaine_public\/terrasse\/2025\/plans\/000539.pdf",
        "superficie_autorisee": 4,
        "url_autorisation": "https:\/\/sig.strasbourg.eu\/datastrasbourg\/occupation_domaine_public\/terrasse\/2025\/autorisations\/A000539.pdf",
        "ville": "STRASBOURG",
        "adresse_etablissement": "1 PCE DE HAGUENAU"
      }
    },
    {
      "type": "Feature",
      "geometry": {
        "coordinates": [
          [
            [7.7852125196, 48.6038792302],
            [7.7851418597, 48.6038497101],
            [7.7851818223, 48.6037544047],
            [7.7852588994, 48.6037686202],
            [7.7852125196, 48.6038792302]
          ]
        ],
        "type": "Polygon"
      },
      "properties": {
        "geo_point_2d": { "lon": 7.7851996902821226, "lat": 48.60381326220334 },
        "nom_enseigne": "LA VIGNETTE",
        "identifiant": "001723",
        "url_plan": "https:\/\/sig.strasbourg.eu\/datastrasbourg\/occupation_domaine_public\/terrasse\/2025\/plans\/000549.pdf",
        "superficie_autorisee": 70,
        "url_autorisation": "https:\/\/sig.strasbourg.eu\/datastrasbourg\/occupation_domaine_public\/terrasse\/2025\/autorisations\/A000549.pdf",
        "ville": "STRASBOURG",
        "adresse_etablissement": "29 RUE MELANIE"
      }
    },
    {
      "type": "Feature",
      "geometry": {
        "coordinates": [
          [
            [7.782530685, 48.5894936376],
            [7.7825402112, 48.589497333],
            [7.7824794695, 48.5895625816],
            [7.7824702471, 48.5895588079],
            [7.782530685, 48.5894936376]
          ]
        ],
        "type": "Polygon"
      },
      "properties": {
        "geo_point_2d": { "lon": 7.782505245768502, "lat": 48.589527992968605 },
        "nom_enseigne": "AUX DELICES DE L'ORANGERIE",
        "identifiant": "001778",
        "url_plan": "https:\/\/sig.strasbourg.eu\/datastrasbourg\/occupation_domaine_public\/terrasse\/2025\/plans\/000569.pdf",
        "superficie_autorisee": 7,
        "url_autorisation": "https:\/\/sig.strasbourg.eu\/datastrasbourg\/occupation_domaine_public\/terrasse\/2025\/autorisations\/A000569.pdf",
        "ville": "STRASBOURG",
        "adresse_etablissement": "48 RUE DU CONSEIL DES XV"
      }
    },
    {
      "type": "Feature",
      "geometry": {
        "coordinates": [
          [
            [7.7430520274, 48.586593553],
            [7.7430744376, 48.586597982],
            [7.7430607849, 48.5866299728],
            [7.7430340365, 48.586624783],
            [7.7430520274, 48.586593553]
          ]
        ],
        "type": "Polygon"
      },
      "properties": {
        "geo_point_2d": { "lon": 7.743055085846884, "lat": 48.58661203231266 },
        "nom_enseigne": "STREEAT",
        "identifiant": "001769",
        "url_plan": "https:\/\/sig.strasbourg.eu\/datastrasbourg\/occupation_domaine_public\/terrasse\/2025\/plans\/000582.pdf",
        "superficie_autorisee": 7,
        "url_autorisation": "https:\/\/sig.strasbourg.eu\/datastrasbourg\/occupation_domaine_public\/terrasse\/2025\/autorisations\/A000582.pdf",
        "ville": "STRASBOURG",
        "adresse_etablissement": "10 A RUE DE SEBASTOPOL"
      }
    },
    {
      "type": "Feature",
      "geometry": {
        "coordinates": [
          [
            [7.7423054769, 48.5840623239],
            [7.7423106293, 48.5840523499],
            [7.7423595515, 48.584063581],
            [7.7423539807, 48.5840736429],
            [7.7423054769, 48.5840623239]
          ]
        ],
        "type": "Polygon"
      },
      "properties": {
        "geo_point_2d": { "lon": 7.742332479239631, "lat": 48.5840629841795 },
        "nom_enseigne": "MOODY'S BREAK",
        "identifiant": "001833",
        "url_plan": "https:\/\/sig.strasbourg.eu\/datastrasbourg\/occupation_domaine_public\/terrasse\/2025\/plans\/000588.pdf",
        "superficie_autorisee": 4,
        "url_autorisation": "https:\/\/sig.strasbourg.eu\/datastrasbourg\/occupation_domaine_public\/terrasse\/2025\/autorisations\/A000588.pdf",
        "ville": "STRASBOURG",
        "adresse_etablissement": "27 RUE DU VIEUX MARCHE AUX VINS"
      }
    },
    {
      "type": "Feature",
      "geometry": {
        "coordinates": [
          [
            [7.7773581706, 48.5691612464],
            [7.7772512864, 48.5692127855],
            [7.777188666, 48.5691555854],
            [7.777260144, 48.5691211124],
            [7.7773581706, 48.5691612464]
          ]
        ],
        "type": "Polygon"
      },
      "properties": {
        "geo_point_2d": { "lon": 7.777267224344244, "lat": 48.5691642918959 },
        "nom_enseigne": "IBIS STYLES AVENUE DU RHIN",
        "identifiant": "010829",
        "url_plan": "https:\/\/sig.strasbourg.eu\/datastrasbourg\/occupation_domaine_public\/terrasse\/2025\/plans\/000605.pdf",
        "superficie_autorisee": 64,
        "url_autorisation": "https:\/\/sig.strasbourg.eu\/datastrasbourg\/occupation_domaine_public\/terrasse\/2025\/autorisations\/A000605.pdf",
        "ville": "STRASBOURG",
        "adresse_etablissement": "29 AVE ARISTIDE BRIAND"
      }
    },
    {
      "type": "Feature",
      "geometry": {
        "coordinates": [
          [
            [
              [7.758618783, 48.5671926793],
              [7.7585280151, 48.5671691536],
              [7.7585330572, 48.5671588907],
              [7.7586241688, 48.5671824969],
              [7.758618783, 48.5671926793]
            ]
          ],
          [
            [
              [7.7586924192, 48.5672117647],
              [7.7586486677, 48.567200425],
              [7.7586546352, 48.5671903847],
              [7.7586984354, 48.567201739],
              [7.7586924192, 48.5672117647]
            ]
          ]
        ],
        "type": "MultiPolygon"
      },
      "properties": {
        "geo_point_2d": { "lon": 7.75860772717475, "lat": 48.56718402204523 },
        "nom_enseigne": "RESTAURANT NAPOLI",
        "identifiant": "001593",
        "url_plan": "https:\/\/sig.strasbourg.eu\/datastrasbourg\/occupation_domaine_public\/terrasse\/2025\/plans\/000615.pdf",
        "superficie_autorisee": 13,
        "url_autorisation": "https:\/\/sig.strasbourg.eu\/datastrasbourg\/occupation_domaine_public\/terrasse\/2025\/autorisations\/A000615.pdf",
        "ville": "STRASBOURG",
        "adresse_etablissement": "2 RUE DE THANN"
      }
    },
    {
      "type": "Feature",
      "geometry": {
        "coordinates": [
          [
            [
              [7.7491660741, 48.5804300965],
              [7.7491725929, 48.5804222162],
              [7.7493102365, 48.5804801132],
              [7.7493034937, 48.5804879216],
              [7.7491660741, 48.5804300965]
            ]
          ],
          [
            [
              [7.7491300343, 48.5804796132],
              [7.7491478211, 48.5804594325],
              [7.7492794589, 48.5805158273],
              [7.7492662253, 48.5805315239],
              [7.749211458, 48.580511195],
              [7.7491300343, 48.5804796132]
            ]
          ]
        ],
        "type": "MultiPolygon"
      },
      "properties": {
        "geo_point_2d": { "lon": 7.74921380555746, "lat": 48.580483081377785 },
        "nom_enseigne": "LA PIAZZA",
        "identifiant": "001187",
        "url_plan": "https:\/\/sig.strasbourg.eu\/datastrasbourg\/occupation_domaine_public\/terrasse\/2025\/plans\/000661.pdf",
        "superficie_autorisee": 39,
        "url_autorisation": "https:\/\/sig.strasbourg.eu\/datastrasbourg\/occupation_domaine_public\/terrasse\/2025\/autorisations\/A000661.pdf",
        "ville": "STRASBOURG",
        "adresse_etablissement": "3 -5 PCE DES TRIPIERS"
      }
    },
    {
      "type": "Feature",
      "geometry": {
        "coordinates": [
          [
            [7.7507513858, 48.5801410761],
            [7.7507783814, 48.580109847],
            [7.7507802178, 48.5801106122],
            [7.7507825152, 48.5801115695],
            [7.7508571173, 48.5801426546],
            [7.7508282834, 48.5801731178],
            [7.7507536813, 48.5801420327],
            [7.7507513858, 48.5801410761]
          ]
        ],
        "type": "Polygon"
      },
      "properties": {
        "geo_point_2d": { "lon": 7.750803846904992, "lat": 48.5801416131788 },
        "nom_enseigne": "ZUEM STRISSEL",
        "identifiant": "001284",
        "url_plan": "https:\/\/sig.strasbourg.eu\/datastrasbourg\/occupation_domaine_public\/terrasse\/2025\/plans\/000663.pdf",
        "superficie_autorisee": 27,
        "url_autorisation": "https:\/\/sig.strasbourg.eu\/datastrasbourg\/occupation_domaine_public\/terrasse\/2025\/autorisations\/A000663.pdf",
        "ville": "STRASBOURG",
        "adresse_etablissement": "5 PCE DE LA GRANDE BOUCHERIE"
      }
    },
    {
      "type": "Feature",
      "geometry": {
        "coordinates": [
          [
            [7.7520480235, 48.5787387746],
            [7.7520648949, 48.5787528602],
            [7.7520150352, 48.5787791572],
            [7.7519981781, 48.57876508],
            [7.7520480235, 48.5787387746]
          ]
        ],
        "type": "Polygon"
      },
      "properties": {
        "geo_point_2d": { "lon": 7.75203153588088, "lat": 48.578758966540335 },
        "nom_enseigne": "LE BANQUET DES SOPHISTES",
        "identifiant": "001208",
        "url_plan": "https:\/\/sig.strasbourg.eu\/datastrasbourg\/occupation_domaine_public\/terrasse\/2025\/plans\/000668.pdf",
        "superficie_autorisee": 9,
        "url_autorisation": "https:\/\/sig.strasbourg.eu\/datastrasbourg\/occupation_domaine_public\/terrasse\/2025\/autorisations\/A000668.pdf",
        "ville": "STRASBOURG",
        "adresse_etablissement": "5 RUE D'AUSTERLITZ"
      }
    },
    {
      "type": "Feature",
      "geometry": {
        "coordinates": [
          [
            [7.7497221645, 48.5817539619],
            [7.7497619216, 48.5817121533],
            [7.7497644408, 48.5817103293],
            [7.7498745326, 48.5817542707],
            [7.7498338704, 48.5817989131],
            [7.7497221645, 48.5817539619]
          ]
        ],
        "type": "Polygon"
      },
      "properties": {
        "geo_point_2d": {
          "lon": 7.7497986296725205,
          "lat": 48.581754382262396
        },
        "nom_enseigne": "CAFE DE LA KAMMERZELL",
        "identifiant": "000065",
        "url_plan": "https:\/\/sig.strasbourg.eu\/datastrasbourg\/occupation_domaine_public\/terrasse\/2025\/plans\/000670.pdf",
        "superficie_autorisee": 55,
        "url_autorisation": "https:\/\/sig.strasbourg.eu\/datastrasbourg\/occupation_domaine_public\/terrasse\/2025\/autorisations\/A000670.pdf",
        "ville": "STRASBOURG",
        "adresse_etablissement": "12 PCE DE LA CATHEDRALE"
      }
    },
    {
      "type": "Feature",
      "geometry": {
        "coordinates": [
          [
            [7.7440491093, 48.584223403],
            [7.7441259034, 48.5841020072],
            [7.7439847859, 48.5840704057],
            [7.7439948743, 48.584050587],
            [7.744139302, 48.5840810944],
            [7.7441259133, 48.584101999],
            [7.74414209, 48.5841052506],
            [7.7441118442, 48.5841708805],
            [7.7440739154, 48.5842301352],
            [7.7440491093, 48.584223403]
          ]
        ],
        "type": "Polygon"
      },
      "properties": {
        "geo_point_2d": { "lon": 7.744079265487648, "lat": 48.58412270188452 },
        "nom_enseigne": "EUROP'CAFE",
        "identifiant": "000005",
        "url_plan": "https:\/\/sig.strasbourg.eu\/datastrasbourg\/occupation_domaine_public\/terrasse\/2025\/plans\/000775.pdf",
        "superficie_autorisee": 53,
        "url_autorisation": "https:\/\/sig.strasbourg.eu\/datastrasbourg\/occupation_domaine_public\/terrasse\/2025\/autorisations\/A000775.pdf",
        "ville": "STRASBOURG",
        "adresse_etablissement": "48 RUE DU VIEUX MARCHE AUX VINS"
      }
    },
    {
      "type": "Feature",
      "geometry": {
        "coordinates": [
          [
            [7.7528140272, 48.5782179114],
            [7.7528927547, 48.5781749793],
            [7.7526927407, 48.5780129435],
            [7.7527514778, 48.5779810508],
            [7.7529743044, 48.5781594481],
            [7.7528352759, 48.5782351154],
            [7.7528140272, 48.5782179114]
          ]
        ],
        "type": "Polygon"
      },
      "properties": {
        "geo_point_2d": { "lon": 7.752837067432825, "lat": 48.57810017092773 },
        "nom_enseigne": "CAFE BALE",
        "identifiant": "000159",
        "url_plan": "https:\/\/sig.strasbourg.eu\/datastrasbourg\/occupation_domaine_public\/terrasse\/2025\/plans\/000782.pdf",
        "superficie_autorisee": 165,
        "url_autorisation": "https:\/\/sig.strasbourg.eu\/datastrasbourg\/occupation_domaine_public\/terrasse\/2025\/autorisations\/A000782.pdf",
        "ville": "STRASBOURG",
        "adresse_etablissement": "24 RUE D'AUSTERLITZ"
      }
    },
    {
      "type": "Feature",
      "geometry": {
        "coordinates": [
          [
            [7.7544174653, 48.579208728],
            [7.7543592772, 48.5792578103],
            [7.7543367019, 48.5792460165],
            [7.7543951315, 48.5791967641],
            [7.7544831193, 48.5791226207],
            [7.7544814018, 48.5791215287],
            [7.7544824044, 48.5791207759],
            [7.7544064731, 48.5790758539],
            [7.7544350918, 48.5790554433],
            [7.7545118615, 48.579101683],
            [7.7544842172, 48.5791218444],
            [7.7545055562, 48.5791346133],
            [7.7544174653, 48.579208728]
          ]
        ],
        "type": "Polygon"
      },
      "properties": {
        "geo_point_2d": { "lon": 7.754436100809423, "lat": 48.57915070246881 },
        "nom_enseigne": "EAST CANTEEN KRUTENAU",
        "identifiant": "001530",
        "url_plan": "https:\/\/sig.strasbourg.eu\/datastrasbourg\/occupation_domaine_public\/terrasse\/2025\/plans\/000793.pdf",
        "superficie_autorisee": 61,
        "url_autorisation": "https:\/\/sig.strasbourg.eu\/datastrasbourg\/occupation_domaine_public\/terrasse\/2025\/autorisations\/A000793.pdf",
        "ville": "STRASBOURG",
        "adresse_etablissement": "2 PCE DES ORPHELINS"
      }
    },
    {
      "type": "Feature",
      "geometry": {
        "coordinates": [
          [
            [7.7419608312, 48.5888453356],
            [7.7419690886, 48.5888762338],
            [7.7419673899, 48.5888915447],
            [7.7419560854, 48.5889052244],
            [7.741941413, 48.5889172557],
            [7.7419223015, 48.5889264496],
            [7.7418970297, 48.5889341223],
            [7.7418685603, 48.5889360381],
            [7.7418236881, 48.5889231944],
            [7.7418262328, 48.5889192163],
            [7.7418264843, 48.5889192846],
            [7.7418267433, 48.5889184181],
            [7.7418298027, 48.5889190409],
            [7.7418316008, 48.5889194748],
            [7.7418357401, 48.5889203681],
            [7.7418399404, 48.5889211256],
            [7.7418441917, 48.5889217455],
            [7.7418484838, 48.5889222263],
            [7.7418528062, 48.5889225668],
            [7.7418571486, 48.5889227661],
            [7.7418615005, 48.5889228239],
            [7.7418658515, 48.5889227399],
            [7.7418659276, 48.5889239982],
            [7.7418772547, 48.5889235625],
            [7.7418773839, 48.588922467],
            [7.7418811745, 48.5889220869],
            [7.7418849998, 48.5889215834],
            [7.7418887833, 48.588920956],
            [7.7418925158, 48.5889202062],
            [7.7418961883, 48.5889193358],
            [7.741899792, 48.5889183469],
            [7.7419033183, 48.5889172419],
            [7.7419067585, 48.5889160234],
            [7.7419101046, 48.5889146944],
            [7.7419133482, 48.5889132581],
            [7.7419143008, 48.5889141562],
            [7.741916383, 48.5889131712],
            [7.7419200697, 48.5889112749],
            [7.7419236118, 48.5889092609],
            [7.7419270006, 48.588907134],
            [7.741930228, 48.5889048993],
            [7.7419332863, 48.5889025623],
            [7.741936168, 48.5889001286],
            [7.7419388663, 48.5888976039],
            [7.7419413745, 48.5888949945],
            [7.7419436868, 48.5888923066],
            [7.7419457974, 48.5888895466],
            [7.7419477014, 48.5888867213],
            [7.7419493941, 48.5888838374],
            [7.7419508715, 48.5888809019],
            [7.7419495674, 48.5888804596],
            [7.7419497448, 48.5888800492],
            [7.7419507845, 48.5888772363],
            [7.7419516149, 48.588874393],
            [7.741952234, 48.588871526],
            [7.7419526403, 48.5888686423],
            [7.7419528329, 48.5888657489],
            [7.7419528112, 48.5888628527],
            [7.7419525753, 48.5888599607],
            [7.7419521258, 48.5888570798],
            [7.7419514637, 48.5888542171],
            [7.7419524828, 48.5888540763],
            [7.7419505989, 48.588846657],
            [7.741953495, 48.5888461062],
            [7.7419518782, 48.5888393697],
            [7.7419501293, 48.5888395493],
            [7.7419495696, 48.588837617],
            [7.7419485536, 48.5888379378],
            [7.7419409899, 48.588807811],
            [7.7419501563, 48.5888067272],
            [7.7419608312, 48.5888453356]
          ]
        ],
        "type": "Polygon"
      },
      "properties": {
        "geo_point_2d": { "lon": 7.741923615803903, "lat": 48.58889555702044 },
        "nom_enseigne": "LA SOLIDARITE",
        "identifiant": "000772",
        "url_plan": "https:\/\/sig.strasbourg.eu\/datastrasbourg\/occupation_domaine_public\/terrasse\/2025\/plans\/000810.pdf",
        "superficie_autorisee": 24,
        "url_autorisation": "https:\/\/sig.strasbourg.eu\/datastrasbourg\/occupation_domaine_public\/terrasse\/2025\/autorisations\/A000810.pdf",
        "ville": "STRASBOURG",
        "adresse_etablissement": "5 RUE DU TRAVAIL"
      }
    },
    {
      "type": "Feature",
      "geometry": {
        "coordinates": [
          [
            [
              [7.7667774575, 48.5772226392],
              [7.766775825, 48.5772137117],
              [7.7668832036, 48.5772051034],
              [7.7668848361, 48.5772140309],
              [7.7667774575, 48.5772226392]
            ]
          ],
          [
            [
              [7.7668771023, 48.5772522614],
              [7.7668685738, 48.5772528745],
              [7.7668672627, 48.5772472259],
              [7.7668649689, 48.5772333701],
              [7.7668892176, 48.5772315584],
              [7.7668924203, 48.5772511112],
              [7.7668848705, 48.5772516789],
              [7.7668840549, 48.5772459225],
              [7.7668763848, 48.5772465106],
              [7.7668771023, 48.5772522614]
            ]
          ],
          [
            [
              [7.7667839934, 48.5772390523],
              [7.7668149174, 48.5772364533],
              [7.7668183756, 48.5772570095],
              [7.7667881047, 48.5772605916],
              [7.7667839934, 48.5772390523]
            ]
          ]
        ],
        "type": "MultiPolygon"
      },
      "properties": {
        "geo_point_2d": { "lon": 7.766831210563133, "lat": 48.57723061903139 },
        "nom_enseigne": "EDEN FOOD",
        "identifiant": "010941",
        "url_plan": "https:\/\/sig.strasbourg.eu\/datastrasbourg\/occupation_domaine_public\/terrasse\/2025\/plans\/000814.pdf",
        "superficie_autorisee": 17,
        "url_autorisation": "https:\/\/sig.strasbourg.eu\/datastrasbourg\/occupation_domaine_public\/terrasse\/2025\/autorisations\/A000814.pdf",
        "ville": "STRASBOURG",
        "adresse_etablissement": "12 RUE DE ROME"
      }
    },
    {
      "type": "Feature",
      "geometry": {
        "coordinates": [
          [
            [7.7179594481, 48.5951174054],
            [7.7179550726, 48.5951268623],
            [7.7179097102, 48.5951176275],
            [7.7178989296, 48.5951111434],
            [7.7178700653, 48.5950512841],
            [7.7178841403, 48.5950482111],
            [7.7179127422, 48.5951078971],
            [7.7179594481, 48.5951174054]
          ]
        ],
        "type": "Polygon"
      },
      "properties": {
        "geo_point_2d": { "lon": 7.717906047017683, "lat": 48.59509329107733 },
        "nom_enseigne": "A LA LIBERTE",
        "identifiant": "001430",
        "url_plan": "https:\/\/sig.strasbourg.eu\/datastrasbourg\/occupation_domaine_public\/terrasse\/2025\/plans\/000826.pdf",
        "superficie_autorisee": 12,
        "url_autorisation": "https:\/\/sig.strasbourg.eu\/datastrasbourg\/occupation_domaine_public\/terrasse\/2025\/autorisations\/A000826.pdf",
        "ville": "STRASBOURG",
        "adresse_etablissement": "107 RTE DE MITTELHAUSBERGEN"
      }
    },
    {
      "type": "Feature",
      "geometry": {
        "coordinates": [
          [
            [7.7469286989, 48.5818470186],
            [7.7469216097, 48.5818715754],
            [7.7468262563, 48.5818676549],
            [7.746825423, 48.5818350096],
            [7.7469286989, 48.5818470186]
          ]
        ],
        "type": "Polygon"
      },
      "properties": {
        "geo_point_2d": { "lon": 7.746873381942966, "lat": 48.58185493364675 },
        "nom_enseigne": "L'EPICERIE",
        "identifiant": "000578",
        "url_plan": "https:\/\/sig.strasbourg.eu\/datastrasbourg\/occupation_domaine_public\/terrasse\/2025\/plans\/000840.pdf",
        "superficie_autorisee": 24,
        "url_autorisation": "https:\/\/sig.strasbourg.eu\/datastrasbourg\/occupation_domaine_public\/terrasse\/2025\/autorisations\/A000840.pdf",
        "ville": "STRASBOURG",
        "adresse_etablissement": "6 RUE DU VIEUX-SEIGLE"
      }
    },
    {
      "type": "Feature",
      "geometry": {
        "coordinates": [
          [
            [7.742130213, 48.582098346],
            [7.741993909, 48.582133982],
            [7.7419828432, 48.5821126389],
            [7.7421178167, 48.5820774447],
            [7.742130213, 48.582098346]
          ]
        ],
        "type": "Polygon"
      },
      "properties": {
        "geo_point_2d": { "lon": 7.742056161271523, "lat": 48.58210563228055 },
        "nom_enseigne": "LE GALOPIN",
        "identifiant": "001167",
        "url_plan": "https:\/\/sig.strasbourg.eu\/datastrasbourg\/occupation_domaine_public\/terrasse\/2025\/plans\/000844.pdf",
        "superficie_autorisee": 27,
        "url_autorisation": "https:\/\/sig.strasbourg.eu\/datastrasbourg\/occupation_domaine_public\/terrasse\/2025\/autorisations\/A000844.pdf",
        "ville": "STRASBOURG",
        "adresse_etablissement": "55 GRAND'RUE"
      }
    },
    {
      "type": "Feature",
      "geometry": {
        "coordinates": [
          [
            [
              [7.7712150056, 48.5834422702],
              [7.771195553, 48.5834520403],
              [7.7711472965, 48.5834097443],
              [7.7711667388, 48.5833999657],
              [7.7712150056, 48.5834422702]
            ]
          ],
          [
            [
              [7.7712554179, 48.5835185993],
              [7.7712231462, 48.5834927147],
              [7.7712753917, 48.5834655668],
              [7.7713065264, 48.5834916905],
              [7.7712554179, 48.5835185993]
            ]
          ]
        ],
        "type": "MultiPolygon"
      },
      "properties": {
        "geo_point_2d": { "lon": 7.77123397181738, "lat": 48.58346763820493 },
        "nom_enseigne": "LE PIED DE MAMMOUTH",
        "identifiant": "001679",
        "url_plan": "https:\/\/sig.strasbourg.eu\/datastrasbourg\/occupation_domaine_public\/terrasse\/2025\/plans\/000851.pdf",
        "superficie_autorisee": 29,
        "url_autorisation": "https:\/\/sig.strasbourg.eu\/datastrasbourg\/occupation_domaine_public\/terrasse\/2025\/autorisations\/A000851.pdf",
        "ville": "STRASBOURG",
        "adresse_etablissement": "58 AVE DE LA FORET-NOIRE"
      }
    },
    {
      "type": "Feature",
      "geometry": {
        "coordinates": [
          [
            [7.7584628924, 48.5791425986],
            [7.7584078116, 48.5791963502],
            [7.7583885736, 48.5791879307],
            [7.7584425221, 48.5791336849],
            [7.7584628924, 48.5791425986]
          ]
        ],
        "type": "Polygon"
      },
      "properties": {
        "geo_point_2d": { "lon": 7.75842570948117, "lat": 48.579164884040104 },
        "nom_enseigne": "LES CANAILLES",
        "identifiant": "001253",
        "url_plan": "https:\/\/sig.strasbourg.eu\/datastrasbourg\/occupation_domaine_public\/terrasse\/2025\/plans\/000860.pdf",
        "superficie_autorisee": 13,
        "url_autorisation": "https:\/\/sig.strasbourg.eu\/datastrasbourg\/occupation_domaine_public\/terrasse\/2025\/autorisations\/A000860.pdf",
        "ville": "STRASBOURG",
        "adresse_etablissement": "52 RUE DE ZURICH"
      }
    },
    {
      "type": "Feature",
      "geometry": {
        "coordinates": [
          [
            [7.7491149887, 48.5794289951],
            [7.7490241069, 48.5793931634],
            [7.7490310302, 48.5793854323],
            [7.7491219119, 48.5794212639],
            [7.7491149887, 48.5794289951]
          ]
        ],
        "type": "Polygon"
      },
      "properties": {
        "geo_point_2d": { "lon": 7.749073009467968, "lat": 48.579407213693294 },
        "nom_enseigne": "IBERICA",
        "identifiant": "001181",
        "url_plan": "https:\/\/sig.strasbourg.eu\/datastrasbourg\/occupation_domaine_public\/terrasse\/2025\/plans\/000894.pdf",
        "superficie_autorisee": 8,
        "url_autorisation": "https:\/\/sig.strasbourg.eu\/datastrasbourg\/occupation_domaine_public\/terrasse\/2025\/autorisations\/A000894.pdf",
        "ville": "STRASBOURG",
        "adresse_etablissement": "4 RUE DE L'ECURIE"
      }
    },
    {
      "type": "Feature",
      "geometry": {
        "coordinates": [
          [
            [
              [7.7390780541, 48.580873101],
              [7.7391651317, 48.5809127775],
              [7.7391413196, 48.5809360382],
              [7.7389775285, 48.5808610717],
              [7.7390160885, 48.5808195444],
              [7.7389840064, 48.5808064295],
              [7.7389716849, 48.5808196992],
              [7.7389009587, 48.5807862308],
              [7.7389291605, 48.5807468774],
              [7.7390883633, 48.5808414245],
              [7.7391025447, 48.5808492337],
              [7.7390780541, 48.580873101]
            ]
          ],
          [
            [
              [7.7388333839, 48.5808812185],
              [7.7388622037, 48.5808410118],
              [7.7389179747, 48.5808660649],
              [7.7388900595, 48.5808983272],
              [7.7388333839, 48.5808812185]
            ]
          ],
          [
            [
              [7.7390138034, 48.580926226],
              [7.7390122627, 48.5809276224],
              [7.7389189946, 48.5808985716],
              [7.7389364043, 48.5808748194],
              [7.7390234835, 48.5809144563],
              [7.7390921445, 48.5809461984],
              [7.7390773642, 48.5809592821],
              [7.7390481335, 48.5809438084],
              [7.7390138034, 48.580926226]
            ]
          ]
        ],
        "type": "MultiPolygon"
      },
      "properties": {
        "geo_point_2d": { "lon": 7.739002639361778, "lat": 48.58085988958188 },
        "nom_enseigne": "AU PETIT BOIS VERT",
        "identifiant": "000138",
        "url_plan": "https:\/\/sig.strasbourg.eu\/datastrasbourg\/occupation_domaine_public\/terrasse\/2025\/plans\/000898.pdf",
        "superficie_autorisee": 156,
        "url_autorisation": "https:\/\/sig.strasbourg.eu\/datastrasbourg\/occupation_domaine_public\/terrasse\/2025\/autorisations\/A000898.pdf",
        "ville": "STRASBOURG",
        "adresse_etablissement": "2 QUAI DE LA BRUCHE"
      }
    },
    {
      "type": "Feature",
      "geometry": {
        "coordinates": [
          [
            [7.7496362462, 48.5802576466],
            [7.7496910811, 48.580284067],
            [7.7496058534, 48.5803637971],
            [7.7495499975, 48.5803383355],
            [7.7495858828, 48.5803036771],
            [7.7496362462, 48.5802576466]
          ]
        ],
        "type": "Polygon"
      },
      "properties": {
        "geo_point_2d": { "lon": 7.749620530156792, "lat": 48.580310858288605 },
        "nom_enseigne": "STARBUCKS COFFEE",
        "identifiant": "011273",
        "url_plan": "https:\/\/sig.strasbourg.eu\/datastrasbourg\/occupation_domaine_public\/terrasse\/2025\/plans\/000909.pdf",
        "superficie_autorisee": 55,
        "url_autorisation": "https:\/\/sig.strasbourg.eu\/datastrasbourg\/occupation_domaine_public\/terrasse\/2025\/autorisations\/A000909.pdf",
        "ville": "STRASBOURG",
        "adresse_etablissement": "9 -11 R.DU VIEUX MARCHE AUX POISSONS"
      }
    },
    {
      "type": "Feature",
      "geometry": {
        "coordinates": [
          [
            [7.7525758832, 48.583480512],
            [7.752576875, 48.5834811803],
            [7.7525774133, 48.583480979],
            [7.7526266361, 48.5835147088],
            [7.7526069456, 48.5835270725],
            [7.7525563992, 48.583493018],
            [7.7525758832, 48.583480512]
          ]
        ],
        "type": "Polygon"
      },
      "properties": {
        "geo_point_2d": { "lon": 7.752591495431228, "lat": 48.583503699871905 },
        "nom_enseigne": "LA CASSEROLE",
        "identifiant": "012109",
        "url_plan": "https:\/\/sig.strasbourg.eu\/datastrasbourg\/occupation_domaine_public\/terrasse\/2025\/plans\/000937.pdf",
        "superficie_autorisee": 11,
        "url_autorisation": "https:\/\/sig.strasbourg.eu\/datastrasbourg\/occupation_domaine_public\/terrasse\/2025\/autorisations\/A000937.pdf",
        "ville": "STRASBOURG",
        "adresse_etablissement": "24 RUE DES JUIFS"
      }
    },
    {
      "type": "Feature",
      "geometry": {
        "coordinates": [
          [
            [7.7483014526, 48.579326911],
            [7.7483173699, 48.579331909],
            [7.7482883133, 48.5793726972],
            [7.7482396327, 48.5794295334],
            [7.7482243082, 48.5794237543],
            [7.7482726585, 48.5793673101],
            [7.7483014526, 48.579326911]
          ]
        ],
        "type": "Polygon"
      },
      "properties": {
        "geo_point_2d": { "lon": 7.748272031289182, "lat": 48.579378498162626 },
        "nom_enseigne": "AU LAURIER",
        "identifiant": "001055",
        "url_plan": "https:\/\/sig.strasbourg.eu\/datastrasbourg\/occupation_domaine_public\/terrasse\/2025\/plans\/000949.pdf",
        "superficie_autorisee": 16,
        "url_autorisation": "https:\/\/sig.strasbourg.eu\/datastrasbourg\/occupation_domaine_public\/terrasse\/2025\/autorisations\/A000949.pdf",
        "ville": "STRASBOURG",
        "adresse_etablissement": "17 RUE DE LA DIVISION LECLERC"
      }
    },
    {
      "type": "Feature",
      "geometry": {
        "coordinates": [
          [
            [7.7579054474, 48.5830222576],
            [7.7579258178, 48.5830426281],
            [7.757910462, 48.5830494313],
            [7.7578898906, 48.5830291298],
            [7.7579054474, 48.5830222576]
          ]
        ],
        "type": "Polygon"
      },
      "properties": {
        "geo_point_2d": { "lon": 7.757907882923994, "lat": 48.58303584156923 },
        "nom_enseigne": "MADEMOISELLE 10",
        "identifiant": "001755",
        "url_plan": "https:\/\/sig.strasbourg.eu\/datastrasbourg\/occupation_domaine_public\/terrasse\/2025\/plans\/000951.pdf",
        "superficie_autorisee": 4,
        "url_autorisation": "https:\/\/sig.strasbourg.eu\/datastrasbourg\/occupation_domaine_public\/terrasse\/2025\/autorisations\/A000951.pdf",
        "ville": "STRASBOURG",
        "adresse_etablissement": "10 QUAI DES PECHEURS"
      }
    },
    {
      "type": "Feature",
      "geometry": {
        "coordinates": [
          [
            [7.75995611, 48.564903688],
            [7.7599328432, 48.5649264383],
            [7.7599170572, 48.5649194634],
            [7.7599406472, 48.5648963934],
            [7.7599407223, 48.5648964289],
            [7.759947968, 48.564889279],
            [7.7599477119, 48.5648891657],
            [7.7599712308, 48.5648660627],
            [7.7599871031, 48.5648729439],
            [7.7599634987, 48.5648961496],
            [7.75995611, 48.564903688]
          ]
        ],
        "type": "Polygon"
      },
      "properties": {
        "geo_point_2d": { "lon": 7.75995209233781, "lat": 48.56489624454042 },
        "nom_enseigne": "LE CROQUE BEDAINE",
        "identifiant": "001792",
        "url_plan": "https:\/\/sig.strasbourg.eu\/datastrasbourg\/occupation_domaine_public\/terrasse\/2025\/plans\/000957.pdf",
        "superficie_autorisee": 10,
        "url_autorisation": "https:\/\/sig.strasbourg.eu\/datastrasbourg\/occupation_domaine_public\/terrasse\/2025\/autorisations\/A000957.pdf",
        "ville": "STRASBOURG",
        "adresse_etablissement": "104 RTE DU POLYGONE"
      }
    },
    {
      "type": "Feature",
      "geometry": {
        "coordinates": [
          [
            [7.7409840541, 48.5838417505],
            [7.7409197896, 48.5838166819],
            [7.7409369641, 48.583797301],
            [7.7410012286, 48.5838223697],
            [7.7409840541, 48.5838417505]
          ]
        ],
        "type": "Polygon"
      },
      "properties": {
        "geo_point_2d": { "lon": 7.740960509080933, "lat": 48.58381952576534 },
        "nom_enseigne": "OCAKBASI",
        "identifiant": "011267",
        "url_plan": "https:\/\/sig.strasbourg.eu\/datastrasbourg\/occupation_domaine_public\/terrasse\/2025\/plans\/000960.pdf",
        "superficie_autorisee": 14,
        "url_autorisation": "https:\/\/sig.strasbourg.eu\/datastrasbourg\/occupation_domaine_public\/terrasse\/2025\/autorisations\/A000960.pdf",
        "ville": "STRASBOURG",
        "adresse_etablissement": "15 RUE DU VIEUX MARCHE AUX VINS"
      }
    },
    {
      "type": "Feature",
      "geometry": {
        "coordinates": [
          [
            [
              [7.7431381332, 48.5869101957],
              [7.7431445765, 48.5868983535],
              [7.7432070512, 48.5869133151],
              [7.7432006079, 48.5869251573],
              [7.7431381332, 48.5869101957]
            ]
          ],
          [
            [
              [7.7431031372, 48.5869745147],
              [7.7431266198, 48.5869313792],
              [7.7431992788, 48.5869487995],
              [7.7431758065, 48.5869918986],
              [7.7431031372, 48.5869745147]
            ]
          ]
        ],
        "type": "MultiPolygon"
      },
      "properties": {
        "geo_point_2d": { "lon": 7.7431552910604315, "lat": 48.58695211649898 },
        "nom_enseigne": "THAI SQUARE",
        "identifiant": "000900",
        "url_plan": "https:\/\/sig.strasbourg.eu\/datastrasbourg\/occupation_domaine_public\/terrasse\/2025\/plans\/000967.pdf",
        "superficie_autorisee": 36,
        "url_autorisation": "https:\/\/sig.strasbourg.eu\/datastrasbourg\/occupation_domaine_public\/terrasse\/2025\/autorisations\/A000967.pdf",
        "ville": "STRASBOURG",
        "adresse_etablissement": "7 PCE CLEMENT"
      }
    },
    {
      "type": "Feature",
      "geometry": {
        "coordinates": [
          [
            [
              [7.747597898, 48.5813570667],
              [7.7476038398, 48.5813489575],
              [7.7477066821, 48.5813761923],
              [7.747700413, 48.5813848538],
              [7.747597898, 48.5813570667]
            ]
          ],
          [
            [
              [7.7475852574, 48.5813740515],
              [7.7476885349, 48.5814011609],
              [7.7476729084, 48.5814260944],
              [7.7475699268, 48.5813990407],
              [7.7475852574, 48.5813740515]
            ]
          ]
        ],
        "type": "MultiPolygon"
      },
      "properties": {
        "geo_point_2d": { "lon": 7.747635200803895, "lat": 48.5813915980913 },
        "nom_enseigne": "LE PETIT GLACIER",
        "identifiant": "010959",
        "url_plan": "https:\/\/sig.strasbourg.eu\/datastrasbourg\/occupation_domaine_public\/terrasse\/2025\/plans\/000981.pdf",
        "superficie_autorisee": 33,
        "url_autorisation": "https:\/\/sig.strasbourg.eu\/datastrasbourg\/occupation_domaine_public\/terrasse\/2025\/autorisations\/A000981.pdf",
        "ville": "STRASBOURG",
        "adresse_etablissement": "1 RUE GUTENBERG"
      }
    },
    {
      "type": "Feature",
      "geometry": {
        "coordinates": [
          [
            [7.7422622791, 48.5788033982],
            [7.7422294609, 48.5788089741],
            [7.7422244165, 48.5787958814],
            [7.7423011891, 48.5787831393],
            [7.7422993539, 48.5787965762],
            [7.7422622791, 48.5788033982]
          ]
        ],
        "type": "Polygon"
      },
      "properties": {
        "geo_point_2d": { "lon": 7.742263219982423, "lat": 48.578796164066 },
        "nom_enseigne": "LE BOCCACCIO",
        "identifiant": "000662",
        "url_plan": "https:\/\/sig.strasbourg.eu\/datastrasbourg\/occupation_domaine_public\/terrasse\/2025\/plans\/000994.pdf",
        "superficie_autorisee": 8,
        "url_autorisation": "https:\/\/sig.strasbourg.eu\/datastrasbourg\/occupation_domaine_public\/terrasse\/2025\/autorisations\/A000994.pdf",
        "ville": "STRASBOURG",
        "adresse_etablissement": "14 RUE FINKWILLER"
      }
    },
    {
      "type": "Feature",
      "geometry": {
        "coordinates": [
          [
            [7.7443055496, 48.5819679897],
            [7.7441378484, 48.5819839996],
            [7.7441224912, 48.5819130878],
            [7.7442901097, 48.5818967749],
            [7.7443055496, 48.5819679897]
          ]
        ],
        "type": "Polygon"
      },
      "properties": {
        "geo_point_2d": { "lon": 7.744214059741574, "lat": 48.58194045781676 },
        "nom_enseigne": "LES SAVONS D'HELENE",
        "identifiant": "001810",
        "url_plan": "https:\/\/sig.strasbourg.eu\/datastrasbourg\/occupation_domaine_public\/terrasse\/2025\/plans\/000998.pdf",
        "superficie_autorisee": 100,
        "url_autorisation": "https:\/\/sig.strasbourg.eu\/datastrasbourg\/occupation_domaine_public\/terrasse\/2025\/autorisations\/A000998.pdf",
        "ville": "STRASBOURG",
        "adresse_etablissement": "6 RUE SAINTE-HELENE"
      }
    },
    {
      "type": "Feature",
      "geometry": {
        "coordinates": [
          [
            [7.7430267605, 48.5866355783],
            [7.7430564992, 48.5866402752],
            [7.7430325391, 48.5866983058],
            [7.742990765, 48.5866899467],
            [7.7430267605, 48.5866355783]
          ]
        ],
        "type": "Polygon"
      },
      "properties": {
        "geo_point_2d": { "lon": 7.743025821115033, "lat": 48.586667709055604 },
        "nom_enseigne": "ADAMSON'S PUB",
        "identifiant": "000240",
        "url_plan": "https:\/\/sig.strasbourg.eu\/datastrasbourg\/occupation_domaine_public\/terrasse\/2025\/plans\/001051.pdf",
        "superficie_autorisee": 18,
        "url_autorisation": "https:\/\/sig.strasbourg.eu\/datastrasbourg\/occupation_domaine_public\/terrasse\/2025\/autorisations\/A001051.pdf",
        "ville": "STRASBOURG",
        "adresse_etablissement": "12 RUE DE SEBASTOPOL"
      }
    },
    {
      "type": "Feature",
      "geometry": {
        "coordinates": [
          [
            [7.7426520704, 48.5818936304],
            [7.7425527378, 48.5819224674],
            [7.7425397782, 48.5819016432],
            [7.742759736, 48.5818378282],
            [7.7427748078, 48.5818579983],
            [7.7426520704, 48.5818936304]
          ]
        ],
        "type": "Polygon"
      },
      "properties": {
        "geo_point_2d": { "lon": 7.7426567454330035, "lat": 48.58188000977718 },
        "nom_enseigne": "LES LUSCHTIGS",
        "identifiant": "001753",
        "url_plan": "https:\/\/sig.strasbourg.eu\/datastrasbourg\/occupation_domaine_public\/terrasse\/2025\/plans\/001055.pdf",
        "superficie_autorisee": 45,
        "url_autorisation": "https:\/\/sig.strasbourg.eu\/datastrasbourg\/occupation_domaine_public\/terrasse\/2025\/autorisations\/A001055.pdf",
        "ville": "STRASBOURG",
        "adresse_etablissement": "86 GRAND'RUE"
      }
    },
    {
      "type": "Feature",
      "geometry": {
        "coordinates": [
          [
            [7.7495365499, 48.5797375995],
            [7.7495588277, 48.5797460132],
            [7.7495154007, 48.579798934],
            [7.7494912006, 48.5797895835],
            [7.7495365499, 48.5797375995]
          ]
        ],
        "type": "Polygon"
      },
      "properties": {
        "geo_point_2d": { "lon": 7.749525173816309, "lat": 48.579768420576535 },
        "nom_enseigne": "RESTAURANT LA CRUCHE",
        "identifiant": "000174",
        "url_plan": "https:\/\/sig.strasbourg.eu\/datastrasbourg\/occupation_domaine_public\/terrasse\/2025\/plans\/001060.pdf",
        "superficie_autorisee": 13,
        "url_autorisation": "https:\/\/sig.strasbourg.eu\/datastrasbourg\/occupation_domaine_public\/terrasse\/2025\/autorisations\/A001060.pdf",
        "ville": "STRASBOURG",
        "adresse_etablissement": "6 RUE DES TONNELIERS"
      }
    },
    {
      "type": "Feature",
      "geometry": {
        "coordinates": [
          [
            [7.7464718317, 48.5802793315],
            [7.7464856936, 48.5802660003],
            [7.7465338962, 48.5802882953],
            [7.7465204274, 48.5803017972],
            [7.7464718317, 48.5802793315]
          ]
        ],
        "type": "Polygon"
      },
      "properties": {
        "geo_point_2d": {
          "lon": 7.7465029508930305,
          "lat": 48.580283863932166
        },
        "nom_enseigne": "BRASSERIE LE VINTAGE",
        "identifiant": "001547",
        "url_plan": "https:\/\/sig.strasbourg.eu\/datastrasbourg\/occupation_domaine_public\/terrasse\/2025\/plans\/001061.pdf",
        "superficie_autorisee": 8,
        "url_autorisation": "https:\/\/sig.strasbourg.eu\/datastrasbourg\/occupation_domaine_public\/terrasse\/2025\/autorisations\/A001061.pdf",
        "ville": "STRASBOURG",
        "adresse_etablissement": "15 RUE DES SERRURIERS"
      }
    },
    {
      "type": "Feature",
      "geometry": {
        "coordinates": [
          [
            [7.7527592588, 48.5801438683],
            [7.75274892, 48.5801519778],
            [7.7526413033, 48.5801010526],
            [7.7526635733, 48.5800837411],
            [7.7527592588, 48.5801438683]
          ]
        ],
        "type": "Polygon"
      },
      "properties": {
        "geo_point_2d": { "lon": 7.7526971029116805, "lat": 48.58011679590746 },
        "nom_enseigne": "PALAIS DE CHINE",
        "identifiant": "011551",
        "url_plan": "https:\/\/sig.strasbourg.eu\/datastrasbourg\/occupation_domaine_public\/terrasse\/2025\/plans\/001075.pdf",
        "superficie_autorisee": 18,
        "url_autorisation": "https:\/\/sig.strasbourg.eu\/datastrasbourg\/occupation_domaine_public\/terrasse\/2025\/autorisations\/A001075.pdf",
        "ville": "STRASBOURG",
        "adresse_etablissement": "13 QUAI DES BATELIERS"
      }
    },
    {
      "type": "Feature",
      "geometry": {
        "coordinates": [
          [
            [
              [7.7386928712, 48.5835675598],
              [7.7386832674, 48.5835709002],
              [7.7386791768, 48.5835657231],
              [7.7386887805, 48.5835623827],
              [7.7386928712, 48.5835675598]
            ]
          ],
          [
            [
              [7.7387564412, 48.5835870765],
              [7.7387462733, 48.5835954996],
              [7.7386933763, 48.5835673907],
              [7.7387035442, 48.5835589676],
              [7.7387564412, 48.5835870765]
            ]
          ],
          [
            [
              [7.7386149214, 48.5836285367],
              [7.7386107841, 48.5835926697],
              [7.738622403, 48.5835920838],
              [7.7386265625, 48.5836281431],
              [7.7386149214, 48.5836285367]
            ]
          ]
        ],
        "type": "MultiPolygon"
      },
      "properties": {
        "geo_point_2d": { "lon": 7.738686132997767, "lat": 48.58358813890701 },
        "nom_enseigne": "AU PAIN D'ELISE",
        "identifiant": "011585",
        "url_plan": "https:\/\/sig.strasbourg.eu\/datastrasbourg\/occupation_domaine_public\/terrasse\/2025\/plans\/001094.pdf",
        "superficie_autorisee": 10,
        "url_autorisation": "https:\/\/sig.strasbourg.eu\/datastrasbourg\/occupation_domaine_public\/terrasse\/2025\/autorisations\/A001094.pdf",
        "ville": "STRASBOURG",
        "adresse_etablissement": "7 QUAI SAINT-JEAN"
      }
    },
    {
      "type": "Feature",
      "geometry": {
        "coordinates": [
          [
            [7.7442803502, 48.583002777],
            [7.7444213542, 48.5830155463],
            [7.7444171469, 48.5830360449],
            [7.7442761437, 48.5830232846],
            [7.7442803502, 48.583002777]
          ]
        ],
        "type": "Polygon"
      },
      "properties": {
        "geo_point_2d": { "lon": 7.744348743733377, "lat": 48.58301941271378 },
        "nom_enseigne": "FALAFILO",
        "identifiant": "001080",
        "url_plan": "https:\/\/sig.strasbourg.eu\/datastrasbourg\/occupation_domaine_public\/terrasse\/2025\/plans\/001097.pdf",
        "superficie_autorisee": 24,
        "url_autorisation": "https:\/\/sig.strasbourg.eu\/datastrasbourg\/occupation_domaine_public\/terrasse\/2025\/autorisations\/A001097.pdf",
        "ville": "STRASBOURG",
        "adresse_etablissement": "1 RUE DE LA GRANGE"
      }
    },
    {
      "type": "Feature",
      "geometry": {
        "coordinates": [
          [
            [7.7438197629, 48.5845965755],
            [7.7439847193, 48.584632225],
            [7.7439721359, 48.5846578773],
            [7.743703543, 48.5845992086],
            [7.743716446, 48.5845736333],
            [7.7438197629, 48.5845965755]
          ]
        ],
        "type": "Polygon"
      },
      "properties": {
        "geo_point_2d": { "lon": 7.743844241559034, "lat": 48.584615839680005 },
        "nom_enseigne": "KFC",
        "identifiant": "000109",
        "url_plan": "https:\/\/sig.strasbourg.eu\/datastrasbourg\/occupation_domaine_public\/terrasse\/2025\/plans\/001101.pdf",
        "superficie_autorisee": 62,
        "url_autorisation": "https:\/\/sig.strasbourg.eu\/datastrasbourg\/occupation_domaine_public\/terrasse\/2025\/autorisations\/A001101.pdf",
        "ville": "STRASBOURG",
        "adresse_etablissement": "6 RUE DU NOYER"
      }
    },
    {
      "type": "Feature",
      "geometry": {
        "coordinates": [
          [
            [7.7466008302, 48.5720017976],
            [7.7466535675, 48.5720287253],
            [7.7465906626, 48.572085354],
            [7.746540184, 48.5720606591],
            [7.7466008302, 48.5720017976]
          ]
        ],
        "type": "Polygon"
      },
      "properties": {
        "geo_point_2d": { "lon": 7.746596559549796, "lat": 48.5720438249394 },
        "nom_enseigne": "L'EQUILIBRISTE",
        "identifiant": "011628",
        "url_plan": "https:\/\/sig.strasbourg.eu\/datastrasbourg\/occupation_domaine_public\/terrasse\/2025\/plans\/001124.pdf",
        "superficie_autorisee": 38,
        "url_autorisation": "https:\/\/sig.strasbourg.eu\/datastrasbourg\/occupation_domaine_public\/terrasse\/2025\/autorisations\/A001124.pdf",
        "ville": "STRASBOURG",
        "adresse_etablissement": "6 RUE GUIDO GUERSI"
      }
    },
    {
      "type": "Feature",
      "geometry": {
        "coordinates": [
          [
            [7.7550757693, 48.5714625174],
            [7.755187413, 48.5714477858],
            [7.7551900556, 48.5714566061],
            [7.7550784119, 48.5714713377],
            [7.7550757693, 48.5714625174]
          ]
        ],
        "type": "Polygon"
      },
      "properties": {
        "geo_point_2d": { "lon": 7.755132912450006, "lat": 48.571459561750004 },
        "nom_enseigne": "BOULANGERIE DE L'ETOILE",
        "identifiant": "011630",
        "url_plan": "https:\/\/sig.strasbourg.eu\/datastrasbourg\/occupation_domaine_public\/terrasse\/2025\/plans\/001125.pdf",
        "superficie_autorisee": 8,
        "url_autorisation": "https:\/\/sig.strasbourg.eu\/datastrasbourg\/occupation_domaine_public\/terrasse\/2025\/autorisations\/A001125.pdf",
        "ville": "STRASBOURG",
        "adresse_etablissement": "27 AVE DE COLMAR"
      }
    },
    {
      "type": "Feature",
      "geometry": {
        "coordinates": [
          [
            [7.7415286055, 48.5833303983],
            [7.7417169282, 48.5833812357],
            [7.7416990497, 48.5834103903],
            [7.7415107269, 48.5833595529],
            [7.7415286055, 48.5833303983]
          ]
        ],
        "type": "Polygon"
      },
      "properties": {
        "geo_point_2d": { "lon": 7.741613827561853, "lat": 48.583370394297745 },
        "nom_enseigne": "HOTEL KAIJOO",
        "identifiant": "011645",
        "url_plan": "https:\/\/sig.strasbourg.eu\/datastrasbourg\/occupation_domaine_public\/terrasse\/2025\/plans\/001134.pdf",
        "superficie_autorisee": 53,
        "url_autorisation": "https:\/\/sig.strasbourg.eu\/datastrasbourg\/occupation_domaine_public\/terrasse\/2025\/autorisations\/A001134.pdf",
        "ville": "STRASBOURG",
        "adresse_etablissement": "20 RUE DU JEU DES ENFANTS"
      }
    },
    {
      "type": "Feature",
      "geometry": {
        "coordinates": [
          [
            [
              [7.7516328561, 48.5795128212],
              [7.7516003985, 48.5794658099],
              [7.7516134465, 48.5794603307],
              [7.7516153151, 48.5794630473],
              [7.7516161371, 48.5794628334],
              [7.7516468638, 48.5795073376],
              [7.7516328561, 48.5795128212]
            ]
          ],
          [
            [
              [7.7514138354, 48.5794950321],
              [7.7514604213, 48.5794532985],
              [7.7515083411, 48.579477002],
              [7.7515612531, 48.5795128316],
              [7.7515585724, 48.5795289653],
              [7.7515190853, 48.5795476934],
              [7.7514415926, 48.5795094496],
              [7.7514138354, 48.5794950321]
            ]
          ]
        ],
        "type": "MultiPolygon"
      },
      "properties": {
        "geo_point_2d": { "lon": 7.751504778453228, "lat": 48.579500378912314 },
        "nom_enseigne": "MAMA BUBBELE",
        "identifiant": "011651",
        "url_plan": "https:\/\/sig.strasbourg.eu\/datastrasbourg\/occupation_domaine_public\/terrasse\/2025\/plans\/001136.pdf",
        "superficie_autorisee": 64,
        "url_autorisation": "https:\/\/sig.strasbourg.eu\/datastrasbourg\/occupation_domaine_public\/terrasse\/2025\/autorisations\/A001136.pdf",
        "ville": "STRASBOURG",
        "adresse_etablissement": "2 QUAI DES BATELIERS"
      }
    },
    {
      "type": "Feature",
      "geometry": {
        "coordinates": [
          [
            [7.7526927407, 48.5780129435],
            [7.7526584095, 48.5779851041],
            [7.7527171466, 48.5779532114],
            [7.7527514778, 48.5779810508],
            [7.7526927407, 48.5780129435]
          ]
        ],
        "type": "Polygon"
      },
      "properties": {
        "geo_point_2d": { "lon": 7.75270494365, "lat": 48.57798307744999 },
        "nom_enseigne": "CAFE LOVE",
        "identifiant": "011042",
        "url_plan": "https:\/\/sig.strasbourg.eu\/datastrasbourg\/occupation_domaine_public\/terrasse\/2025\/plans\/001154.pdf",
        "superficie_autorisee": 22,
        "url_autorisation": "https:\/\/sig.strasbourg.eu\/datastrasbourg\/occupation_domaine_public\/terrasse\/2025\/autorisations\/A001154.pdf",
        "ville": "STRASBOURG",
        "adresse_etablissement": "10 PCE D'AUSTERLITZ"
      }
    },
    {
      "type": "Feature",
      "geometry": {
        "coordinates": [
          [
            [7.757040683, 48.580123934],
            [7.7570003043, 48.580111164],
            [7.7570177948, 48.5800868135],
            [7.757136468, 48.5801243414],
            [7.7571189775, 48.5801486919],
            [7.757040683, 48.580123934]
          ]
        ],
        "type": "Polygon"
      },
      "properties": {
        "geo_point_2d": { "lon": 7.757068385876107, "lat": 48.58011775288503 },
        "nom_enseigne": "LE FESTIVAL",
        "identifiant": "000111",
        "url_plan": "https:\/\/sig.strasbourg.eu\/datastrasbourg\/occupation_domaine_public\/terrasse\/2025\/plans\/001166.pdf",
        "superficie_autorisee": 29,
        "url_autorisation": "https:\/\/sig.strasbourg.eu\/datastrasbourg\/occupation_domaine_public\/terrasse\/2025\/autorisations\/A001166.pdf",
        "ville": "STRASBOURG",
        "adresse_etablissement": "4 RUE SAINTE-CATHERINE"
      }
    },
    {
      "type": "Feature",
      "geometry": {
        "coordinates": [
          [
            [7.7461823956, 48.5798963866],
            [7.7461664566, 48.5798942401],
            [7.746182901, 48.579840479],
            [7.7462253851, 48.5798461835],
            [7.7462227062, 48.5798549671],
            [7.7462226063, 48.5798549536],
            [7.7462090951, 48.5798999332],
            [7.7461823956, 48.5798963866]
          ]
        ],
        "type": "Polygon"
      },
      "properties": {
        "geo_point_2d": { "lon": 7.746195924932936, "lat": 48.579870229189694 },
        "nom_enseigne": "TAMIL",
        "identifiant": "012978",
        "url_plan": "https:\/\/sig.strasbourg.eu\/datastrasbourg\/occupation_domaine_public\/terrasse\/2025\/plans\/001167.pdf",
        "superficie_autorisee": 20,
        "url_autorisation": "https:\/\/sig.strasbourg.eu\/datastrasbourg\/occupation_domaine_public\/terrasse\/2025\/autorisations\/A001167.pdf",
        "ville": "STRASBOURG",
        "adresse_etablissement": "2 PCE SAINT-THOMAS"
      }
    },
    {
      "type": "Feature",
      "geometry": {
        "coordinates": [
          [
            [7.752513507, 48.5783804182],
            [7.7525349268, 48.5783978693],
            [7.752496582, 48.578418308],
            [7.7524753922, 48.5784010085],
            [7.752513507, 48.5783804182]
          ]
        ],
        "type": "Polygon"
      },
      "properties": {
        "geo_point_2d": { "lon": 7.752505133649948, "lat": 48.578399385687156 },
        "nom_enseigne": "GOLDEN GAZELLE",
        "identifiant": "001573",
        "url_plan": "https:\/\/sig.strasbourg.eu\/datastrasbourg\/occupation_domaine_public\/terrasse\/2025\/plans\/001171.pdf",
        "superficie_autorisee": 9,
        "url_autorisation": "https:\/\/sig.strasbourg.eu\/datastrasbourg\/occupation_domaine_public\/terrasse\/2025\/autorisations\/A001171.pdf",
        "ville": "STRASBOURG",
        "adresse_etablissement": "20 RUE D'AUSTERLITZ"
      }
    },
    {
      "type": "Feature",
      "geometry": {
        "coordinates": [
          [
            [7.7490165372, 48.5806940484],
            [7.7489962824, 48.580714267],
            [7.7488260178, 48.5806434777],
            [7.7488053395, 48.5806164827],
            [7.7488354485, 48.580576201],
            [7.7488536587, 48.5805821953],
            [7.7488235497, 48.5806224771],
            [7.7489545145, 48.5806666641],
            [7.7490165372, 48.5806940484]
          ]
        ],
        "type": "Polygon"
      },
      "properties": {
        "geo_point_2d": { "lon": 7.748904208480443, "lat": 48.58065736400639 },
        "nom_enseigne": "IL FELICE",
        "identifiant": "000289",
        "url_plan": "https:\/\/sig.strasbourg.eu\/datastrasbourg\/occupation_domaine_public\/terrasse\/2025\/plans\/001178.pdf",
        "superficie_autorisee": 48,
        "url_autorisation": "https:\/\/sig.strasbourg.eu\/datastrasbourg\/occupation_domaine_public\/terrasse\/2025\/autorisations\/A001178.pdf",
        "ville": "STRASBOURG",
        "adresse_etablissement": "2 RUE DU POUMON"
      }
    },
    {
      "type": "Feature",
      "geometry": {
        "coordinates": [
          [
            [7.7811365639, 48.600562283],
            [7.7812153171, 48.6005974142],
            [7.7812002237, 48.6006123531],
            [7.7811213994, 48.6005771888],
            [7.7811365639, 48.600562283]
          ]
        ],
        "type": "Polygon"
      },
      "properties": {
        "geo_point_2d": { "lon": 7.781168375290609, "lat": 48.600587311099225 },
        "nom_enseigne": "CHEZ POMM",
        "identifiant": "000990",
        "url_plan": "https:\/\/sig.strasbourg.eu\/datastrasbourg\/occupation_domaine_public\/terrasse\/2025\/plans\/001180.pdf",
        "superficie_autorisee": 14,
        "url_autorisation": "https:\/\/sig.strasbourg.eu\/datastrasbourg\/occupation_domaine_public\/terrasse\/2025\/autorisations\/A001180.pdf",
        "ville": "STRASBOURG",
        "adresse_etablissement": "64 RUE BOECKLIN"
      }
    },
    {
      "type": "Feature",
      "geometry": {
        "coordinates": [
          [
            [
              [7.7528989132, 48.578520017],
              [7.7529304189, 48.5785486533],
              [7.7529194753, 48.5785539584],
              [7.7528879668, 48.5785253195],
              [7.7528989132, 48.578520017]
            ]
          ],
          [
            [
              [7.7529396683, 48.5785570603],
              [7.7529690915, 48.5785838038],
              [7.7529580404, 48.5785890111],
              [7.7529287219, 48.5785623628],
              [7.7529396683, 48.5785570603]
            ]
          ]
        ],
        "type": "MultiPolygon"
      },
      "properties": {
        "geo_point_2d": { "lon": 7.752928342220478, "lat": 48.57855438961188 },
        "nom_enseigne": "LE GAVROCHE",
        "identifiant": "012088",
        "url_plan": "https:\/\/sig.strasbourg.eu\/datastrasbourg\/occupation_domaine_public\/terrasse\/2025\/plans\/001183.pdf",
        "superficie_autorisee": 8,
        "url_autorisation": "https:\/\/sig.strasbourg.eu\/datastrasbourg\/occupation_domaine_public\/terrasse\/2025\/autorisations\/A001183.pdf",
        "ville": "STRASBOURG",
        "adresse_etablissement": "4 RUE KLEIN"
      }
    },
    {
      "type": "Feature",
      "geometry": {
        "coordinates": [
          [
            [7.7530370033, 48.5829199899],
            [7.7529179836, 48.5828866526],
            [7.7529285267, 48.5828700826],
            [7.7530472597, 48.5829033396],
            [7.7530370033, 48.5829199899]
          ]
        ],
        "type": "Polygon"
      },
      "properties": {
        "geo_point_2d": { "lon": 7.752982691232655, "lat": 48.58289501951264 },
        "nom_enseigne": "LE PICOBELLO",
        "identifiant": "011904",
        "url_plan": "https:\/\/sig.strasbourg.eu\/datastrasbourg\/occupation_domaine_public\/terrasse\/2025\/plans\/001185.pdf",
        "superficie_autorisee": 19,
        "url_autorisation": "https:\/\/sig.strasbourg.eu\/datastrasbourg\/occupation_domaine_public\/terrasse\/2025\/autorisations\/A001185.pdf",
        "ville": "STRASBOURG",
        "adresse_etablissement": "21 \/23 RUE DES FRERES"
      }
    },
    {
      "type": "Feature",
      "geometry": {
        "coordinates": [
          [
            [7.7538830584, 48.5844564993],
            [7.753856787, 48.5844707211],
            [7.7537694602, 48.5843944535],
            [7.7537964435, 48.5843808535],
            [7.7538830584, 48.5844564993]
          ]
        ],
        "type": "Polygon"
      },
      "properties": {
        "geo_point_2d": { "lon": 7.753826419121771, "lat": 48.58442564134911 },
        "nom_enseigne": "BIG FERNAND",
        "identifiant": "011766",
        "url_plan": "https:\/\/sig.strasbourg.eu\/datastrasbourg\/occupation_domaine_public\/terrasse\/2025\/plans\/001203.pdf",
        "superficie_autorisee": 27,
        "url_autorisation": "https:\/\/sig.strasbourg.eu\/datastrasbourg\/occupation_domaine_public\/terrasse\/2025\/autorisations\/A001203.pdf",
        "ville": "STRASBOURG",
        "adresse_etablissement": "4 RUE DU PARCHEMIN"
      }
    },
    {
      "type": "Feature",
      "geometry": {
        "coordinates": [
          [
            [7.7378245727, 48.5826436584],
            [7.737830605, 48.582627212],
            [7.7379154111, 48.5826446262],
            [7.7379069081, 48.5826617044],
            [7.7378245727, 48.5826436584]
          ]
        ],
        "type": "Polygon"
      },
      "properties": {
        "geo_point_2d": {
          "lon": 7.7378698286203935,
          "lat": 48.582644359934754
        },
        "nom_enseigne": "AROMA SWEET",
        "identifiant": "011777",
        "url_plan": "https:\/\/sig.strasbourg.eu\/datastrasbourg\/occupation_domaine_public\/terrasse\/2025\/plans\/001205.pdf",
        "superficie_autorisee": 13,
        "url_autorisation": "https:\/\/sig.strasbourg.eu\/datastrasbourg\/occupation_domaine_public\/terrasse\/2025\/autorisations\/A001205.pdf",
        "ville": "STRASBOURG",
        "adresse_etablissement": "6 RUE DU FAUBOURG NATIONAL"
      }
    },
    {
      "type": "Feature",
      "geometry": {
        "coordinates": [
          [
            [7.7491278484, 48.5823772417],
            [7.7490983933, 48.582418722],
            [7.7490897666, 48.5824162009],
            [7.7491329765, 48.5823551283],
            [7.7491416607, 48.582357539],
            [7.7491278484, 48.5823772417]
          ]
        ],
        "type": "Polygon"
      },
      "properties": {
        "geo_point_2d": { "lon": 7.749115733584807, "lat": 48.58238689404947 },
        "nom_enseigne": "LE SAINT SEPULCRE",
        "identifiant": "001453",
        "url_plan": "https:\/\/sig.strasbourg.eu\/datastrasbourg\/occupation_domaine_public\/terrasse\/2025\/plans\/001211.pdf",
        "superficie_autorisee": 5,
        "url_autorisation": "https:\/\/sig.strasbourg.eu\/datastrasbourg\/occupation_domaine_public\/terrasse\/2025\/autorisations\/A001211.pdf",
        "ville": "STRASBOURG",
        "adresse_etablissement": "15 RUE DES ORFEVRES"
      }
    },
    {
      "type": "Feature",
      "geometry": {
        "coordinates": [
          [
            [
              [7.7408924278, 48.5848173575],
              [7.7408566681, 48.5848684871],
              [7.7408340703, 48.584861118],
              [7.7408702664, 48.5848105865],
              [7.7408924278, 48.5848173575]
            ]
          ],
          [
            [
              [7.7408269224, 48.5848710968],
              [7.7408498462, 48.5848782815],
              [7.7408152425, 48.5849280448],
              [7.7407913608, 48.5849207423],
              [7.7408269224, 48.5848710968]
            ]
          ]
        ],
        "type": "MultiPolygon"
      },
      "properties": {
        "geo_point_2d": { "lon": 7.740841811722459, "lat": 48.58486987982258 },
        "nom_enseigne": "LE PETIT FAUBOURG",
        "identifiant": "001230",
        "url_plan": "https:\/\/sig.strasbourg.eu\/datastrasbourg\/occupation_domaine_public\/terrasse\/2025\/plans\/001216.pdf",
        "superficie_autorisee": 23,
        "url_autorisation": "https:\/\/sig.strasbourg.eu\/datastrasbourg\/occupation_domaine_public\/terrasse\/2025\/autorisations\/A001216.pdf",
        "ville": "STRASBOURG",
        "adresse_etablissement": "2 B RUE DU FAUBOURG DE SAVERNE"
      }
    },
    {
      "type": "Feature",
      "geometry": {
        "coordinates": [
          [
            [7.746778598, 48.5801200191],
            [7.7467882928, 48.5801232266],
            [7.7467514525, 48.5801723336],
            [7.7467417434, 48.5801691177],
            [7.746778598, 48.5801200191]
          ]
        ],
        "type": "Polygon"
      },
      "properties": {
        "geo_point_2d": { "lon": 7.746765016500007, "lat": 48.58014618122662 },
        "nom_enseigne": "RISTORANTE ITALIANO DA PIETRO",
        "identifiant": "001443",
        "url_plan": "https:\/\/sig.strasbourg.eu\/datastrasbourg\/occupation_domaine_public\/terrasse\/2025\/plans\/001223.pdf",
        "superficie_autorisee": 5,
        "url_autorisation": "https:\/\/sig.strasbourg.eu\/datastrasbourg\/occupation_domaine_public\/terrasse\/2025\/autorisations\/A001223.pdf",
        "ville": "STRASBOURG",
        "adresse_etablissement": "3 RUE DU PUITS"
      }
    },
    {
      "type": "Feature",
      "geometry": {
        "coordinates": [
          [
            [7.7499047864, 48.5857770734],
            [7.7499189158, 48.5857825308],
            [7.7498701397, 48.5858270688],
            [7.7498569806, 48.5858207255],
            [7.7499047864, 48.5857770734]
          ]
        ],
        "type": "Polygon"
      },
      "properties": {
        "geo_point_2d": { "lon": 7.749887728489611, "lat": 48.5858018594853 },
        "nom_enseigne": "LA CHAUMIERE",
        "identifiant": "011841",
        "url_plan": "https:\/\/sig.strasbourg.eu\/datastrasbourg\/occupation_domaine_public\/terrasse\/2025\/plans\/001232.pdf",
        "superficie_autorisee": 7,
        "url_autorisation": "https:\/\/sig.strasbourg.eu\/datastrasbourg\/occupation_domaine_public\/terrasse\/2025\/autorisations\/A001232.pdf",
        "ville": "STRASBOURG",
        "adresse_etablissement": "12 RUE DE LA FONDERIE"
      }
    },
    {
      "type": "Feature",
      "geometry": {
        "coordinates": [
          [
            [7.7471474709, 48.5805937799],
            [7.7471097606, 48.580567936],
            [7.747120548, 48.580536859],
            [7.7471342767, 48.5805441426],
            [7.7471336905, 48.5805446334],
            [7.7471391532, 48.5805475173],
            [7.7471399504, 48.580546831],
            [7.7471429462, 48.5805483848],
            [7.7471334673, 48.5805564308],
            [7.7471620117, 48.5805712358],
            [7.7471714816, 48.5805631851],
            [7.7471763927, 48.5805657345],
            [7.7471750919, 48.5805663136],
            [7.7471782369, 48.5805677166],
            [7.7471474709, 48.5805937799]
          ]
        ],
        "type": "Polygon"
      },
      "properties": {
        "geo_point_2d": { "lon": 7.747137764579231, "lat": 48.58056752041249 },
        "nom_enseigne": "LES PROCAFEINISTES",
        "identifiant": "011851",
        "url_plan": "https:\/\/sig.strasbourg.eu\/datastrasbourg\/occupation_domaine_public\/terrasse\/2025\/plans\/001237.pdf",
        "superficie_autorisee": 13,
        "url_autorisation": "https:\/\/sig.strasbourg.eu\/datastrasbourg\/occupation_domaine_public\/terrasse\/2025\/autorisations\/A001237.pdf",
        "ville": "STRASBOURG",
        "adresse_etablissement": "16 RUE DES SERRURIERS"
      }
    },
    {
      "type": "Feature",
      "geometry": {
        "coordinates": [
          [
            [
              [7.7571305872, 48.5801454769],
              [7.7571189775, 48.5801486919],
              [7.7571364434, 48.5801243694],
              [7.7571441106, 48.5801267942],
              [7.7571305872, 48.5801454769]
            ]
          ],
          [
            [
              [7.7571151599, 48.5801632556],
              [7.7571675877, 48.5801493842],
              [7.757138466, 48.580192322],
              [7.7571026606, 48.580181563],
              [7.7571151599, 48.5801632556]
            ]
          ]
        ],
        "type": "MultiPolygon"
      },
      "properties": {
        "geo_point_2d": { "lon": 7.757133711501367, "lat": 48.58016687309014 },
        "nom_enseigne": "ACADEMIE DE LA BIERE KRUTENAU",
        "identifiant": "000232",
        "url_plan": "https:\/\/sig.strasbourg.eu\/datastrasbourg\/occupation_domaine_public\/terrasse\/2025\/plans\/001238.pdf",
        "superficie_autorisee": 12,
        "url_autorisation": "https:\/\/sig.strasbourg.eu\/datastrasbourg\/occupation_domaine_public\/terrasse\/2025\/autorisations\/A001238.pdf",
        "ville": "STRASBOURG",
        "adresse_etablissement": "6 RUE SAINTE-CATHERINE"
      }
    },
    {
      "type": "Feature",
      "geometry": {
        "coordinates": [
          [
            [7.754191918, 48.5783265691],
            [7.7541393388, 48.5782848079],
            [7.754098235, 48.5783079991],
            [7.7540898163, 48.5783014332],
            [7.7541930661, 48.5782431785],
            [7.7542641816, 48.5782998398],
            [7.7542203375, 48.5783240803],
            [7.7542650836, 48.5783572513],
            [7.7542470319, 48.5783681363],
            [7.7542105557, 48.5783415372],
            [7.754191918, 48.5783265691]
          ]
        ],
        "type": "Polygon"
      },
      "properties": {
        "geo_point_2d": { "lon": 7.754197650942339, "lat": 48.5782974854085 },
        "nom_enseigne": "LE CHAT PERCHE",
        "identifiant": "000028",
        "url_plan": "https:\/\/sig.strasbourg.eu\/datastrasbourg\/occupation_domaine_public\/terrasse\/2025\/plans\/001240.pdf",
        "superficie_autorisee": 62,
        "url_autorisation": "https:\/\/sig.strasbourg.eu\/datastrasbourg\/occupation_domaine_public\/terrasse\/2025\/autorisations\/A001240.pdf",
        "ville": "STRASBOURG",
        "adresse_etablissement": "5 PCE D'AUSTERLITZ"
      }
    },
    {
      "type": "Feature",
      "geometry": {
        "coordinates": [
          [
            [7.754780174, 48.5830919945],
            [7.7546530244, 48.5830549149],
            [7.7546666996, 48.5830343447],
            [7.7547938087, 48.5830714124],
            [7.754780174, 48.5830919945]
          ]
        ],
        "type": "Polygon"
      },
      "properties": {
        "geo_point_2d": { "lon": 7.7547234263505835, "lat": 48.58306316718316 },
        "nom_enseigne": "FEC RESTAURANT UNIVERSITAIRE",
        "identifiant": "011863",
        "url_plan": "https:\/\/sig.strasbourg.eu\/datastrasbourg\/occupation_domaine_public\/terrasse\/2025\/plans\/001244.pdf",
        "superficie_autorisee": 26,
        "url_autorisation": "https:\/\/sig.strasbourg.eu\/datastrasbourg\/occupation_domaine_public\/terrasse\/2025\/autorisations\/A001244.pdf",
        "ville": "STRASBOURG",
        "adresse_etablissement": "17 PCE SAINT-ETIENNE"
      }
    },
    {
      "type": "Feature",
      "geometry": {
        "coordinates": [
          [
            [
              [7.7716645487, 48.5809700928],
              [7.771592238, 48.5809775957],
              [7.7715887982, 48.5809615685],
              [7.7716607794, 48.5809540998],
              [7.7716645487, 48.5809700928]
            ]
          ],
          [
            [
              [7.7715414525, 48.5809832598],
              [7.771592238, 48.5809775957],
              [7.7715421105, 48.5810623077],
              [7.7715102205, 48.5810355169],
              [7.7715414525, 48.5809832598]
            ]
          ]
        ],
        "type": "MultiPolygon"
      },
      "properties": {
        "geo_point_2d": { "lon": 7.771568988480734, "lat": 48.58100201868361 },
        "nom_enseigne": "LE CROQUE BEDAINE ESPLANADE",
        "identifiant": "000490",
        "url_plan": "https:\/\/sig.strasbourg.eu\/datastrasbourg\/occupation_domaine_public\/terrasse\/2025\/plans\/001248.pdf",
        "superficie_autorisee": 36,
        "url_autorisation": "https:\/\/sig.strasbourg.eu\/datastrasbourg\/occupation_domaine_public\/terrasse\/2025\/autorisations\/A001248.pdf",
        "ville": "STRASBOURG",
        "adresse_etablissement": "9 RUE VAUBAN"
      }
    },
    {
      "type": "Feature",
      "geometry": {
        "coordinates": [
          [
            [
              [7.7406300819, 48.5847468002],
              [7.7406009025, 48.584787384],
              [7.7405832236, 48.584781868],
              [7.7406124888, 48.5847411504],
              [7.7406300819, 48.5847468002]
            ]
          ],
          [
            [
              [7.7405194674, 48.584795943],
              [7.7405121841, 48.5847935555],
              [7.7405453647, 48.5847489577],
              [7.7405448872, 48.584748788],
              [7.7405468971, 48.5847463002],
              [7.7405478631, 48.5847466122],
              [7.7405486111, 48.5847455995],
              [7.7405552122, 48.5847478951],
              [7.7405194674, 48.584795943]
            ]
          ]
        ],
        "type": "MultiPolygon"
      },
      "properties": {
        "geo_point_2d": { "lon": 7.740582494588868, "lat": 48.584766409807 },
        "nom_enseigne": "RESTAURANT AYGUI",
        "identifiant": "001462",
        "url_plan": "https:\/\/sig.strasbourg.eu\/datastrasbourg\/occupation_domaine_public\/terrasse\/2025\/plans\/001261.pdf",
        "superficie_autorisee": 11,
        "url_autorisation": "https:\/\/sig.strasbourg.eu\/datastrasbourg\/occupation_domaine_public\/terrasse\/2025\/autorisations\/A001261.pdf",
        "ville": "STRASBOURG",
        "adresse_etablissement": "5 RUE DU FAUBOURG DE SAVERNE"
      }
    },
    {
      "type": "Feature",
      "geometry": {
        "coordinates": [
          [
            [7.7528457098, 48.5836610025],
            [7.7528264567, 48.5836736804],
            [7.7527965388, 48.5836540517],
            [7.7528155815, 48.5836412506],
            [7.7528456936, 48.5836610074],
            [7.7528457098, 48.5836610025]
          ]
        ],
        "type": "Polygon"
      },
      "properties": {
        "geo_point_2d": { "lon": 7.752821079260941, "lat": 48.58365749116058 },
        "nom_enseigne": "BAR L'IDEAL",
        "identifiant": "011910",
        "url_plan": "https:\/\/sig.strasbourg.eu\/datastrasbourg\/occupation_domaine_public\/terrasse\/2025\/plans\/001264.pdf",
        "superficie_autorisee": 6,
        "url_autorisation": "https:\/\/sig.strasbourg.eu\/datastrasbourg\/occupation_domaine_public\/terrasse\/2025\/autorisations\/A001264.pdf",
        "ville": "STRASBOURG",
        "adresse_etablissement": "26 RUE DES JUIFS"
      }
    },
    {
      "type": "Feature",
      "geometry": {
        "coordinates": [
          [
            [7.756042693, 48.5722538762],
            [7.7560168022, 48.5722485116],
            [7.7560515905, 48.5721629267],
            [7.7560777578, 48.572167611],
            [7.756042693, 48.5722538762]
          ]
        ],
        "type": "Polygon"
      },
      "properties": {
        "geo_point_2d": { "lon": 7.756047228045616, "lat": 48.5722082346967 },
        "nom_enseigne": "ROUE LIBRE",
        "identifiant": "011878",
        "url_plan": "https:\/\/sig.strasbourg.eu\/datastrasbourg\/occupation_domaine_public\/terrasse\/2025\/plans\/001267.pdf",
        "superficie_autorisee": 20,
        "url_autorisation": "https:\/\/sig.strasbourg.eu\/datastrasbourg\/occupation_domaine_public\/terrasse\/2025\/autorisations\/A001267.pdf",
        "ville": "STRASBOURG",
        "adresse_etablissement": "17 A RTE DE VIENNE"
      }
    },
    {
      "type": "Feature",
      "geometry": {
        "coordinates": [
          [
            [7.7472928453, 48.5841134429],
            [7.7473092859, 48.5841127704],
            [7.7473127543, 48.5841650047],
            [7.7472962754, 48.5841655494],
            [7.7472928453, 48.5841134429]
          ]
        ],
        "type": "Polygon"
      },
      "properties": {
        "geo_point_2d": { "lon": 7.74730279413403, "lat": 48.584139199589906 },
        "nom_enseigne": "BLACK & WHITE BURGER",
        "identifiant": "011880",
        "url_plan": "https:\/\/sig.strasbourg.eu\/datastrasbourg\/occupation_domaine_public\/terrasse\/2025\/plans\/001269.pdf",
        "superficie_autorisee": 7,
        "url_autorisation": "https:\/\/sig.strasbourg.eu\/datastrasbourg\/occupation_domaine_public\/terrasse\/2025\/autorisations\/A001269.pdf",
        "ville": "STRASBOURG",
        "adresse_etablissement": "12 RUE DE LA MESANGE"
      }
    },
    {
      "type": "Feature",
      "geometry": {
        "coordinates": [
          [
            [7.7404695932, 48.5884676952],
            [7.7404713712, 48.5884685202],
            [7.7404504458, 48.588496629],
            [7.7404382916, 48.5884926469],
            [7.7404683046, 48.5884523308],
            [7.7404781912, 48.58845557],
            [7.7404695932, 48.5884676952]
          ]
        ],
        "type": "Polygon"
      },
      "properties": {
        "geo_point_2d": { "lon": 7.740458520942215, "lat": 48.58847516874341 },
        "nom_enseigne": "LE CYRANO",
        "identifiant": "011899",
        "url_plan": "https:\/\/sig.strasbourg.eu\/datastrasbourg\/occupation_domaine_public\/terrasse\/2025\/plans\/001277.pdf",
        "superficie_autorisee": 5,
        "url_autorisation": "https:\/\/sig.strasbourg.eu\/datastrasbourg\/occupation_domaine_public\/terrasse\/2025\/autorisations\/A001277.pdf",
        "ville": "STRASBOURG",
        "adresse_etablissement": "12 RUE DES HALLES"
      }
    },
    {
      "type": "Feature",
      "geometry": {
        "coordinates": [
          [
            [7.7560478692, 48.5640982141],
            [7.7560426392, 48.5641065102],
            [7.7558676524, 48.564057912],
            [7.7558731342, 48.5640496859],
            [7.7560478692, 48.5640982141]
          ]
        ],
        "type": "Polygon"
      },
      "properties": {
        "geo_point_2d": { "lon": 7.755957823210193, "lat": 48.564078081570095 },
        "nom_enseigne": "LE CAFE GROGNON",
        "identifiant": "011926",
        "url_plan": "https:\/\/sig.strasbourg.eu\/datastrasbourg\/occupation_domaine_public\/terrasse\/2025\/plans\/001288.pdf",
        "superficie_autorisee": 14,
        "url_autorisation": "https:\/\/sig.strasbourg.eu\/datastrasbourg\/occupation_domaine_public\/terrasse\/2025\/autorisations\/A001288.pdf",
        "ville": "STRASBOURG",
        "adresse_etablissement": "2 AVE LEON DACHEUX"
      }
    },
    {
      "type": "Feature",
      "geometry": {
        "coordinates": [
          [
            [7.7589492369, 48.5782437407],
            [7.7589615974, 48.5782400501],
            [7.7590120852, 48.5783126863],
            [7.7589997777, 48.5783164529],
            [7.7589492369, 48.5782437407]
          ]
        ],
        "type": "Polygon"
      },
      "properties": {
        "geo_point_2d": { "lon": 7.758980673175437, "lat": 48.578278232754506 },
        "nom_enseigne": "STARLING BURGERS",
        "identifiant": "011940",
        "url_plan": "https:\/\/sig.strasbourg.eu\/datastrasbourg\/occupation_domaine_public\/terrasse\/2025\/plans\/001292.pdf",
        "superficie_autorisee": 9,
        "url_autorisation": "https:\/\/sig.strasbourg.eu\/datastrasbourg\/occupation_domaine_public\/terrasse\/2025\/autorisations\/A001292.pdf",
        "ville": "STRASBOURG",
        "adresse_etablissement": "7 RUE DE L'HOPITAL MILITAIRE"
      }
    },
    {
      "type": "Feature",
      "geometry": {
        "coordinates": [
          [
            [7.7543753608, 48.5809202825],
            [7.7544644975, 48.5809591133],
            [7.7544459008, 48.5809779071],
            [7.7543571254, 48.5809392337],
            [7.7543753608, 48.5809202825]
          ]
        ],
        "type": "Polygon"
      },
      "properties": {
        "geo_point_2d": { "lon": 7.754410727356527, "lat": 48.58094912776155 },
        "nom_enseigne": "JIMMY'S BAR",
        "identifiant": "011942",
        "url_plan": "https:\/\/sig.strasbourg.eu\/datastrasbourg\/occupation_domaine_public\/terrasse\/2025\/plans\/001293.pdf",
        "superficie_autorisee": 20,
        "url_autorisation": "https:\/\/sig.strasbourg.eu\/datastrasbourg\/occupation_domaine_public\/terrasse\/2025\/autorisations\/A001293.pdf",
        "ville": "STRASBOURG",
        "adresse_etablissement": "30 QUAI DES BATELIERS"
      }
    },
    {
      "type": "Feature",
      "geometry": {
        "coordinates": [
          [
            [7.7534003842, 48.5804218236],
            [7.7533798766, 48.5804397236],
            [7.7532722715, 48.5803837993],
            [7.7532931653, 48.5803660999],
            [7.7534003842, 48.5804218236]
          ]
        ],
        "type": "Polygon"
      },
      "properties": {
        "geo_point_2d": { "lon": 7.753336418162763, "lat": 48.58040286691331 },
        "nom_enseigne": "ASSOCIATION L'ETAGE",
        "identifiant": "011949",
        "url_plan": "https:\/\/sig.strasbourg.eu\/datastrasbourg\/occupation_domaine_public\/terrasse\/2025\/plans\/001296.pdf",
        "superficie_autorisee": 25,
        "url_autorisation": "https:\/\/sig.strasbourg.eu\/datastrasbourg\/occupation_domaine_public\/terrasse\/2025\/autorisations\/A001296.pdf",
        "ville": "STRASBOURG",
        "adresse_etablissement": "19 QUAI DES BATELIERS"
      }
    },
    {
      "type": "Feature",
      "geometry": {
        "coordinates": [
          [
            [7.7488840462, 48.5800688012],
            [7.7488915364, 48.580061304],
            [7.748997352, 48.5801099789],
            [7.7489896301, 48.5801173696],
            [7.7488840462, 48.5800688012]
          ]
        ],
        "type": "Polygon"
      },
      "properties": {
        "geo_point_2d": { "lon": 7.7489406426296625, "lat": 48.5800893620957 },
        "nom_enseigne": "A CANTINA",
        "identifiant": "011582",
        "url_plan": "https:\/\/sig.strasbourg.eu\/datastrasbourg\/occupation_domaine_public\/terrasse\/2025\/plans\/001325.pdf",
        "superficie_autorisee": 9,
        "url_autorisation": "https:\/\/sig.strasbourg.eu\/datastrasbourg\/occupation_domaine_public\/terrasse\/2025\/autorisations\/A001325.pdf",
        "ville": "STRASBOURG",
        "adresse_etablissement": "21 RUE DE L'AIL"
      }
    },
    {
      "type": "Feature",
      "geometry": {
        "coordinates": [
          [
            [7.7616049758, 48.5811461296],
            [7.7615825726, 48.5810202758],
            [7.7616012984, 48.5810186695],
            [7.761624154, 48.5811445678],
            [7.7616049758, 48.5811461296]
          ]
        ],
        "type": "Polygon"
      },
      "properties": {
        "geo_point_2d": { "lon": 7.761603294782055, "lat": 48.58108265291801 },
        "nom_enseigne": "LA PLANQUE",
        "identifiant": "001338",
        "url_plan": "https:\/\/sig.strasbourg.eu\/datastrasbourg\/occupation_domaine_public\/terrasse\/2025\/plans\/001342.pdf",
        "superficie_autorisee": 20,
        "url_autorisation": "https:\/\/sig.strasbourg.eu\/datastrasbourg\/occupation_domaine_public\/terrasse\/2025\/autorisations\/A001342.pdf",
        "ville": "STRASBOURG",
        "adresse_etablissement": "22 BIS RUE DES BALAYEURS"
      }
    },
    {
      "type": "Feature",
      "geometry": {
        "coordinates": [
          [
            [7.7428381148, 48.5837587487],
            [7.7428245717, 48.5837825144],
            [7.7427770282, 48.5837705869],
            [7.7427906909, 48.5837466135],
            [7.7428381148, 48.5837587487]
          ]
        ],
        "type": "Polygon"
      },
      "properties": {
        "geo_point_2d": { "lon": 7.742807566897444, "lat": 48.58376460718452 },
        "nom_enseigne": "DAMASQUINO",
        "identifiant": "011110",
        "url_plan": "https:\/\/sig.strasbourg.eu\/datastrasbourg\/occupation_domaine_public\/terrasse\/2025\/plans\/001363.pdf",
        "superficie_autorisee": 11,
        "url_autorisation": "https:\/\/sig.strasbourg.eu\/datastrasbourg\/occupation_domaine_public\/terrasse\/2025\/autorisations\/A001363.pdf",
        "ville": "STRASBOURG",
        "adresse_etablissement": "33 RUE DU JEU DES ENFANTS"
      }
    },
    {
      "type": "Feature",
      "geometry": {
        "coordinates": [
          [
            [7.7498278496, 48.5858450483],
            [7.749840901, 48.5858514789],
            [7.7498207011, 48.5858695329],
            [7.7498076498, 48.5858631022],
            [7.7498278496, 48.5858450483]
          ]
        ],
        "type": "Polygon"
      },
      "properties": {
        "geo_point_2d": { "lon": 7.749824275379809, "lat": 48.58585729057874 },
        "nom_enseigne": "SUSHI OPERA",
        "identifiant": "001052",
        "url_plan": "https:\/\/sig.strasbourg.eu\/datastrasbourg\/occupation_domaine_public\/terrasse\/2025\/plans\/001364.pdf",
        "superficie_autorisee": 3,
        "url_autorisation": "https:\/\/sig.strasbourg.eu\/datastrasbourg\/occupation_domaine_public\/terrasse\/2025\/autorisations\/A001364.pdf",
        "ville": "STRASBOURG",
        "adresse_etablissement": "10 RUE DE LA FONDERIE"
      }
    },
    {
      "type": "Feature",
      "geometry": {
        "coordinates": [
          [
            [7.7614381041, 48.5814946362],
            [7.7614178484, 48.5814962218],
            [7.7614125081, 48.5814616786],
            [7.7614330216, 48.5814603431],
            [7.7614381041, 48.5814946362]
          ]
        ],
        "type": "Polygon"
      },
      "properties": {
        "geo_point_2d": { "lon": 7.761425352801623, "lat": 48.58147819025162 },
        "nom_enseigne": "AIDA",
        "identifiant": "001818",
        "url_plan": "https:\/\/sig.strasbourg.eu\/datastrasbourg\/occupation_domaine_public\/terrasse\/2025\/plans\/001365.pdf",
        "superficie_autorisee": 6,
        "url_autorisation": "https:\/\/sig.strasbourg.eu\/datastrasbourg\/occupation_domaine_public\/terrasse\/2025\/autorisations\/A001365.pdf",
        "ville": "STRASBOURG",
        "adresse_etablissement": "7 PCE SAINT-NICOLAS-AUX-ONDES"
      }
    },
    {
      "type": "Feature",
      "geometry": {
        "coordinates": [
          [
            [7.7395011226, 48.5825839533],
            [7.7395289862, 48.582580308],
            [7.7395342737, 48.5826025316],
            [7.7395076777, 48.582606011],
            [7.7395011226, 48.5825839533]
          ]
        ],
        "type": "Polygon"
      },
      "properties": {
        "geo_point_2d": { "lon": 7.73951799208553, "lat": 48.58259311508214 },
        "nom_enseigne": "MUSA RESTAURANT",
        "identifiant": "011638",
        "url_plan": "https:\/\/sig.strasbourg.eu\/datastrasbourg\/occupation_domaine_public\/terrasse\/2025\/plans\/001368.pdf",
        "superficie_autorisee": 5,
        "url_autorisation": "https:\/\/sig.strasbourg.eu\/datastrasbourg\/occupation_domaine_public\/terrasse\/2025\/autorisations\/A001368.pdf",
        "ville": "STRASBOURG",
        "adresse_etablissement": "10 GRAND'RUE"
      }
    },
    {
      "type": "Feature",
      "geometry": {
        "coordinates": [
          [
            [7.7435001591, 48.581722133],
            [7.7434878798, 48.5817011821],
            [7.7435952461, 48.5816734665],
            [7.7436075253, 48.5816944175],
            [7.7435001591, 48.581722133]
          ]
        ],
        "type": "Polygon"
      },
      "properties": {
        "geo_point_2d": { "lon": 7.743547702601206, "lat": 48.58169779976566 },
        "nom_enseigne": "PNY GRAND'RUE",
        "identifiant": "012158",
        "url_plan": "https:\/\/sig.strasbourg.eu\/datastrasbourg\/occupation_domaine_public\/terrasse\/2025\/plans\/001369.pdf",
        "superficie_autorisee": 21,
        "url_autorisation": "https:\/\/sig.strasbourg.eu\/datastrasbourg\/occupation_domaine_public\/terrasse\/2025\/autorisations\/A001369.pdf",
        "ville": "STRASBOURG",
        "adresse_etablissement": "77 GRAND'RUE"
      }
    },
    {
      "type": "Feature",
      "geometry": {
        "coordinates": [
          [
            [
              [7.7476276318, 48.5830450321],
              [7.7474967968, 48.5830011179],
              [7.7475012061, 48.5829945353],
              [7.7476325265, 48.5830386124],
              [7.7476276318, 48.5830450321]
            ]
          ],
          [
            [
              [7.7476494649, 48.5830948912],
              [7.7476142259, 48.5830884649],
              [7.7476299839, 48.5830540459],
              [7.7476678472, 48.5830616051],
              [7.7476581153, 48.583077611],
              [7.7476494649, 48.5830948912]
            ]
          ]
        ],
        "type": "MultiPolygon"
      },
      "properties": {
        "geo_point_2d": { "lon": 7.7476068899097, "lat": 48.583050397583314 },
        "nom_enseigne": "FLOW FOOD",
        "identifiant": "011835",
        "url_plan": "https:\/\/sig.strasbourg.eu\/datastrasbourg\/occupation_domaine_public\/terrasse\/2025\/plans\/001375.pdf",
        "superficie_autorisee": 20,
        "url_autorisation": "https:\/\/sig.strasbourg.eu\/datastrasbourg\/occupation_domaine_public\/terrasse\/2025\/autorisations\/A001375.pdf",
        "ville": "STRASBOURG",
        "adresse_etablissement": "11 PCE DU TEMPLE-NEUF"
      }
    },
    {
      "type": "Feature",
      "geometry": {
        "coordinates": [
          [
            [7.7429066204, 48.5824407479],
            [7.7428930887, 48.5824200833],
            [7.7429420073, 48.5824057005],
            [7.7429557483, 48.5824262199],
            [7.7429070652, 48.5824406164],
            [7.7429066204, 48.5824407479]
          ]
        ],
        "type": "Polygon"
      },
      "properties": {
        "geo_point_2d": { "lon": 7.742924358241116, "lat": 48.58242320094035 },
        "nom_enseigne": "MACARONS ET INSPIRATION",
        "identifiant": "012130",
        "url_plan": "https:\/\/sig.strasbourg.eu\/datastrasbourg\/occupation_domaine_public\/terrasse\/2025\/plans\/001386.pdf",
        "superficie_autorisee": 10,
        "url_autorisation": "https:\/\/sig.strasbourg.eu\/datastrasbourg\/occupation_domaine_public\/terrasse\/2025\/autorisations\/A001386.pdf",
        "ville": "STRASBOURG",
        "adresse_etablissement": "36 RUE DU FOSSE DES TANNEURS"
      }
    },
    {
      "type": "Feature",
      "geometry": {
        "coordinates": [
          [
            [7.7319093827, 48.5808256903],
            [7.7318943548, 48.5808299343],
            [7.7318399375, 48.5807469987],
            [7.7318548511, 48.5807429294],
            [7.7319093827, 48.5808256903]
          ]
        ],
        "type": "Polygon"
      },
      "properties": {
        "geo_point_2d": { "lon": 7.731874688466987, "lat": 48.58078647805018 },
        "nom_enseigne": "QUAI 67",
        "identifiant": "012138",
        "url_plan": "https:\/\/sig.strasbourg.eu\/datastrasbourg\/occupation_domaine_public\/terrasse\/2025\/plans\/001390.pdf",
        "superficie_autorisee": 12,
        "url_autorisation": "https:\/\/sig.strasbourg.eu\/datastrasbourg\/occupation_domaine_public\/terrasse\/2025\/autorisations\/A001390.pdf",
        "ville": "STRASBOURG",
        "adresse_etablissement": "14 BD DE NANCY"
      }
    },
    {
      "type": "Feature",
      "geometry": {
        "coordinates": [
          [
            [7.7521073374, 48.5786190791],
            [7.7521234044, 48.5786105013],
            [7.7521393951, 48.5786250465],
            [7.7520885276, 48.5786523308],
            [7.7520708746, 48.5786378717],
            [7.7520766772, 48.5786338318],
            [7.7520778155, 48.5786349746],
            [7.7521073374, 48.5786190791]
          ]
        ],
        "type": "Polygon"
      },
      "properties": {
        "geo_point_2d": { "lon": 7.752105462325552, "lat": 48.578631557786906 },
        "nom_enseigne": "BY KEBAB PIZZA",
        "identifiant": "001108",
        "url_plan": "https:\/\/sig.strasbourg.eu\/datastrasbourg\/occupation_domaine_public\/terrasse\/2025\/plans\/001392.pdf",
        "superficie_autorisee": 10,
        "url_autorisation": "https:\/\/sig.strasbourg.eu\/datastrasbourg\/occupation_domaine_public\/terrasse\/2025\/autorisations\/A001392.pdf",
        "ville": "STRASBOURG",
        "adresse_etablissement": "12 RUE D'AUSTERLITZ"
      }
    },
    {
      "type": "Feature",
      "geometry": {
        "coordinates": [
          [
            [7.735982691, 48.5824275645],
            [7.7359359414, 48.5824248553],
            [7.7359392343, 48.5824071273],
            [7.7359859312, 48.5824108291],
            [7.735982691, 48.5824275645]
          ]
        ],
        "type": "Polygon"
      },
      "properties": {
        "geo_point_2d": { "lon": 7.735960728043257, "lat": 48.582417574695135 },
        "nom_enseigne": "YOL",
        "identifiant": "012146",
        "url_plan": "https:\/\/sig.strasbourg.eu\/datastrasbourg\/occupation_domaine_public\/terrasse\/2025\/plans\/001399.pdf",
        "superficie_autorisee": 7,
        "url_autorisation": "https:\/\/sig.strasbourg.eu\/datastrasbourg\/occupation_domaine_public\/terrasse\/2025\/autorisations\/A001399.pdf",
        "ville": "STRASBOURG",
        "adresse_etablissement": "44 RUE DU FAUBOURG NATIONAL"
      }
    },
    {
      "type": "Feature",
      "geometry": {
        "coordinates": [
          [
            [7.7363269115, 48.582450106],
            [7.7363280052, 48.5824434044],
            [7.7363688038, 48.5824461717],
            [7.7363677701, 48.5824528806],
            [7.7363269115, 48.582450106]
          ]
        ],
        "type": "Polygon"
      },
      "properties": {
        "geo_point_2d": { "lon": 7.736347874139107, "lat": 48.58244814161306 },
        "nom_enseigne": "KABOUL CUISINE",
        "identifiant": "001813",
        "url_plan": "https:\/\/sig.strasbourg.eu\/datastrasbourg\/occupation_domaine_public\/terrasse\/2025\/plans\/001400.pdf",
        "superficie_autorisee": 2,
        "url_autorisation": "https:\/\/sig.strasbourg.eu\/datastrasbourg\/occupation_domaine_public\/terrasse\/2025\/autorisations\/A001400.pdf",
        "ville": "STRASBOURG",
        "adresse_etablissement": "38 RUE DU FAUBOURG NATIONAL"
      }
    },
    {
      "type": "Feature",
      "geometry": {
        "coordinates": [
          [
            [7.7619619484, 48.5813506212],
            [7.7618561308, 48.5813731458],
            [7.7618379128, 48.581335474],
            [7.7619433865, 48.5813127113],
            [7.7619619484, 48.5813506212]
          ]
        ],
        "type": "Polygon"
      },
      "properties": {
        "geo_point_2d": { "lon": 7.761899913399312, "lat": 48.581342980131794 },
        "nom_enseigne": "TAMIL BRASSERIE",
        "identifiant": "001667",
        "url_plan": "https:\/\/sig.strasbourg.eu\/datastrasbourg\/occupation_domaine_public\/terrasse\/2025\/plans\/001409.pdf",
        "superficie_autorisee": 36,
        "url_autorisation": "https:\/\/sig.strasbourg.eu\/datastrasbourg\/occupation_domaine_public\/terrasse\/2025\/autorisations\/A001409.pdf",
        "ville": "STRASBOURG",
        "adresse_etablissement": "6 PCE SAINT-NICOLAS-AUX-ONDES"
      }
    },
    {
      "type": "Feature",
      "geometry": {
        "coordinates": [
          [
            [7.7233292565, 48.6018579031],
            [7.7233777218, 48.6018748257],
            [7.7233457538, 48.6019145994],
            [7.7232970425, 48.6018976868],
            [7.7233292565, 48.6018579031]
          ]
        ],
        "type": "Polygon"
      },
      "properties": {
        "geo_point_2d": { "lon": 7.723337425824957, "lat": 48.601886263776365 },
        "nom_enseigne": "MOON LA SAVEUR DU PAIN",
        "identifiant": "001794",
        "url_plan": "https:\/\/sig.strasbourg.eu\/datastrasbourg\/occupation_domaine_public\/terrasse\/2025\/plans\/001413.pdf",
        "superficie_autorisee": 20,
        "url_autorisation": "https:\/\/sig.strasbourg.eu\/datastrasbourg\/occupation_domaine_public\/terrasse\/2025\/autorisations\/A001413.pdf",
        "ville": "STRASBOURG",
        "adresse_etablissement": "4 RUE NELLY SACHS"
      }
    },
    {
      "type": "Feature",
      "geometry": {
        "coordinates": [
          [
            [7.7437291132, 48.5816003472],
            [7.7436572571, 48.5816184558],
            [7.7436449176, 48.5815973917],
            [7.7436480933, 48.5815966402],
            [7.7436486356, 48.5815976542],
            [7.7437132576, 48.5815812453],
            [7.7437129177, 48.5815806556],
            [7.7437168709, 48.5815795029],
            [7.7437291132, 48.5816003472]
          ]
        ],
        "type": "Polygon"
      },
      "properties": {
        "geo_point_2d": { "lon": 7.743687295586501, "lat": 48.58159931947357 },
        "nom_enseigne": "ELSASS FOOD BY MORITZ",
        "identifiant": "011255",
        "url_plan": "https:\/\/sig.strasbourg.eu\/datastrasbourg\/occupation_domaine_public\/terrasse\/2025\/plans\/001414.pdf",
        "superficie_autorisee": 14,
        "url_autorisation": "https:\/\/sig.strasbourg.eu\/datastrasbourg\/occupation_domaine_public\/terrasse\/2025\/autorisations\/A001414.pdf",
        "ville": "STRASBOURG",
        "adresse_etablissement": "104 GRAND'RUE"
      }
    },
    {
      "type": "Feature",
      "geometry": {
        "coordinates": [
          [
            [7.7448846067, 48.5830024184],
            [7.7448800654, 48.5830292285],
            [7.744826188, 48.5830252111],
            [7.7448307293, 48.582998401],
            [7.7448846067, 48.5830024184]
          ]
        ],
        "type": "Polygon"
      },
      "properties": {
        "geo_point_2d": { "lon": 7.74485539735, "lat": 48.583013814750004 },
        "nom_enseigne": "BREAK'N GOOD",
        "identifiant": "011922",
        "url_plan": "https:\/\/sig.strasbourg.eu\/datastrasbourg\/occupation_domaine_public\/terrasse\/2025\/plans\/001425.pdf",
        "superficie_autorisee": 12,
        "url_autorisation": "https:\/\/sig.strasbourg.eu\/datastrasbourg\/occupation_domaine_public\/terrasse\/2025\/autorisations\/A001425.pdf",
        "ville": "STRASBOURG",
        "adresse_etablissement": "12 RUE DE LA GRANGE"
      }
    },
    {
      "type": "Feature",
      "geometry": {
        "coordinates": [
          [
            [7.7491182203, 48.5775255026],
            [7.7491042711, 48.5775824315],
            [7.7490855489, 48.5775804136],
            [7.7490968871, 48.5775341063],
            [7.7490944511, 48.5775296649],
            [7.7491182203, 48.5775255026]
          ]
        ],
        "type": "Polygon"
      },
      "properties": {
        "geo_point_2d": { "lon": 7.74910166446859, "lat": 48.57755413359265 },
        "nom_enseigne": "CHEZ CO HAI",
        "identifiant": "001690",
        "url_plan": "https:\/\/sig.strasbourg.eu\/datastrasbourg\/occupation_domaine_public\/terrasse\/2025\/plans\/001428.pdf",
        "superficie_autorisee": 9,
        "url_autorisation": "https:\/\/sig.strasbourg.eu\/datastrasbourg\/occupation_domaine_public\/terrasse\/2025\/autorisations\/A001428.pdf",
        "ville": "STRASBOURG",
        "adresse_etablissement": "5 PCE DE L'HOPITAL"
      }
    },
    {
      "type": "Feature",
      "geometry": {
        "coordinates": [
          [
            [
              [7.7565406541, 48.5802265944],
              [7.7565541916, 48.5802270301],
              [7.756553263, 48.5802405383],
              [7.7565559423, 48.5802404375],
              [7.7565544154, 48.5802661734],
              [7.7565389911, 48.5802662054],
              [7.7565406541, 48.5802265944]
            ]
          ],
          [
            [
              [7.7565474468, 48.5803310913],
              [7.7565468043, 48.5803414693],
              [7.7565332363, 48.580341182],
              [7.7565377781, 48.5802902383],
              [7.7565532338, 48.5802904606],
              [7.7565501241, 48.5803312559],
              [7.7565474468, 48.5803310913]
            ]
          ]
        ],
        "type": "MultiPolygon"
      },
      "properties": {
        "geo_point_2d": { "lon": 7.756544942496917, "lat": 48.58028607678392 },
        "nom_enseigne": "RANNA GHOR",
        "identifiant": "000700",
        "url_plan": "https:\/\/sig.strasbourg.eu\/datastrasbourg\/occupation_domaine_public\/terrasse\/2025\/plans\/001431.pdf",
        "superficie_autorisee": 11,
        "url_autorisation": "https:\/\/sig.strasbourg.eu\/datastrasbourg\/occupation_domaine_public\/terrasse\/2025\/autorisations\/A001431.pdf",
        "ville": "STRASBOURG",
        "adresse_etablissement": "33 RUE DE ZURICH"
      }
    },
    {
      "type": "Feature",
      "geometry": {
        "coordinates": [
          [
            [7.7362478667, 48.5841281443],
            [7.7362733212, 48.5841119737],
            [7.7363579153, 48.5841705906],
            [7.7363334398, 48.5841861392],
            [7.7362478667, 48.5841281443]
          ]
        ],
        "type": "Polygon"
      },
      "properties": {
        "geo_point_2d": { "lon": 7.7363028576913475, "lat": 48.58414902140093 },
        "nom_enseigne": "LES MAINS DANS LA FARINE GARE",
        "identifiant": "012193",
        "url_plan": "https:\/\/sig.strasbourg.eu\/datastrasbourg\/occupation_domaine_public\/terrasse\/2025\/plans\/001433.pdf",
        "superficie_autorisee": 23,
        "url_autorisation": "https:\/\/sig.strasbourg.eu\/datastrasbourg\/occupation_domaine_public\/terrasse\/2025\/autorisations\/A001433.pdf",
        "ville": "STRASBOURG",
        "adresse_etablissement": "9 PCE DE LA GARE"
      }
    },
    {
      "type": "Feature",
      "geometry": {
        "coordinates": [
          [
            [7.7542842777, 48.5831019461],
            [7.7542854648, 48.5830927767],
            [7.7543595913, 48.5830965011],
            [7.7543579481, 48.5831058748],
            [7.7543527774, 48.5831056181],
            [7.7542892069, 48.5831022103],
            [7.7542842777, 48.5831019461]
          ]
        ],
        "type": "Polygon"
      },
      "properties": {
        "geo_point_2d": { "lon": 7.7543219812068545, "lat": 48.58309928331603 },
        "nom_enseigne": "O'TACOS",
        "identifiant": "001502",
        "url_plan": "https:\/\/sig.strasbourg.eu\/datastrasbourg\/occupation_domaine_public\/terrasse\/2025\/plans\/001437.pdf",
        "superficie_autorisee": 6,
        "url_autorisation": "https:\/\/sig.strasbourg.eu\/datastrasbourg\/occupation_domaine_public\/terrasse\/2025\/autorisations\/A001437.pdf",
        "ville": "STRASBOURG",
        "adresse_etablissement": "1 PCE SAINT-ETIENNE"
      }
    },
    {
      "type": "Feature",
      "geometry": {
        "coordinates": [
          [
            [7.7616349805, 48.5812186843],
            [7.7616160816, 48.5812200266],
            [7.7616067375, 48.5811573835],
            [7.7616256046, 48.5811560416],
            [7.7616349805, 48.5812186843]
          ]
        ],
        "type": "Polygon"
      },
      "properties": {
        "geo_point_2d": { "lon": 7.761620852398438, "lat": 48.58118804271186 },
        "nom_enseigne": "ACE",
        "identifiant": "001768",
        "url_plan": "https:\/\/sig.strasbourg.eu\/datastrasbourg\/occupation_domaine_public\/terrasse\/2025\/plans\/001438.pdf",
        "superficie_autorisee": 10,
        "url_autorisation": "https:\/\/sig.strasbourg.eu\/datastrasbourg\/occupation_domaine_public\/terrasse\/2025\/autorisations\/A001438.pdf",
        "ville": "STRASBOURG",
        "adresse_etablissement": "22 RUE DES BALAYEURS"
      }
    },
    {
      "type": "Feature",
      "geometry": {
        "coordinates": [
          [
            [7.744826006, 48.5838620901],
            [7.7448249008, 48.5838654349],
            [7.7448264833, 48.5838656585],
            [7.7448264213, 48.5838658682],
            [7.7448268806, 48.583870814],
            [7.7448245385, 48.5838708917],
            [7.7448248032, 48.5838740344],
            [7.7448271039, 48.5838739494],
            [7.7448310316, 48.5839198931],
            [7.7448287071, 48.5839200152],
            [7.7448289837, 48.5839231394],
            [7.7448312853, 48.5839230633],
            [7.7448320986, 48.5839326978],
            [7.7448186223, 48.5839334084],
            [7.7448128688, 48.5838657165],
            [7.7448239413, 48.583831852],
            [7.7448371727, 48.5838338035],
            [7.7448276168, 48.5838623197],
            [7.744826006, 48.5838620901]
          ]
        ],
        "type": "Polygon"
      },
      "properties": {
        "geo_point_2d": { "lon": 7.744823283462589, "lat": 48.583882685968 },
        "nom_enseigne": "POULAILLON",
        "identifiant": "000445",
        "url_plan": "https:\/\/sig.strasbourg.eu\/datastrasbourg\/occupation_domaine_public\/terrasse\/2025\/plans\/001439.pdf",
        "superficie_autorisee": 11,
        "url_autorisation": "https:\/\/sig.strasbourg.eu\/datastrasbourg\/occupation_domaine_public\/terrasse\/2025\/autorisations\/A001439.pdf",
        "ville": "STRASBOURG",
        "adresse_etablissement": "4 PCE DE L'HOMME DE FER"
      }
    },
    {
      "type": "Feature",
      "geometry": {
        "coordinates": [
          [
            [
              [7.743150531, 48.5823084069],
              [7.7431344473, 48.5823142],
              [7.7430799777, 48.5822473373],
              [7.7430961875, 48.5822420256],
              [7.743150531, 48.5823084069]
            ]
          ],
          [
            [
              [7.743076792, 48.5824101263],
              [7.7430523762, 48.582373047],
              [7.7431552324, 48.5823423718],
              [7.7431842727, 48.5823779821],
              [7.743076792, 48.5824101263]
            ]
          ]
        ],
        "type": "MultiPolygon"
      },
      "properties": {
        "geo_point_2d": { "lon": 7.743116813411107, "lat": 48.58235367548521 },
        "nom_enseigne": "LEOBAR",
        "identifiant": "001841",
        "url_plan": "https:\/\/sig.strasbourg.eu\/datastrasbourg\/occupation_domaine_public\/terrasse\/2025\/plans\/001440.pdf",
        "superficie_autorisee": 50,
        "url_autorisation": "https:\/\/sig.strasbourg.eu\/datastrasbourg\/occupation_domaine_public\/terrasse\/2025\/autorisations\/A001440.pdf",
        "ville": "STRASBOURG",
        "adresse_etablissement": "36 RUE DU FOSSE DES TANNEURS"
      }
    },
    {
      "type": "Feature",
      "geometry": {
        "coordinates": [
          [
            [7.7470918229, 48.5830161482],
            [7.7470598248, 48.5830087468],
            [7.7471015022, 48.5829317353],
            [7.747133394, 48.5829393331],
            [7.7470918229, 48.5830161482]
          ]
        ],
        "type": "Polygon"
      },
      "properties": {
        "geo_point_2d": { "lon": 7.74709662917613, "lat": 48.58297398925615 },
        "nom_enseigne": "BERLINER DAS ORIGINAL",
        "identifiant": "012205",
        "url_plan": "https:\/\/sig.strasbourg.eu\/datastrasbourg\/occupation_domaine_public\/terrasse\/2025\/plans\/001449.pdf",
        "superficie_autorisee": 23,
        "url_autorisation": "https:\/\/sig.strasbourg.eu\/datastrasbourg\/occupation_domaine_public\/terrasse\/2025\/autorisations\/A001449.pdf",
        "ville": "STRASBOURG",
        "adresse_etablissement": "33 RUE DES GRANDES ARCADES"
      }
    },
    {
      "type": "Feature",
      "geometry": {
        "coordinates": [
          [
            [7.740495918, 48.5824042479],
            [7.7405060014, 48.5824257146],
            [7.7404631505, 48.5824357081],
            [7.7404519003, 48.582414501],
            [7.740495918, 48.5824042479]
          ]
        ],
        "type": "Polygon"
      },
      "properties": {
        "geo_point_2d": {
          "lon": 7.7404792169080645,
          "lat": 48.582419995798155
        },
        "nom_enseigne": "AU FOND DE LA THEIERE",
        "identifiant": "012206",
        "url_plan": "https:\/\/sig.strasbourg.eu\/datastrasbourg\/occupation_domaine_public\/terrasse\/2025\/plans\/001450.pdf",
        "superficie_autorisee": 8,
        "url_autorisation": "https:\/\/sig.strasbourg.eu\/datastrasbourg\/occupation_domaine_public\/terrasse\/2025\/autorisations\/A001450.pdf",
        "ville": "STRASBOURG",
        "adresse_etablissement": "33 GRAND'RUE"
      }
    },
    {
      "type": "Feature",
      "geometry": {
        "coordinates": [
          [
            [7.7429780269, 48.5816611311],
            [7.7429270924, 48.5816152591],
            [7.7429446762, 48.5816073078],
            [7.7429912491, 48.5816555271],
            [7.7429912491, 48.5816555271],
            [7.7429780269, 48.5816611311],
            [7.7429780269, 48.5816611311]
          ]
        ],
        "type": "Polygon"
      },
      "properties": {
        "geo_point_2d": { "lon": 7.742959038354079, "lat": 48.581633615047785 },
        "nom_enseigne": "ONDINE",
        "identifiant": "001160",
        "url_plan": "https:\/\/sig.strasbourg.eu\/datastrasbourg\/occupation_domaine_public\/terrasse\/2025\/plans\/001453.pdf",
        "superficie_autorisee": 9,
        "url_autorisation": "https:\/\/sig.strasbourg.eu\/datastrasbourg\/occupation_domaine_public\/terrasse\/2025\/autorisations\/A001453.pdf",
        "ville": "STRASBOURG",
        "adresse_etablissement": "10 PTE RUE DES DENTELLES"
      }
    },
    {
      "type": "Feature",
      "geometry": {
        "coordinates": [
          [
            [7.7661748573, 48.5733115421],
            [7.7661578472, 48.5732223233],
            [7.7662008692, 48.5732187111],
            [7.7662178794, 48.5733079299],
            [7.7661748573, 48.5733115421]
          ]
        ],
        "type": "Polygon"
      },
      "properties": {
        "geo_point_2d": { "lon": 7.7661878632785735, "lat": 48.57326512661698 },
        "nom_enseigne": "BOWL'AMI",
        "identifiant": "011775",
        "url_plan": "https:\/\/sig.strasbourg.eu\/datastrasbourg\/occupation_domaine_public\/terrasse\/2025\/plans\/001459.pdf",
        "superficie_autorisee": 32,
        "url_autorisation": "https:\/\/sig.strasbourg.eu\/datastrasbourg\/occupation_domaine_public\/terrasse\/2025\/autorisations\/A001459.pdf",
        "ville": "STRASBOURG",
        "adresse_etablissement": "PRESQU'ILE ANDRE MALRAUX Tour Black Swan C\n\nRed sky"
      }
    },
    {
      "type": "Feature",
      "geometry": {
        "coordinates": [
          [
            [7.7580302036, 48.5671291749],
            [7.7579911363, 48.5671907178],
            [7.7579661589, 48.5671837411],
            [7.7580051417, 48.5671221345],
            [7.7580302036, 48.5671291749]
          ]
        ],
        "type": "Polygon"
      },
      "properties": {
        "geo_point_2d": { "lon": 7.757998172757806, "lat": 48.56715642000398 },
        "nom_enseigne": "SAIN SUSHI",
        "identifiant": "001746",
        "url_plan": "https:\/\/sig.strasbourg.eu\/datastrasbourg\/occupation_domaine_public\/terrasse\/2025\/plans\/001464.pdf",
        "superficie_autorisee": 15,
        "url_autorisation": "https:\/\/sig.strasbourg.eu\/datastrasbourg\/occupation_domaine_public\/terrasse\/2025\/autorisations\/A001464.pdf",
        "ville": "STRASBOURG",
        "adresse_etablissement": "74 RTE DU POLYGONE"
      }
    },
    {
      "type": "Feature",
      "geometry": {
        "coordinates": [
          [
            [7.7214159713, 48.5917237683],
            [7.7214234704, 48.5917569709],
            [7.7213507056, 48.5917481715],
            [7.7213461269, 48.5917388584],
            [7.7214159713, 48.5917237683]
          ]
        ],
        "type": "Polygon"
      },
      "properties": {
        "geo_point_2d": { "lon": 7.721390672178336, "lat": 48.59174155493025 },
        "nom_enseigne": "LA BROCHE \/ DAS BROSCHE'S",
        "identifiant": "012085",
        "url_plan": "https:\/\/sig.strasbourg.eu\/datastrasbourg\/occupation_domaine_public\/terrasse\/2025\/plans\/001466.pdf",
        "superficie_autorisee": 13,
        "url_autorisation": "https:\/\/sig.strasbourg.eu\/datastrasbourg\/occupation_domaine_public\/terrasse\/2025\/autorisations\/A001466.pdf",
        "ville": "STRASBOURG",
        "adresse_etablissement": "26 B RTE D'OBERHAUSBERGEN"
      }
    },
    {
      "type": "Feature",
      "geometry": {
        "coordinates": [
          [
            [7.7449214564, 48.5812355591],
            [7.7449309153, 48.5812574272],
            [7.7448372896, 48.5812766264],
            [7.744827323, 48.5812551395],
            [7.7449214564, 48.5812355591]
          ]
        ],
        "type": "Polygon"
      },
      "properties": {
        "geo_point_2d": { "lon": 7.744879332003023, "lat": 48.58125615724662 },
        "nom_enseigne": "ORIGIN",
        "identifiant": "001149",
        "url_plan": "https:\/\/sig.strasbourg.eu\/datastrasbourg\/occupation_domaine_public\/terrasse\/2025\/plans\/001474.pdf",
        "superficie_autorisee": 18,
        "url_autorisation": "https:\/\/sig.strasbourg.eu\/datastrasbourg\/occupation_domaine_public\/terrasse\/2025\/autorisations\/A001474.pdf",
        "ville": "STRASBOURG",
        "adresse_etablissement": "122 GRAND'RUE"
      }
    },
    {
      "type": "Feature",
      "geometry": {
        "coordinates": [
          [
            [7.7505382932, 48.5804116882],
            [7.7504938528, 48.5804663691],
            [7.7504643486, 48.5804553139],
            [7.7504954797, 48.580418732],
            [7.7505263889, 48.580407389],
            [7.7505382932, 48.5804116882]
          ]
        ],
        "type": "Polygon"
      },
      "properties": {
        "geo_point_2d": { "lon": 7.750500556585332, "lat": 48.5804364123414 },
        "nom_enseigne": "ZEHNERGLOCK",
        "identifiant": "000517",
        "url_plan": "https:\/\/sig.strasbourg.eu\/datastrasbourg\/occupation_domaine_public\/terrasse\/2025\/plans\/001477.pdf",
        "superficie_autorisee": 15,
        "url_autorisation": "https:\/\/sig.strasbourg.eu\/datastrasbourg\/occupation_domaine_public\/terrasse\/2025\/autorisations\/A001477.pdf",
        "ville": "STRASBOURG",
        "adresse_etablissement": "4 RUE DU VIEIL-HOPITAL"
      }
    },
    {
      "type": "Feature",
      "geometry": {
        "coordinates": [
          [
            [7.7557039971, 48.5815770375],
            [7.7557668499, 48.5816083655],
            [7.7557464982, 48.5816263409],
            [7.7556835869, 48.5815949712],
            [7.7557039971, 48.5815770375]
          ]
        ],
        "type": "Polygon"
      },
      "properties": {
        "geo_point_2d": { "lon": 7.755725233535945, "lat": 48.58160168154797 },
        "nom_enseigne": "ABBIOCCO (BATELIERS)",
        "identifiant": "011846",
        "url_plan": "https:\/\/sig.strasbourg.eu\/datastrasbourg\/occupation_domaine_public\/terrasse\/2025\/plans\/001482.pdf",
        "superficie_autorisee": 15,
        "url_autorisation": "https:\/\/sig.strasbourg.eu\/datastrasbourg\/occupation_domaine_public\/terrasse\/2025\/autorisations\/A001482.pdf",
        "ville": "STRASBOURG",
        "adresse_etablissement": "41 QUAI DES BATELIERS"
      }
    },
    {
      "type": "Feature",
      "geometry": {
        "coordinates": [
          [
            [7.7428529909, 48.5787828876],
            [7.7428977402, 48.5787661662],
            [7.7429297439, 48.578802228],
            [7.7428843392, 48.5788194034],
            [7.7428529909, 48.5787828876]
          ]
        ],
        "type": "Polygon"
      },
      "properties": {
        "geo_point_2d": { "lon": 7.742891233740386, "lat": 48.57879273050321 },
        "nom_enseigne": "LE BOUI-BOUI",
        "identifiant": "001081",
        "url_plan": "https:\/\/sig.strasbourg.eu\/datastrasbourg\/occupation_domaine_public\/terrasse\/2025\/plans\/001484.pdf",
        "superficie_autorisee": 18,
        "url_autorisation": "https:\/\/sig.strasbourg.eu\/datastrasbourg\/occupation_domaine_public\/terrasse\/2025\/autorisations\/A001484.pdf",
        "ville": "STRASBOURG",
        "adresse_etablissement": "28 RUE FINKWILLER"
      }
    },
    {
      "type": "Feature",
      "geometry": {
        "coordinates": [
          [
            [7.7457277755, 48.5887346516],
            [7.7456897885, 48.5888087206],
            [7.7456769553, 48.5888058239],
            [7.7457152505, 48.588731154],
            [7.7457277755, 48.5887346516]
          ]
        ],
        "type": "Polygon"
      },
      "properties": {
        "geo_point_2d": { "lon": 7.745702433907734, "lat": 48.588770085382016 },
        "nom_enseigne": "AVEN BIKE FIKA",
        "identifiant": "012983",
        "url_plan": "https:\/\/sig.strasbourg.eu\/datastrasbourg\/occupation_domaine_public\/terrasse\/2025\/plans\/001504.pdf",
        "superficie_autorisee": 9,
        "url_autorisation": "https:\/\/sig.strasbourg.eu\/datastrasbourg\/occupation_domaine_public\/terrasse\/2025\/autorisations\/A001504.pdf",
        "ville": "STRASBOURG",
        "adresse_etablissement": "34 RUE DU FAUBOURG-DE-PIERRE"
      }
    },
    {
      "type": "Feature",
      "geometry": {
        "coordinates": [
          [
            [7.7720211456, 48.5809324071],
            [7.7719549358, 48.5809395872],
            [7.7719527496, 48.580930712],
            [7.7720189442, 48.5809235335],
            [7.7720211456, 48.5809324071]
          ]
        ],
        "type": "Polygon"
      },
      "properties": {
        "geo_point_2d": { "lon": 7.771986943871224, "lat": 48.58093156011648 },
        "nom_enseigne": "LA BELLE",
        "identifiant": "013070",
        "url_plan": "https:\/\/sig.strasbourg.eu\/datastrasbourg\/occupation_domaine_public\/terrasse\/2025\/plans\/001514.pdf",
        "superficie_autorisee": 5,
        "url_autorisation": "https:\/\/sig.strasbourg.eu\/datastrasbourg\/occupation_domaine_public\/terrasse\/2025\/autorisations\/A001514.pdf",
        "ville": "STRASBOURG",
        "adresse_etablissement": "13 RUE VAUBAN"
      }
    },
    {
      "type": "Feature",
      "geometry": {
        "coordinates": [
          [
            [7.744901659, 48.5897617867],
            [7.7449174797, 48.589731368],
            [7.7449328573, 48.5897348878],
            [7.744917122, 48.5897651423],
            [7.744901659, 48.5897617867]
          ]
        ],
        "type": "Polygon"
      },
      "properties": {
        "geo_point_2d": { "lon": 7.744917272544675, "lat": 48.58974829464942 },
        "nom_enseigne": "MIAM",
        "identifiant": "001783",
        "url_plan": "https:\/\/sig.strasbourg.eu\/datastrasbourg\/occupation_domaine_public\/terrasse\/2025\/plans\/001517.pdf",
        "superficie_autorisee": 4,
        "url_autorisation": "https:\/\/sig.strasbourg.eu\/datastrasbourg\/occupation_domaine_public\/terrasse\/2025\/autorisations\/A001517.pdf",
        "ville": "STRASBOURG",
        "adresse_etablissement": "61 RUE DU FAUBOURG-DE-PIERRE"
      }
    },
    {
      "type": "Feature",
      "geometry": {
        "coordinates": [
          [
            [7.7571077906, 48.5815395094],
            [7.7568707525, 48.5815247582],
            [7.7568732839, 48.5815068508],
            [7.756927262, 48.58151021],
            [7.7569291572, 48.5814968026],
            [7.7571072185, 48.5815091928],
            [7.7571077906, 48.5815395094]
          ]
        ],
        "type": "Polygon"
      },
      "properties": {
        "geo_point_2d": { "lon": 7.7569991043311814, "lat": 48.58151829194522 },
        "nom_enseigne": "KEBS BABA",
        "identifiant": "001009",
        "url_plan": "https:\/\/sig.strasbourg.eu\/datastrasbourg\/occupation_domaine_public\/terrasse\/2025\/plans\/001518.pdf",
        "superficie_autorisee": 54,
        "url_autorisation": "https:\/\/sig.strasbourg.eu\/datastrasbourg\/occupation_domaine_public\/terrasse\/2025\/autorisations\/A001518.pdf",
        "ville": "STRASBOURG",
        "adresse_etablissement": "14 RUE MUNCH"
      }
    },
    {
      "type": "Feature",
      "geometry": {
        "coordinates": [
          [
            [7.7564808474, 48.5817015807],
            [7.7564730133, 48.5817507472],
            [7.7564402256, 48.5817501534],
            [7.756447101, 48.5816995527],
            [7.7564808474, 48.5817015807]
          ]
        ],
        "type": "Polygon"
      },
      "properties": {
        "geo_point_2d": { "lon": 7.75646024110172, "lat": 48.58172536008447 },
        "nom_enseigne": "LES LAMPIONS",
        "identifiant": "000093",
        "url_plan": "https:\/\/sig.strasbourg.eu\/datastrasbourg\/occupation_domaine_public\/terrasse\/2025\/plans\/001540.pdf",
        "superficie_autorisee": 14,
        "url_autorisation": "https:\/\/sig.strasbourg.eu\/datastrasbourg\/occupation_domaine_public\/terrasse\/2025\/autorisations\/A001540.pdf",
        "ville": "STRASBOURG",
        "adresse_etablissement": "5 RUE DE ZURICH"
      }
    },
    {
      "type": "Feature",
      "geometry": {
        "coordinates": [
          [
            [7.7565190971, 48.5736797376],
            [7.7565233071, 48.5737019192],
            [7.756454787, 48.5737075212],
            [7.7564385873, 48.5736182369],
            [7.7565004742, 48.5736132853],
            [7.756512628, 48.573680255],
            [7.7565190971, 48.5736797376]
          ]
        ],
        "type": "Polygon"
      },
      "properties": {
        "geo_point_2d": { "lon": 7.756478656460477, "lat": 48.57366116808877 },
        "nom_enseigne": "EMILIE AND THE COOL KIDS",
        "identifiant": "001825",
        "url_plan": "https:\/\/sig.strasbourg.eu\/datastrasbourg\/occupation_domaine_public\/terrasse\/2025\/plans\/001549.pdf",
        "superficie_autorisee": 47,
        "url_autorisation": "https:\/\/sig.strasbourg.eu\/datastrasbourg\/occupation_domaine_public\/terrasse\/2025\/autorisations\/A001549.pdf",
        "ville": "STRASBOURG",
        "adresse_etablissement": "3 PCE DAUPHINE"
      }
    },
    {
      "type": "Feature",
      "geometry": {
        "coordinates": [
          [
            [7.7578476833, 48.5795626936],
            [7.7579794591, 48.5795189582],
            [7.7579810192, 48.5795184404],
            [7.757993114, 48.5795345367],
            [7.7579924952, 48.5795347414],
            [7.7578590731, 48.5795788801],
            [7.7578476833, 48.5795626936]
          ]
        ],
        "type": "Polygon"
      },
      "properties": {
        "geo_point_2d": { "lon": 7.757920306684404, "lat": 48.57954861752631 },
        "nom_enseigne": "QUEEN ELIZABETH",
        "identifiant": "010958",
        "url_plan": "https:\/\/sig.strasbourg.eu\/datastrasbourg\/occupation_domaine_public\/terrasse\/2025\/plans\/001550.pdf",
        "superficie_autorisee": 22,
        "url_autorisation": "https:\/\/sig.strasbourg.eu\/datastrasbourg\/occupation_domaine_public\/terrasse\/2025\/autorisations\/A001550.pdf",
        "ville": "STRASBOURG",
        "adresse_etablissement": "42 RUE DE ZURICH"
      }
    },
    {
      "type": "Feature",
      "geometry": {
        "coordinates": [
          [
            [7.7455593571, 48.5819768136],
            [7.7455875651, 48.5819788947],
            [7.7455868709, 48.5820736096],
            [7.7455454587, 48.5820748088],
            [7.7455155312, 48.581988409],
            [7.7455593571, 48.5819768136]
          ]
        ],
        "type": "Polygon"
      },
      "properties": {
        "geo_point_2d": { "lon": 7.745558293120847, "lat": 48.58202304433447 },
        "nom_enseigne": "BISTRO POLO",
        "identifiant": "000509",
        "url_plan": "https:\/\/sig.strasbourg.eu\/datastrasbourg\/occupation_domaine_public\/terrasse\/2025\/plans\/001564.pdf",
        "superficie_autorisee": 45,
        "url_autorisation": "https:\/\/sig.strasbourg.eu\/datastrasbourg\/occupation_domaine_public\/terrasse\/2025\/autorisations\/A001564.pdf",
        "ville": "STRASBOURG",
        "adresse_etablissement": "11 RUE SAINTE-BARBE"
      }
    },
    {
      "type": "Feature",
      "geometry": {
        "coordinates": [
          [
            [7.7355943472, 48.5826648202],
            [7.7356105051, 48.5826660559],
            [7.7355982836, 48.5827364075],
            [7.7355816571, 48.5827349913],
            [7.7355943472, 48.5826648202]
          ]
        ],
        "type": "Polygon"
      },
      "properties": {
        "geo_point_2d": { "lon": 7.7355961697324656, "lat": 48.58270074522655 },
        "nom_enseigne": "STO KEBAB",
        "identifiant": "013321",
        "url_plan": "https:\/\/sig.strasbourg.eu\/datastrasbourg\/occupation_domaine_public\/terrasse\/2025\/plans\/001565.pdf",
        "superficie_autorisee": 10,
        "url_autorisation": "https:\/\/sig.strasbourg.eu\/datastrasbourg\/occupation_domaine_public\/terrasse\/2025\/autorisations\/A001565.pdf",
        "ville": "STRASBOURG",
        "adresse_etablissement": "3 PTE RUE DE LA COURSE"
      }
    },
    {
      "type": "Feature",
      "geometry": {
        "coordinates": [
          [
            [7.7557463514, 48.5850656691],
            [7.7556897315, 48.585023135],
            [7.7557118858, 48.5850098914],
            [7.7557689741, 48.5850528566],
            [7.7557463514, 48.5850656691]
          ]
        ],
        "type": "Polygon"
      },
      "properties": {
        "geo_point_2d": { "lon": 7.755729240493903, "lat": 48.58503786853832 },
        "nom_enseigne": "BANDE A PART",
        "identifiant": "011855",
        "url_plan": "https:\/\/sig.strasbourg.eu\/datastrasbourg\/occupation_domaine_public\/terrasse\/2025\/plans\/001569.pdf",
        "superficie_autorisee": 14,
        "url_autorisation": "https:\/\/sig.strasbourg.eu\/datastrasbourg\/occupation_domaine_public\/terrasse\/2025\/autorisations\/A001569.pdf",
        "ville": "STRASBOURG",
        "adresse_etablissement": "4 RUE PIERRE BUCHER"
      }
    },
    {
      "type": "Feature",
      "geometry": {
        "coordinates": [
          [
            [7.7497574292, 48.5825631495],
            [7.7497677741, 48.582568961],
            [7.7497502695, 48.582582688],
            [7.7497399246, 48.5825768764],
            [7.7497574292, 48.5825631495]
          ]
        ],
        "type": "Polygon"
      },
      "properties": {
        "geo_point_2d": { "lon": 7.749753849343183, "lat": 48.58257291873528 },
        "nom_enseigne": "RISTORANTE LA VETTA",
        "identifiant": "001131",
        "url_plan": "https:\/\/sig.strasbourg.eu\/datastrasbourg\/occupation_domaine_public\/terrasse\/2025\/plans\/001579.pdf",
        "superficie_autorisee": 2,
        "url_autorisation": "https:\/\/sig.strasbourg.eu\/datastrasbourg\/occupation_domaine_public\/terrasse\/2025\/autorisations\/A001579.pdf",
        "ville": "STRASBOURG",
        "adresse_etablissement": "16 B RUE DU SANGLIER"
      }
    },
    {
      "type": "Feature",
      "geometry": {
        "coordinates": [
          [
            [
              [7.7495547683, 48.5796623057],
              [7.7495435936, 48.5796574211],
              [7.749570291, 48.5796303227],
              [7.7495816092, 48.5796352699],
              [7.7495547683, 48.5796623057]
            ]
          ],
          [
            [
              [7.7495042566, 48.5796968431],
              [7.7495353083, 48.5796657251],
              [7.7495466063, 48.5796706886],
              [7.7495155573, 48.5797018079],
              [7.7495042566, 48.5796968431]
            ]
          ]
        ],
        "type": "MultiPolygon"
      },
      "properties": {
        "geo_point_2d": { "lon": 7.7495426364296005, "lat": 48.57966642148469 },
        "nom_enseigne": "WHAT THE FOX",
        "identifiant": "011482",
        "url_plan": "https:\/\/sig.strasbourg.eu\/datastrasbourg\/occupation_domaine_public\/terrasse\/2025\/plans\/001581.pdf",
        "superficie_autorisee": 8,
        "url_autorisation": "https:\/\/sig.strasbourg.eu\/datastrasbourg\/occupation_domaine_public\/terrasse\/2025\/autorisations\/A001581.pdf",
        "ville": "STRASBOURG",
        "adresse_etablissement": "13 RUE DE LA DOUANE"
      }
    },
    {
      "type": "Feature",
      "geometry": {
        "coordinates": [
          [
            [7.7478007162, 48.5874969124],
            [7.7477568587, 48.5875641808],
            [7.7477196553, 48.5875532368],
            [7.7477411224, 48.5875215277],
            [7.7477413875, 48.5875192883],
            [7.7477427935, 48.5875175852],
            [7.7477633604, 48.5874862506],
            [7.7478007162, 48.5874969124]
          ]
        ],
        "type": "Polygon"
      },
      "properties": {
        "geo_point_2d": { "lon": 7.747760260926909, "lat": 48.58752511170295 },
        "nom_enseigne": "CASA FUSCO PIZZERIA",
        "identifiant": "011965",
        "url_plan": "https:\/\/sig.strasbourg.eu\/datastrasbourg\/occupation_domaine_public\/terrasse\/2025\/plans\/001591.pdf",
        "superficie_autorisee": 24,
        "url_autorisation": "https:\/\/sig.strasbourg.eu\/datastrasbourg\/occupation_domaine_public\/terrasse\/2025\/autorisations\/A001591.pdf",
        "ville": "STRASBOURG",
        "adresse_etablissement": "5 RUE DU FOSSE DES TREIZE"
      }
    },
    {
      "type": "Feature",
      "geometry": {
        "coordinates": [
          [
            [7.7492831472, 48.5781614069],
            [7.7492948843, 48.5781629624],
            [7.7493185448, 48.5781649036],
            [7.7493342742, 48.5781654802],
            [7.7493315728, 48.5781828265],
            [7.7492803474, 48.5781792966],
            [7.7492831472, 48.5781614069]
          ]
        ],
        "type": "Polygon"
      },
      "properties": {
        "geo_point_2d": { "lon": 7.749307176228971, "lat": 48.57817247736168 },
        "nom_enseigne": "KFC SO STRAS",
        "identifiant": "013422",
        "url_plan": "https:\/\/sig.strasbourg.eu\/datastrasbourg\/occupation_domaine_public\/terrasse\/2025\/plans\/001595.pdf",
        "superficie_autorisee": 7,
        "url_autorisation": "https:\/\/sig.strasbourg.eu\/datastrasbourg\/occupation_domaine_public\/terrasse\/2025\/autorisations\/A001595.pdf",
        "ville": "STRASBOURG",
        "adresse_etablissement": "4 RUE DE LA 1ERE ARMEE"
      }
    },
    {
      "type": "Feature",
      "geometry": {
        "coordinates": [
          [
            [7.7374805853, 48.5825660626],
            [7.7375160212, 48.5825719804],
            [7.7375096525, 48.5825885304],
            [7.7375017746, 48.5825871942],
            [7.7374912629, 48.5825854249],
            [7.7374741969, 48.5825825356],
            [7.7374805853, 48.5825660626]
          ]
        ],
        "type": "Polygon"
      },
      "properties": {
        "geo_point_2d": { "lon": 7.737495124791225, "lat": 48.5825772811784 },
        "nom_enseigne": "SNACK TAKSIM",
        "identifiant": "001104",
        "url_plan": "https:\/\/sig.strasbourg.eu\/datastrasbourg\/occupation_domaine_public\/terrasse\/2025\/plans\/001599.pdf",
        "superficie_autorisee": 5,
        "url_autorisation": "https:\/\/sig.strasbourg.eu\/datastrasbourg\/occupation_domaine_public\/terrasse\/2025\/autorisations\/A001599.pdf",
        "ville": "STRASBOURG",
        "adresse_etablissement": "14 RUE DU FAUBOURG NATIONAL"
      }
    },
    {
      "type": "Feature",
      "geometry": {
        "coordinates": [
          [
            [7.7542902271, 48.5783458235],
            [7.7542995799, 48.5783160223],
            [7.754323926, 48.5783017169],
            [7.75437424, 48.5783394171],
            [7.7543021421, 48.5783817903],
            [7.7542931512, 48.5783750587],
            [7.7542902271, 48.5783458235]
          ]
        ],
        "type": "Polygon"
      },
      "properties": {
        "geo_point_2d": { "lon": 7.754323326237035, "lat": 48.57834076803761 },
        "nom_enseigne": "L'ELEPHANT SIFFLEUR",
        "identifiant": "001345",
        "url_plan": "https:\/\/sig.strasbourg.eu\/datastrasbourg\/occupation_domaine_public\/terrasse\/2025\/plans\/001600.pdf",
        "superficie_autorisee": 30,
        "url_autorisation": "https:\/\/sig.strasbourg.eu\/datastrasbourg\/occupation_domaine_public\/terrasse\/2025\/autorisations\/A001600.pdf",
        "ville": "STRASBOURG",
        "adresse_etablissement": "6 PCE D'AUSTERLITZ"
      }
    },
    {
      "type": "Feature",
      "geometry": {
        "coordinates": [
          [
            [7.7503603054, 48.5777557765],
            [7.7503374344, 48.577718483],
            [7.7503914096, 48.5777006359],
            [7.7504220688, 48.577735619],
            [7.7503603054, 48.5777557765]
          ]
        ],
        "type": "Polygon"
      },
      "properties": {
        "geo_point_2d": {
          "lon": 7.7503781255658994,
          "lat": 48.577728017536664
        },
        "nom_enseigne": "BELLA CASA",
        "identifiant": "001757",
        "url_plan": "https:\/\/sig.strasbourg.eu\/datastrasbourg\/occupation_domaine_public\/terrasse\/2025\/plans\/001603.pdf",
        "superficie_autorisee": 21,
        "url_autorisation": "https:\/\/sig.strasbourg.eu\/datastrasbourg\/occupation_domaine_public\/terrasse\/2025\/autorisations\/A001603.pdf",
        "ville": "STRASBOURG",
        "adresse_etablissement": "40 RUE DES BOUCHERS"
      }
    },
    {
      "type": "Feature",
      "geometry": {
        "coordinates": [
          [
            [7.7516014128, 48.5843565176],
            [7.7516120697, 48.5843620631],
            [7.7515366151, 48.5844244039],
            [7.7515260473, 48.5844187724],
            [7.7516014128, 48.5843565176]
          ]
        ],
        "type": "Polygon"
      },
      "properties": {
        "geo_point_2d": { "lon": 7.751569031952452, "lat": 48.584390444338446 },
        "nom_enseigne": "PIERRES ET GAMELLES",
        "identifiant": "000929",
        "url_plan": "https:\/\/sig.strasbourg.eu\/datastrasbourg\/occupation_domaine_public\/terrasse\/2025\/plans\/001605.pdf",
        "superficie_autorisee": 9,
        "url_autorisation": "https:\/\/sig.strasbourg.eu\/datastrasbourg\/occupation_domaine_public\/terrasse\/2025\/autorisations\/A001605.pdf",
        "ville": "STRASBOURG",
        "adresse_etablissement": "4 RUE DES CHARPENTIERS"
      }
    },
    {
      "type": "Feature",
      "geometry": {
        "coordinates": [
          [
            [
              [7.7574298503, 48.5823421252],
              [7.7573736654, 48.582363954],
              [7.7573671312, 48.5823558915],
              [7.7574236068, 48.5823340438],
              [7.7574298503, 48.5823421252]
            ]
          ],
          [
            [
              [7.7573135853, 48.5823944124],
              [7.7573503852, 48.5823809631],
              [7.7573826503, 48.5824194657],
              [7.7573458361, 48.5824329681],
              [7.7573135853, 48.5823944124]
            ]
          ]
        ],
        "type": "MultiPolygon"
      },
      "properties": {
        "geo_point_2d": { "lon": 7.757360354322416, "lat": 48.58239288777329 },
        "nom_enseigne": "AU DIABLE BLEU",
        "identifiant": "000678",
        "url_plan": "https:\/\/sig.strasbourg.eu\/datastrasbourg\/occupation_domaine_public\/terrasse\/2025\/plans\/001612.pdf",
        "superficie_autorisee": 20,
        "url_autorisation": "https:\/\/sig.strasbourg.eu\/datastrasbourg\/occupation_domaine_public\/terrasse\/2025\/autorisations\/A001612.pdf",
        "ville": "STRASBOURG",
        "adresse_etablissement": "1 RUE SAINT-GUILLAUME"
      }
    },
    {
      "type": "Feature",
      "geometry": {
        "coordinates": [
          [
            [
              [7.7356323361, 48.5831976755],
              [7.7356371117, 48.5831231371],
              [7.7356707091, 48.5831260621],
              [7.7356598214, 48.5832002173],
              [7.7356323361, 48.5831976755]
            ]
          ],
          [
            [
              [7.7356546058, 48.5832204233],
              [7.7356344416, 48.5833276808],
              [7.7356195597, 48.5833262969],
              [7.7356165545, 48.583326055],
              [7.7356144379, 48.5833261345],
              [7.7356123422, 48.5833267392],
              [7.7356105825, 48.5833277861],
              [7.7356322406, 48.5832163782],
              [7.735632746, 48.5832167982],
              [7.7356334798, 48.5832172172],
              [7.7356341971, 48.5832175419],
              [7.7356349785, 48.5832177933],
              [7.7356363767, 48.5832180352],
              [7.7356546058, 48.5832204233]
            ]
          ]
        ],
        "type": "MultiPolygon"
      },
      "properties": {
        "geo_point_2d": { "lon": 7.735641095807389, "lat": 48.58321963760005 },
        "nom_enseigne": "HEY MAMA",
        "identifiant": "001060",
        "url_plan": "https:\/\/sig.strasbourg.eu\/datastrasbourg\/occupation_domaine_public\/terrasse\/2025\/plans\/001617.pdf",
        "superficie_autorisee": 40,
        "url_autorisation": "https:\/\/sig.strasbourg.eu\/datastrasbourg\/occupation_domaine_public\/terrasse\/2025\/autorisations\/A001617.pdf",
        "ville": "STRASBOURG",
        "adresse_etablissement": "8 PTE RUE DE LA COURSE"
      }
    },
    {
      "type": "Feature",
      "geometry": {
        "coordinates": [
          [
            [7.7939152462, 48.5736652778],
            [7.7939339736, 48.5736705245],
            [7.793874987, 48.5737647519],
            [7.7938562148, 48.5737595769],
            [7.7939152462, 48.5736652778]
          ]
        ],
        "type": "Polygon"
      },
      "properties": {
        "geo_point_2d": { "lon": 7.793895104230694, "lat": 48.57371503241469 },
        "nom_enseigne": "O'KUSADASI",
        "identifiant": "011933",
        "url_plan": "https:\/\/sig.strasbourg.eu\/datastrasbourg\/occupation_domaine_public\/terrasse\/2025\/plans\/001638.pdf",
        "superficie_autorisee": 17,
        "url_autorisation": "https:\/\/sig.strasbourg.eu\/datastrasbourg\/occupation_domaine_public\/terrasse\/2025\/autorisations\/A001638.pdf",
        "ville": "STRASBOURG",
        "adresse_etablissement": "2 RUE COULAUX"
      }
    },
    {
      "type": "Feature",
      "geometry": {
        "coordinates": [
          [
            [7.7508869178, 48.578382002],
            [7.7509069724, 48.5783765281],
            [7.7509276031, 48.5784103806],
            [7.7509074999, 48.5784157748],
            [7.7508869178, 48.578382002]
          ]
        ],
        "type": "Polygon"
      },
      "properties": {
        "geo_point_2d": { "lon": 7.7509072522464315, "lat": 48.57839617031097 },
        "nom_enseigne": "VINO STRADA",
        "identifiant": "013531",
        "url_plan": "https:\/\/sig.strasbourg.eu\/datastrasbourg\/occupation_domaine_public\/terrasse\/2025\/plans\/001641.pdf",
        "superficie_autorisee": 6,
        "url_autorisation": "https:\/\/sig.strasbourg.eu\/datastrasbourg\/occupation_domaine_public\/terrasse\/2025\/autorisations\/A001641.pdf",
        "ville": "STRASBOURG",
        "adresse_etablissement": "20 RUE DES BOUCHERS"
      }
    },
    {
      "type": "Feature",
      "geometry": {
        "coordinates": [
          [
            [7.7431861985, 48.5821611555],
            [7.7432070222, 48.5821863795],
            [7.7431788683, 48.5821965122],
            [7.743158583, 48.5821711289],
            [7.7431861985, 48.5821611555]
          ]
        ],
        "type": "Polygon"
      },
      "properties": {
        "geo_point_2d": { "lon": 7.743182702201276, "lat": 48.58217883219376 },
        "nom_enseigne": "ZOMSA",
        "identifiant": "000805",
        "url_plan": "https:\/\/sig.strasbourg.eu\/datastrasbourg\/occupation_domaine_public\/terrasse\/2025\/plans\/001647.pdf",
        "superficie_autorisee": 7,
        "url_autorisation": "https:\/\/sig.strasbourg.eu\/datastrasbourg\/occupation_domaine_public\/terrasse\/2025\/autorisations\/A001647.pdf",
        "ville": "STRASBOURG",
        "adresse_etablissement": "51 RUE DU FOSSE DES TANNEURS"
      }
    },
    {
      "type": "Feature",
      "geometry": {
        "coordinates": [
          [
            [7.7536421722, 48.5785163433],
            [7.7536097162, 48.5785414192],
            [7.7535055887, 48.5784840678],
            [7.7535384298, 48.5784585155],
            [7.7536421722, 48.5785163433]
          ]
        ],
        "type": "Polygon"
      },
      "properties": {
        "geo_point_2d": { "lon": 7.7535738425820435, "lat": 48.57850000746776 },
        "nom_enseigne": "AUSTERLITZ SQUARE GARDEN",
        "identifiant": "000986",
        "url_plan": "https:\/\/sig.strasbourg.eu\/datastrasbourg\/occupation_domaine_public\/terrasse\/2025\/plans\/001649.pdf",
        "superficie_autorisee": 37,
        "url_autorisation": "https:\/\/sig.strasbourg.eu\/datastrasbourg\/occupation_domaine_public\/terrasse\/2025\/autorisations\/A001649.pdf",
        "ville": "STRASBOURG",
        "adresse_etablissement": "4 PTE RUE D'AUSTERLITZ"
      }
    },
    {
      "type": "Feature",
      "geometry": {
        "coordinates": [
          [
            [7.7430292496, 48.5867232014],
            [7.7430275729, 48.5867358919],
            [7.7430225875, 48.5867736228],
            [7.7429708697, 48.5867706147],
            [7.7429768461, 48.5867253838],
            [7.742990765, 48.5866899467],
            [7.7430325391, 48.5866983058],
            [7.7430300622, 48.5867170518],
            [7.7430294148, 48.5867219518],
            [7.7430292496, 48.5867232014]
          ]
        ],
        "type": "Polygon"
      },
      "properties": {
        "geo_point_2d": { "lon": 7.743002357982243, "lat": 48.586733996118056 },
        "nom_enseigne": "BRASSERIE DES HALLES",
        "identifiant": "000718",
        "url_plan": "https:\/\/sig.strasbourg.eu\/datastrasbourg\/occupation_domaine_public\/terrasse\/2025\/plans\/001651.pdf",
        "superficie_autorisee": 32,
        "url_autorisation": "https:\/\/sig.strasbourg.eu\/datastrasbourg\/occupation_domaine_public\/terrasse\/2025\/autorisations\/A001651.pdf",
        "ville": "STRASBOURG",
        "adresse_etablissement": "14 RUE DE SEBASTOPOL"
      }
    },
    {
      "type": "Feature",
      "geometry": {
        "coordinates": [
          [
            [7.7517413252, 48.5769781009],
            [7.7517692823, 48.5769494013],
            [7.7517829404, 48.5769552596],
            [7.7517549833, 48.5769839592],
            [7.7517414849, 48.5769781694],
            [7.7517413252, 48.5769781009]
          ]
        ],
        "type": "Polygon"
      },
      "properties": {
        "geo_point_2d": { "lon": 7.751762132799865, "lat": 48.57696668025011 },
        "nom_enseigne": "PEACH HOMEMADE",
        "identifiant": "013550",
        "url_plan": "https:\/\/sig.strasbourg.eu\/datastrasbourg\/occupation_domaine_public\/terrasse\/2025\/plans\/001652.pdf",
        "superficie_autorisee": 5,
        "url_autorisation": "https:\/\/sig.strasbourg.eu\/datastrasbourg\/occupation_domaine_public\/terrasse\/2025\/autorisations\/A001652.pdf",
        "ville": "STRASBOURG",
        "adresse_etablissement": "22 RUE DE LA 1ERE ARMEE"
      }
    },
    {
      "type": "Feature",
      "geometry": {
        "coordinates": [
          [
            [7.7568482933, 48.5804602432],
            [7.7569718942, 48.5804849336],
            [7.7569640798, 48.580502156],
            [7.756840788, 48.5804775273],
            [7.7568482933, 48.5804602432]
          ]
        ],
        "type": "Polygon"
      },
      "properties": {
        "geo_point_2d": { "lon": 7.756906265448179, "lat": 48.58048121143013 },
        "nom_enseigne": "LES OPPORTUNISTES",
        "identifiant": "001182",
        "url_plan": "https:\/\/sig.strasbourg.eu\/datastrasbourg\/occupation_domaine_public\/terrasse\/2025\/plans\/001657.pdf",
        "superficie_autorisee": 19,
        "url_autorisation": "https:\/\/sig.strasbourg.eu\/datastrasbourg\/occupation_domaine_public\/terrasse\/2025\/autorisations\/A001657.pdf",
        "ville": "STRASBOURG",
        "adresse_etablissement": "3 RLE DE LA BRUCHE"
      }
    },
    {
      "type": "Feature",
      "geometry": {
        "coordinates": [
          [
            [7.7504324297, 48.5833040626],
            [7.7504175006, 48.5833168643],
            [7.7503789111, 48.5832970539],
            [7.7504295664, 48.583253408],
            [7.7504682282, 48.5832735577],
            [7.7504324297, 48.5833040626]
          ]
        ],
        "type": "Polygon"
      },
      "properties": {
        "geo_point_2d": { "lon": 7.750423561115097, "lat": 48.58328517946334 },
        "nom_enseigne": "PATISSERIE BUHLER",
        "identifiant": "000229",
        "url_plan": "https:\/\/sig.strasbourg.eu\/datastrasbourg\/occupation_domaine_public\/terrasse\/2025\/plans\/001678.pdf",
        "superficie_autorisee": 22,
        "url_autorisation": "https:\/\/sig.strasbourg.eu\/datastrasbourg\/occupation_domaine_public\/terrasse\/2025\/autorisations\/A001678.pdf",
        "ville": "STRASBOURG",
        "adresse_etablissement": "11 B RUE DU DOME"
      }
    },
    {
      "type": "Feature",
      "geometry": {
        "coordinates": [
          [
            [7.7402984545, 48.5824470046],
            [7.7403080592, 48.5824685606],
            [7.7402117421, 48.5824874784],
            [7.7402021375, 48.5824659224],
            [7.7402984545, 48.5824470046]
          ]
        ],
        "type": "Polygon"
      },
      "properties": {
        "geo_point_2d": { "lon": 7.740255098332489, "lat": 48.582467241500396 },
        "nom_enseigne": "SAVEURS DE MIDI",
        "identifiant": "001132",
        "url_plan": "https:\/\/sig.strasbourg.eu\/datastrasbourg\/occupation_domaine_public\/terrasse\/2025\/plans\/000008.pdf",
        "superficie_autorisee": 19,
        "url_autorisation": "https:\/\/sig.strasbourg.eu\/datastrasbourg\/occupation_domaine_public\/terrasse\/2025\/autorisations\/A000008.pdf",
        "ville": "STRASBOURG",
        "adresse_etablissement": "28 GRAND'RUE"
      }
    },
    {
      "type": "Feature",
      "geometry": {
        "coordinates": [
          [
            [
              [7.7416887234, 48.5822004309],
              [7.7416284107, 48.5822158786],
              [7.7416161989, 48.5821949157],
              [7.7416765108, 48.582179459],
              [7.7416887234, 48.5822004309]
            ]
          ],
          [
            [
              [7.7416151416, 48.5822189848],
              [7.7416279674, 48.5822160769],
              [7.7416446997, 48.5822694673],
              [7.7416318175, 48.5822726231],
              [7.7416151416, 48.5822189848]
            ]
          ]
        ],
        "type": "MultiPolygon"
      },
      "properties": {
        "geo_point_2d": { "lon": 7.741644865695628, "lat": 48.58221339284751 },
        "nom_enseigne": "LE SALADIN",
        "identifiant": "000420",
        "url_plan": "https:\/\/sig.strasbourg.eu\/datastrasbourg\/occupation_domaine_public\/terrasse\/2025\/plans\/000010.pdf",
        "superficie_autorisee": 18,
        "url_autorisation": "https:\/\/sig.strasbourg.eu\/datastrasbourg\/occupation_domaine_public\/terrasse\/2025\/autorisations\/A000010.pdf",
        "ville": "STRASBOURG",
        "adresse_etablissement": "41 GRAND'RUE"
      }
    },
    {
      "type": "Feature",
      "geometry": {
        "coordinates": [
          [
            [7.7418400312, 48.5820870834],
            [7.7418744034, 48.5820787683],
            [7.7418811831, 48.5820910963],
            [7.7418467974, 48.582099412],
            [7.7418516332, 48.5821082064],
            [7.7417773898, 48.5821261605],
            [7.7417657878, 48.5821050376],
            [7.7418400312, 48.5820870834]
          ]
        ],
        "type": "Polygon"
      },
      "properties": {
        "geo_point_2d": { "lon": 7.741819751258591, "lat": 48.58210289188688 },
        "nom_enseigne": "L'EPICIER GRAND CRU",
        "identifiant": "001814",
        "url_plan": "https:\/\/sig.strasbourg.eu\/datastrasbourg\/occupation_domaine_public\/terrasse\/2025\/plans\/000016.pdf",
        "superficie_autorisee": 19,
        "url_autorisation": "https:\/\/sig.strasbourg.eu\/datastrasbourg\/occupation_domaine_public\/terrasse\/2025\/autorisations\/A000016.pdf",
        "ville": "STRASBOURG",
        "adresse_etablissement": "64 GRAND'RUE"
      }
    },
    {
      "type": "Feature",
      "geometry": {
        "coordinates": [
          [
            [7.746156546, 48.5810663987],
            [7.7461390361, 48.5811129927],
            [7.7460764896, 48.5811252726],
            [7.7460448682, 48.5811257639],
            [7.7459432526, 48.581127505],
            [7.7459423737, 48.5811050338],
            [7.7460760907, 48.581102998],
            [7.7461438892, 48.5809212676],
            [7.7462070452, 48.5809312923],
            [7.746207082, 48.580931195],
            [7.746228159, 48.5809345802],
            [7.7461787673, 48.5810699676],
            [7.746156546, 48.5810663987]
          ]
        ],
        "type": "Polygon"
      },
      "properties": {
        "geo_point_2d": { "lon": 7.746127416570857, "lat": 48.58103351761064 },
        "nom_enseigne": "BRASSERIE BO\u00cbHM",
        "identifiant": "000398",
        "url_plan": "https:\/\/sig.strasbourg.eu\/datastrasbourg\/occupation_domaine_public\/terrasse\/2025\/plans\/000025.pdf",
        "superficie_autorisee": 155,
        "url_autorisation": "https:\/\/sig.strasbourg.eu\/datastrasbourg\/occupation_domaine_public\/terrasse\/2025\/autorisations\/A000025.pdf",
        "ville": "STRASBOURG",
        "adresse_etablissement": "134 GRAND'RUE"
      }
    },
    {
      "type": "Feature",
      "geometry": {
        "coordinates": [
          [
            [7.758771004, 48.5792164161],
            [7.7587636693, 48.5792124975],
            [7.758782402, 48.5791983506],
            [7.7587727141, 48.5791927176],
            [7.7588274915, 48.5791509195],
            [7.758845668, 48.579161672],
            [7.7588379426, 48.5791664939],
            [7.758771004, 48.5792164161]
          ]
        ],
        "type": "Polygon"
      },
      "properties": {
        "geo_point_2d": { "lon": 7.758805015807854, "lat": 48.57918044421442 },
        "nom_enseigne": "CAFE BRETELLES",
        "identifiant": "000601",
        "url_plan": "https:\/\/sig.strasbourg.eu\/datastrasbourg\/occupation_domaine_public\/terrasse\/2025\/plans\/000041.pdf",
        "superficie_autorisee": 12,
        "url_autorisation": "https:\/\/sig.strasbourg.eu\/datastrasbourg\/occupation_domaine_public\/terrasse\/2025\/autorisations\/A000041.pdf",
        "ville": "STRASBOURG",
        "adresse_etablissement": "2 RUE FRITZ"
      }
    },
    {
      "type": "Feature",
      "geometry": {
        "coordinates": [
          [
            [7.7529094025, 48.5786191626],
            [7.7528304842, 48.5785460516],
            [7.7528415024, 48.578540815],
            [7.7529204071, 48.5786139197],
            [7.7529094025, 48.5786191626]
          ]
        ],
        "type": "Polygon"
      },
      "properties": {
        "geo_point_2d": { "lon": 7.752875446261223, "lat": 48.57857998478983 },
        "nom_enseigne": "FAT BLACK PUSSY CAT",
        "identifiant": "001616",
        "url_plan": "https:\/\/sig.strasbourg.eu\/datastrasbourg\/occupation_domaine_public\/terrasse\/2025\/plans\/000062.pdf",
        "superficie_autorisee": 10,
        "url_autorisation": "https:\/\/sig.strasbourg.eu\/datastrasbourg\/occupation_domaine_public\/terrasse\/2025\/autorisations\/A000062.pdf",
        "ville": "STRASBOURG",
        "adresse_etablissement": "3 RUE KLEIN"
      }
    },
    {
      "type": "Feature",
      "geometry": {
        "coordinates": [
          [
            [
              [7.7491185024, 48.5809446694],
              [7.7491263775, 48.5809373553],
              [7.7491374008, 48.5809425805],
              [7.7491295257, 48.5809498946],
              [7.7491185024, 48.5809446694]
            ]
          ],
          [
            [
              [7.7490987749, 48.5809629653],
              [7.7491106011, 48.5809519936],
              [7.7491216252, 48.5809572278],
              [7.7491097991, 48.5809681995],
              [7.7490987749, 48.5809629653]
            ]
          ]
        ],
        "type": "MultiPolygon"
      },
      "properties": {
        "geo_point_2d": { "lon": 7.749117296196041, "lat": 48.58095351207309 },
        "nom_enseigne": "CAFE STEIN",
        "identifiant": "001519",
        "url_plan": "https:\/\/sig.strasbourg.eu\/datastrasbourg\/occupation_domaine_public\/terrasse\/2025\/plans\/000077.pdf",
        "superficie_autorisee": 2,
        "url_autorisation": "https:\/\/sig.strasbourg.eu\/datastrasbourg\/occupation_domaine_public\/terrasse\/2025\/autorisations\/A000077.pdf",
        "ville": "STRASBOURG",
        "adresse_etablissement": "29 R.DU VIEUX MARCHE AUX POISSONS"
      }
    },
    {
      "type": "Feature",
      "geometry": {
        "coordinates": [
          [
            [7.7486635171, 48.5810746551],
            [7.7485842783, 48.5810361806],
            [7.7486517159, 48.5809768919],
            [7.7487313152, 48.5810144376],
            [7.7486635171, 48.5810746551]
          ]
        ],
        "type": "Polygon"
      },
      "properties": {
        "geo_point_2d": { "lon": 7.748657753971502, "lat": 48.581025607256265 },
        "nom_enseigne": "AU GUTENBERG",
        "identifiant": "000020",
        "url_plan": "https:\/\/sig.strasbourg.eu\/datastrasbourg\/occupation_domaine_public\/terrasse\/2025\/plans\/000078.pdf",
        "superficie_autorisee": 60,
        "url_autorisation": "https:\/\/sig.strasbourg.eu\/datastrasbourg\/occupation_domaine_public\/terrasse\/2025\/autorisations\/A000078.pdf",
        "ville": "STRASBOURG",
        "adresse_etablissement": "8 PCE GUTENBERG"
      }
    },
    {
      "type": "Feature",
      "geometry": {
        "coordinates": [
          [
            [
              [7.7487091418, 48.5808195328],
              [7.7486591195, 48.5808525924],
              [7.7485689917, 48.5809126203],
              [7.7485448069, 48.5809009327],
              [7.7486286251, 48.5808245935],
              [7.7486614164, 48.5807915452],
              [7.7487091418, 48.5808195328]
            ]
          ],
          [
            [
              [7.7484660987, 48.5809790721],
              [7.7485295652, 48.5809156274],
              [7.7486515831, 48.5809769628],
              [7.7485842783, 48.5810361806],
              [7.7484660987, 48.5809790721]
            ]
          ]
        ],
        "type": "MultiPolygon"
      },
      "properties": {
        "geo_point_2d": { "lon": 7.748582787560298, "lat": 48.580932423397506 },
        "nom_enseigne": "AUX ARMES DE STRASBOURG",
        "identifiant": "000013",
        "url_plan": "https:\/\/sig.strasbourg.eu\/datastrasbourg\/occupation_domaine_public\/terrasse\/2025\/plans\/000079.pdf",
        "superficie_autorisee": 142,
        "url_autorisation": "https:\/\/sig.strasbourg.eu\/datastrasbourg\/occupation_domaine_public\/terrasse\/2025\/autorisations\/A000079.pdf",
        "ville": "STRASBOURG",
        "adresse_etablissement": "9 PCE GUTENBERG"
      }
    },
    {
      "type": "Feature",
      "geometry": {
        "coordinates": [
          [
            [
              [7.7488189329, 48.5806715806],
              [7.7488413803, 48.5806805757],
              [7.7488370588, 48.5806851474],
              [7.7488147289, 48.5806761994],
              [7.7488189329, 48.5806715806]
            ]
          ],
          [
            [
              [7.7488498175, 48.5806843403],
              [7.7488722649, 48.5806933354],
              [7.7488679434, 48.5806979071],
              [7.7488456135, 48.5806889591],
              [7.7488498175, 48.5806843403]
            ]
          ],
          [
            [
              [7.7487195861, 48.5807150931],
              [7.7487410576, 48.5806921849],
              [7.748759914, 48.5806857009],
              [7.7487813855, 48.5806627926],
              [7.7488067047, 48.5806732444],
              [7.7487541116, 48.5807293398],
              [7.7487195861, 48.5807150931]
            ]
          ],
          [
            [
              [7.7488754484, 48.5807016466],
              [7.7488796525, 48.5806970278],
              [7.7489020998, 48.5807060229],
              [7.7488977783, 48.5807105946],
              [7.7488754484, 48.5807016466]
            ]
          ],
          [
            [
              [7.7489061724, 48.5807146705],
              [7.7489103764, 48.5807100517],
              [7.7489328238, 48.5807190468],
              [7.7489285023, 48.5807236185],
              [7.7489061724, 48.5807146705]
            ]
          ]
        ],
        "type": "MultiPolygon"
      },
      "properties": {
        "geo_point_2d": { "lon": 7.748784730357494, "lat": 48.58069720462054 },
        "nom_enseigne": "JEANNETTE ET LES CYCLEUX",
        "identifiant": "001171",
        "url_plan": "https:\/\/sig.strasbourg.eu\/datastrasbourg\/occupation_domaine_public\/terrasse\/2025\/plans\/000080.pdf",
        "superficie_autorisee": 24,
        "url_autorisation": "https:\/\/sig.strasbourg.eu\/datastrasbourg\/occupation_domaine_public\/terrasse\/2025\/autorisations\/A000080.pdf",
        "ville": "STRASBOURG",
        "adresse_etablissement": "30 RUE DES TONNELIERS"
      }
    },
    {
      "type": "Feature",
      "geometry": {
        "coordinates": [
          [
            [7.7487355642, 48.5806374663],
            [7.7487176545, 48.5806583727],
            [7.7486882012, 48.5806472702],
            [7.7487320784, 48.5805960184],
            [7.7487615326, 48.5806071299],
            [7.7487355642, 48.5806374663]
          ]
        ],
        "type": "Polygon"
      },
      "properties": {
        "geo_point_2d": { "lon": 7.748724868543113, "lat": 48.580627197470186 },
        "nom_enseigne": "LA CLOCHE A FROMAGE",
        "identifiant": "001174",
        "url_plan": "https:\/\/sig.strasbourg.eu\/datastrasbourg\/occupation_domaine_public\/terrasse\/2025\/plans\/000081.pdf",
        "superficie_autorisee": 16,
        "url_autorisation": "https:\/\/sig.strasbourg.eu\/datastrasbourg\/occupation_domaine_public\/terrasse\/2025\/autorisations\/A000081.pdf",
        "ville": "STRASBOURG",
        "adresse_etablissement": "27 RUE DES TONNELIERS"
      }
    },
    {
      "type": "Feature",
      "geometry": {
        "coordinates": [
          [
            [
              [7.7492303362, 48.5801100959],
              [7.7492483186, 48.5801174748],
              [7.7491806741, 48.5801876188],
              [7.7491623848, 48.5801798952],
              [7.7492303362, 48.5801100959]
            ]
          ],
          [
            [
              [7.7491709089, 48.5802100651],
              [7.7492602141, 48.5802508653],
              [7.7492602141, 48.5802508653],
              [7.749260987, 48.5802512184],
              [7.7492583925, 48.5802526207],
              [7.7492149972, 48.5802760754],
              [7.7491440069, 48.5802359896],
              [7.7491709089, 48.5802100651]
            ]
          ]
        ],
        "type": "MultiPolygon"
      },
      "properties": {
        "geo_point_2d": { "lon": 7.749201435498676, "lat": 48.58021187803861 },
        "nom_enseigne": "LES FRERES BERTHOM",
        "identifiant": "001534",
        "url_plan": "https:\/\/sig.strasbourg.eu\/datastrasbourg\/occupation_domaine_public\/terrasse\/2025\/plans\/000084.pdf",
        "superficie_autorisee": 44,
        "url_autorisation": "https:\/\/sig.strasbourg.eu\/datastrasbourg\/occupation_domaine_public\/terrasse\/2025\/autorisations\/A000084.pdf",
        "ville": "STRASBOURG",
        "adresse_etablissement": "2 PCE DES TRIPIERS"
      }
    },
    {
      "type": "Feature",
      "geometry": {
        "coordinates": [
          [
            [7.7490525285, 48.5802134919],
            [7.7490980359, 48.5801641555],
            [7.7491215081, 48.5801746849],
            [7.7490935786, 48.5802040002],
            [7.7490956413, 48.5802102679],
            [7.7490811816, 48.580225483],
            [7.7490525285, 48.5802134919]
          ]
        ],
        "type": "Polygon"
      },
      "properties": {
        "geo_point_2d": { "lon": 7.749086973015814, "lat": 48.58019540786127 },
        "nom_enseigne": "UTOPIA",
        "identifiant": "000285",
        "url_plan": "https:\/\/sig.strasbourg.eu\/datastrasbourg\/occupation_domaine_public\/terrasse\/2025\/plans\/000087.pdf",
        "superficie_autorisee": 14,
        "url_autorisation": "https:\/\/sig.strasbourg.eu\/datastrasbourg\/occupation_domaine_public\/terrasse\/2025\/autorisations\/A000087.pdf",
        "ville": "STRASBOURG",
        "adresse_etablissement": "13 RUE DES TONNELIERS"
      }
    },
    {
      "type": "Feature",
      "geometry": {
        "coordinates": [
          [
            [7.7485589757, 48.5798957709],
            [7.7485609144, 48.5798959301],
            [7.7487112757, 48.5799481589],
            [7.7487009518, 48.579961127],
            [7.7485493665, 48.579907838],
            [7.7485589757, 48.5798957709]
          ]
        ],
        "type": "Polygon"
      },
      "properties": {
        "geo_point_2d": { "lon": 7.748630729268581, "lat": 48.579928301382736 },
        "nom_enseigne": "BAR EXILS",
        "identifiant": "001178",
        "url_plan": "https:\/\/sig.strasbourg.eu\/datastrasbourg\/occupation_domaine_public\/terrasse\/2025\/plans\/000097.pdf",
        "superficie_autorisee": 20,
        "url_autorisation": "https:\/\/sig.strasbourg.eu\/datastrasbourg\/occupation_domaine_public\/terrasse\/2025\/autorisations\/A000097.pdf",
        "ville": "STRASBOURG",
        "adresse_etablissement": "28 RUE DE L'AIL"
      }
    },
    {
      "type": "Feature",
      "geometry": {
        "coordinates": [
          [
            [7.74306242, 48.5842472462],
            [7.7430573138, 48.5842576458],
            [7.7428986655, 48.5842247525],
            [7.742903504, 48.5842142609],
            [7.74306242, 48.5842472462]
          ]
        ],
        "type": "Polygon"
      },
      "properties": {
        "geo_point_2d": { "lon": 7.742980434523854, "lat": 48.58423596607443 },
        "nom_enseigne": "LE BARTHOLDI",
        "identifiant": "001250",
        "url_plan": "https:\/\/sig.strasbourg.eu\/datastrasbourg\/occupation_domaine_public\/terrasse\/2025\/plans\/000118.pdf",
        "superficie_autorisee": 15,
        "url_autorisation": "https:\/\/sig.strasbourg.eu\/datastrasbourg\/occupation_domaine_public\/terrasse\/2025\/autorisations\/A000118.pdf",
        "ville": "STRASBOURG",
        "adresse_etablissement": "31 RUE DU VIEUX MARCHE AUX VINS"
      }
    },
    {
      "type": "Feature",
      "geometry": {
        "coordinates": [
          [
            [7.7421646919, 48.5840182276],
            [7.7422568215, 48.5840395972],
            [7.7422514522, 48.5840497817],
            [7.7421593372, 48.58402842],
            [7.7421646919, 48.5840182276]
          ]
        ],
        "type": "Polygon"
      },
      "properties": {
        "geo_point_2d": { "lon": 7.74220807274993, "lat": 48.58403400576792 },
        "nom_enseigne": "LE GRINCHEUX",
        "identifiant": "001514",
        "url_plan": "https:\/\/sig.strasbourg.eu\/datastrasbourg\/occupation_domaine_public\/terrasse\/2025\/plans\/000120.pdf",
        "superficie_autorisee": 9,
        "url_autorisation": "https:\/\/sig.strasbourg.eu\/datastrasbourg\/occupation_domaine_public\/terrasse\/2025\/autorisations\/A000120.pdf",
        "ville": "STRASBOURG",
        "adresse_etablissement": "27 RUE DU VIEUX MARCHE AUX VINS"
      }
    },
    {
      "type": "Feature",
      "geometry": {
        "coordinates": [
          [
            [7.7419358377, 48.583741525],
            [7.7419515029, 48.5837164408],
            [7.7419772691, 48.5837221996],
            [7.7419748416, 48.5837272092],
            [7.7419767238, 48.583727736],
            [7.7419633753, 48.5837491035],
            [7.7419358377, 48.583741525]
          ]
        ],
        "type": "Polygon"
      },
      "properties": {
        "geo_point_2d": { "lon": 7.741957448573622, "lat": 48.58373260530124 },
        "nom_enseigne": "CIGKOFTEM",
        "identifiant": "001787",
        "url_plan": "https:\/\/sig.strasbourg.eu\/datastrasbourg\/occupation_domaine_public\/terrasse\/2025\/plans\/000124.pdf",
        "superficie_autorisee": 7,
        "url_autorisation": "https:\/\/sig.strasbourg.eu\/datastrasbourg\/occupation_domaine_public\/terrasse\/2025\/autorisations\/A000124.pdf",
        "ville": "STRASBOURG",
        "adresse_etablissement": "20 RUE DU VIEUX MARCHE AUX VINS"
      }
    },
    {
      "type": "Feature",
      "geometry": {
        "coordinates": [
          [
            [7.7404285326, 48.5835958457],
            [7.7404593109, 48.5836134735],
            [7.7404416032, 48.5836270901],
            [7.7403784414, 48.583590927],
            [7.7403873016, 48.583584114],
            [7.7404195835, 48.5836027255],
            [7.7404285326, 48.5835958457]
          ]
        ],
        "type": "Polygon"
      },
      "properties": {
        "geo_point_2d": { "lon": 7.740422677628116, "lat": 48.58360642576172 },
        "nom_enseigne": "LA GRAPPA",
        "identifiant": "000053",
        "url_plan": "https:\/\/sig.strasbourg.eu\/datastrasbourg\/occupation_domaine_public\/terrasse\/2025\/plans\/000130.pdf",
        "superficie_autorisee": 9,
        "url_autorisation": "https:\/\/sig.strasbourg.eu\/datastrasbourg\/occupation_domaine_public\/terrasse\/2025\/autorisations\/A000130.pdf",
        "ville": "STRASBOURG",
        "adresse_etablissement": "5 RUE DU VIEUX MARCHE AUX VINS"
      }
    },
    {
      "type": "Feature",
      "geometry": {
        "coordinates": [
          [
            [7.7434440349, 48.5838370259],
            [7.7434963875, 48.5838569258],
            [7.7435206976, 48.5838661664],
            [7.7436084458, 48.5838965206],
            [7.7435995726, 48.5839135026],
            [7.7434249144, 48.5838706866],
            [7.7434440349, 48.5838370259]
          ]
        ],
        "type": "Polygon"
      },
      "properties": {
        "geo_point_2d": { "lon": 7.743509438460087, "lat": 48.58387682769397 },
        "nom_enseigne": "RESTAURANT OURS BLANC",
        "identifiant": "001317",
        "url_plan": "https:\/\/sig.strasbourg.eu\/datastrasbourg\/occupation_domaine_public\/terrasse\/2025\/plans\/000131.pdf",
        "superficie_autorisee": 40,
        "url_autorisation": "https:\/\/sig.strasbourg.eu\/datastrasbourg\/occupation_domaine_public\/terrasse\/2025\/autorisations\/A000131.pdf",
        "ville": "STRASBOURG",
        "adresse_etablissement": "52 RUE DU JEU DES ENFANTS"
      }
    },
    {
      "type": "Feature",
      "geometry": {
        "coordinates": [
          [
            [7.7501177015, 48.5772912183],
            [7.750203473, 48.5773295951],
            [7.7501989186, 48.5773340614],
            [7.7501138969, 48.577295717],
            [7.7501177015, 48.5772912183]
          ]
        ],
        "type": "Polygon"
      },
      "properties": {
        "geo_point_2d": { "lon": 7.750158840362184, "lat": 48.57731279855358 },
        "nom_enseigne": "L'EXCALIBUR",
        "identifiant": "001359",
        "url_plan": "https:\/\/sig.strasbourg.eu\/datastrasbourg\/occupation_domaine_public\/terrasse\/2025\/plans\/000150.pdf",
        "superficie_autorisee": 4,
        "url_autorisation": "https:\/\/sig.strasbourg.eu\/datastrasbourg\/occupation_domaine_public\/terrasse\/2025\/autorisations\/A000150.pdf",
        "ville": "STRASBOURG",
        "adresse_etablissement": "39 RUE DES BOUCHERS"
      }
    },
    {
      "type": "Feature",
      "geometry": {
        "coordinates": [
          [
            [7.7523869996, 48.5773073508],
            [7.7522838834, 48.5772775517],
            [7.7522903766, 48.577267654],
            [7.7524593679, 48.5773164965],
            [7.7524529094, 48.5773263298],
            [7.7523869996, 48.5773073508]
          ]
        ],
        "type": "Polygon"
      },
      "properties": {
        "geo_point_2d": { "lon": 7.752371550417028, "lat": 48.577296994103826 },
        "nom_enseigne": "LE LONGCHAMP",
        "identifiant": "000719",
        "url_plan": "https:\/\/sig.strasbourg.eu\/datastrasbourg\/occupation_domaine_public\/terrasse\/2025\/plans\/000151.pdf",
        "superficie_autorisee": 16,
        "url_autorisation": "https:\/\/sig.strasbourg.eu\/datastrasbourg\/occupation_domaine_public\/terrasse\/2025\/autorisations\/A000151.pdf",
        "ville": "STRASBOURG",
        "adresse_etablissement": "7 RUE SENGENWALD"
      }
    },
    {
      "type": "Feature",
      "geometry": {
        "coordinates": [
          [
            [7.7511798922, 48.5803495474],
            [7.7511965627, 48.5803572353],
            [7.751230903, 48.5803245102],
            [7.7513030958, 48.5803580093],
            [7.7512178721, 48.5804393367],
            [7.7511288446, 48.5803982826],
            [7.7511798922, 48.5803495474]
          ]
        ],
        "type": "Polygon"
      },
      "properties": {
        "geo_point_2d": { "lon": 7.751216859657438, "lat": 48.58038144201675 },
        "nom_enseigne": "CAFE DE L'ILL",
        "identifiant": "000978",
        "url_plan": "https:\/\/sig.strasbourg.eu\/datastrasbourg\/occupation_domaine_public\/terrasse\/2025\/plans\/000155.pdf",
        "superficie_autorisee": 82,
        "url_autorisation": "https:\/\/sig.strasbourg.eu\/datastrasbourg\/occupation_domaine_public\/terrasse\/2025\/autorisations\/A000155.pdf",
        "ville": "STRASBOURG",
        "adresse_etablissement": "9 PCE DU MARCHE AUX COCHONS DE LAIT"
      }
    },
    {
      "type": "Feature",
      "geometry": {
        "coordinates": [
          [
            [
              [7.7513144438, 48.5801057937],
              [7.751364503, 48.5800575313],
              [7.7513935821, 48.5800707388],
              [7.7512749014, 48.5801792411],
              [7.7512048572, 48.5802455039],
              [7.7511782297, 48.580233106],
              [7.7512835591, 48.5801334758],
              [7.7513144438, 48.5801057937]
            ]
          ],
          [
            [
              [7.751045186, 48.5802192894],
              [7.7510661763, 48.5801961842],
              [7.7511153843, 48.5802158658],
              [7.751160556, 48.5802358028],
              [7.7511380531, 48.5802582672],
              [7.751045186, 48.5802192894]
            ]
          ]
        ],
        "type": "MultiPolygon"
      },
      "properties": {
        "geo_point_2d": { "lon": 7.751231382120863, "lat": 48.58017347994774 },
        "nom_enseigne": "PFIFFERBRIADER",
        "identifiant": "001023",
        "url_plan": "https:\/\/sig.strasbourg.eu\/datastrasbourg\/occupation_domaine_public\/terrasse\/2025\/plans\/000157.pdf",
        "superficie_autorisee": 83,
        "url_autorisation": "https:\/\/sig.strasbourg.eu\/datastrasbourg\/occupation_domaine_public\/terrasse\/2025\/autorisations\/A000157.pdf",
        "ville": "STRASBOURG",
        "adresse_etablissement": "14 PCE DU MARCHE AUX COCHONS DE LAIT"
      }
    },
    {
      "type": "Feature",
      "geometry": {
        "coordinates": [
          [
            [7.7507017338, 48.5807259496],
            [7.7506477977, 48.5807862727],
            [7.7505879116, 48.5807586576],
            [7.7506401725, 48.5807512923],
            [7.7506806891, 48.5806948794],
            [7.7507168174, 48.580709123],
            [7.7507017338, 48.5807259496]
          ]
        ],
        "type": "Polygon"
      },
      "properties": {
        "geo_point_2d": { "lon": 7.750661283699623, "lat": 48.580742423945416 },
        "nom_enseigne": "LE GRUBER",
        "identifiant": "000537",
        "url_plan": "https:\/\/sig.strasbourg.eu\/datastrasbourg\/occupation_domaine_public\/terrasse\/2025\/plans\/000162.pdf",
        "superficie_autorisee": 31,
        "url_autorisation": "https:\/\/sig.strasbourg.eu\/datastrasbourg\/occupation_domaine_public\/terrasse\/2025\/autorisations\/A000162.pdf",
        "ville": "STRASBOURG",
        "adresse_etablissement": "11 RUE DU MAROQUIN"
      }
    },
    {
      "type": "Feature",
      "geometry": {
        "coordinates": [
          [
            [7.750605325, 48.5808317283],
            [7.7505952643, 48.5808435739],
            [7.7505410322, 48.5808231697],
            [7.7505746673, 48.5807834369],
            [7.7505789693, 48.5807600418],
            [7.7505881667, 48.5807587733],
            [7.7506477977, 48.5807862727],
            [7.750605325, 48.5808317283]
          ]
        ],
        "type": "Polygon"
      },
      "properties": {
        "geo_point_2d": { "lon": 7.750593800143727, "lat": 48.58080163867374 },
        "nom_enseigne": "IL JOURNALE",
        "identifiant": "001414",
        "url_plan": "https:\/\/sig.strasbourg.eu\/datastrasbourg\/occupation_domaine_public\/terrasse\/2025\/plans\/000163.pdf",
        "superficie_autorisee": 38,
        "url_autorisation": "https:\/\/sig.strasbourg.eu\/datastrasbourg\/occupation_domaine_public\/terrasse\/2025\/autorisations\/A000163.pdf",
        "ville": "STRASBOURG",
        "adresse_etablissement": "13 RUE DU MAROQUIN"
      }
    },
    {
      "type": "Feature",
      "geometry": {
        "coordinates": [
          [
            [7.749715176, 48.5809125516],
            [7.7497152888, 48.5809124656],
            [7.7497622289, 48.5809364152],
            [7.7497881811, 48.5809140233],
            [7.7498014995, 48.5809210786],
            [7.7498515026, 48.5809475579],
            [7.7497622527, 48.5810235888],
            [7.7496526049, 48.5809602577],
            [7.749715176, 48.5809125516]
          ]
        ],
        "type": "Polygon"
      },
      "properties": {
        "geo_point_2d": { "lon": 7.749752599643481, "lat": 48.58096208640191 },
        "nom_enseigne": "LE ROI ET SON FOU",
        "identifiant": "000650",
        "url_plan": "https:\/\/sig.strasbourg.eu\/datastrasbourg\/occupation_domaine_public\/terrasse\/2025\/plans\/000166.pdf",
        "superficie_autorisee": 96,
        "url_autorisation": "https:\/\/sig.strasbourg.eu\/datastrasbourg\/occupation_domaine_public\/terrasse\/2025\/autorisations\/A000166.pdf",
        "ville": "STRASBOURG",
        "adresse_etablissement": "37 RUE DU VIEIL-HOPITAL"
      }
    },
    {
      "type": "Feature",
      "geometry": {
        "coordinates": [
          [
            [7.7493126981, 48.5812638619],
            [7.749413681, 48.5812982562],
            [7.7493292026, 48.5813775693],
            [7.7493148196, 48.5813708237],
            [7.7493643157, 48.5813243604],
            [7.7491972935, 48.5812630616],
            [7.7492234789, 48.581231554],
            [7.7493126981, 48.5812638619]
          ]
        ],
        "type": "Polygon"
      },
      "properties": {
        "geo_point_2d": { "lon": 7.749309484573741, "lat": 48.58128923468885 },
        "nom_enseigne": "LE PILIER DES ANGES",
        "identifiant": "000024",
        "url_plan": "https:\/\/sig.strasbourg.eu\/datastrasbourg\/occupation_domaine_public\/terrasse\/2025\/plans\/000168.pdf",
        "superficie_autorisee": 72,
        "url_autorisation": "https:\/\/sig.strasbourg.eu\/datastrasbourg\/occupation_domaine_public\/terrasse\/2025\/autorisations\/A000168.pdf",
        "ville": "STRASBOURG",
        "adresse_etablissement": "3 RUE MERCIERE"
      }
    },
    {
      "type": "Feature",
      "geometry": {
        "coordinates": [
          [
            [7.7498745326, 48.5817542707],
            [7.7497644408, 48.5817103293],
            [7.7497663901, 48.5817085106],
            [7.7497903711, 48.5816821861],
            [7.7499004698, 48.5817257915],
            [7.7498745326, 48.5817542707]
          ]
        ],
        "type": "Polygon"
      },
      "properties": {
        "geo_point_2d": { "lon": 7.749832582997039, "lat": 48.581718197286705 },
        "nom_enseigne": "LA CIGOGNE",
        "identifiant": "000461",
        "url_plan": "https:\/\/sig.strasbourg.eu\/datastrasbourg\/occupation_domaine_public\/terrasse\/2025\/plans\/000174.pdf",
        "superficie_autorisee": 35,
        "url_autorisation": "https:\/\/sig.strasbourg.eu\/datastrasbourg\/occupation_domaine_public\/terrasse\/2025\/autorisations\/A000174.pdf",
        "ville": "STRASBOURG",
        "adresse_etablissement": "11 PCE DE LA CATHEDRALE"
      }
    },
    {
      "type": "Feature",
      "geometry": {
        "coordinates": [
          [
            [7.7567957965, 48.578981225],
            [7.7567578773, 48.5789856716],
            [7.7567160803, 48.5789929532],
            [7.7567023175, 48.5789581616],
            [7.7567463992, 48.57895048],
            [7.7568005249, 48.5789446483],
            [7.7568367665, 48.5789428923],
            [7.7568909784, 48.5789448418],
            [7.7568861958, 48.5789808351],
            [7.756834368, 48.578978824],
            [7.7567957965, 48.578981225]
          ]
        ],
        "type": "Polygon"
      },
      "properties": {
        "geo_point_2d": { "lon": 7.7567983164281715, "lat": 48.57896492618677 },
        "nom_enseigne": "AU CEDRE",
        "identifiant": "000710",
        "url_plan": "https:\/\/sig.strasbourg.eu\/datastrasbourg\/occupation_domaine_public\/terrasse\/2025\/plans\/000183.pdf",
        "superficie_autorisee": 54,
        "url_autorisation": "https:\/\/sig.strasbourg.eu\/datastrasbourg\/occupation_domaine_public\/terrasse\/2025\/autorisations\/A000183.pdf",
        "ville": "STRASBOURG",
        "adresse_etablissement": "1 RUE DU SAINT-GOTHARD"
      }
    },
    {
      "type": "Feature",
      "geometry": {
        "coordinates": [
          [
            [
              [7.7590344462, 48.5789774394],
              [7.7590656629, 48.5789517687],
              [7.7590926347, 48.578964349],
              [7.7590641414, 48.5789912685],
              [7.7590344462, 48.5789774394]
            ]
          ],
          [
            [
              [7.7589590663, 48.5790389256],
              [7.7590215179, 48.57898807],
              [7.7590512264, 48.5790030609],
              [7.758989359, 48.5790571272],
              [7.7589590663, 48.5790389256]
            ]
          ]
        ],
        "type": "MultiPolygon"
      },
      "properties": {
        "geo_point_2d": { "lon": 7.759022886975693, "lat": 48.57900676941137 },
        "nom_enseigne": "LE ZORBA",
        "identifiant": "000793",
        "url_plan": "https:\/\/sig.strasbourg.eu\/datastrasbourg\/occupation_domaine_public\/terrasse\/2025\/plans\/000190.pdf",
        "superficie_autorisee": 31,
        "url_autorisation": "https:\/\/sig.strasbourg.eu\/datastrasbourg\/occupation_domaine_public\/terrasse\/2025\/autorisations\/A000190.pdf",
        "ville": "STRASBOURG",
        "adresse_etablissement": "61 RUE DE ZURICH"
      }
    },
    {
      "type": "Feature",
      "geometry": {
        "coordinates": [
          [
            [7.7588485947, 48.5791387868],
            [7.7588382325, 48.5791329527],
            [7.7589582547, 48.5790393347],
            [7.7589701648, 48.5790465008],
            [7.7588485947, 48.5791387868]
          ]
        ],
        "type": "Polygon"
      },
      "properties": {
        "geo_point_2d": { "lon": 7.758905494681636, "lat": 48.57908809539334 },
        "nom_enseigne": "AU TELEGRAPHE",
        "identifiant": "000905",
        "url_plan": "https:\/\/sig.strasbourg.eu\/datastrasbourg\/occupation_domaine_public\/terrasse\/2025\/plans\/000192.pdf",
        "superficie_autorisee": 15,
        "url_autorisation": "https:\/\/sig.strasbourg.eu\/datastrasbourg\/occupation_domaine_public\/terrasse\/2025\/autorisations\/A000192.pdf",
        "ville": "STRASBOURG",
        "adresse_etablissement": "59 RUE DE ZURICH"
      }
    },
    {
      "type": "Feature",
      "geometry": {
        "coordinates": [
          [
            [7.7421635472, 48.5816692151],
            [7.7422097696, 48.5817382442],
            [7.7420908895, 48.5817711051],
            [7.7420484259, 48.5817029225],
            [7.7421100309, 48.5816860432],
            [7.7421093562, 48.5816847734],
            [7.7421635472, 48.5816692151]
          ]
        ],
        "type": "Polygon"
      },
      "properties": {
        "geo_point_2d": { "lon": 7.742128619014005, "lat": 48.58172051162659 },
        "nom_enseigne": "TORRICELLI",
        "identifiant": "000401",
        "url_plan": "https:\/\/sig.strasbourg.eu\/datastrasbourg\/occupation_domaine_public\/terrasse\/2025\/plans\/000230.pdf",
        "superficie_autorisee": 78,
        "url_autorisation": "https:\/\/sig.strasbourg.eu\/datastrasbourg\/occupation_domaine_public\/terrasse\/2025\/autorisations\/A000230.pdf",
        "ville": "STRASBOURG",
        "adresse_etablissement": "3 PCE DES MEUNIERS"
      }
    },
    {
      "type": "Feature",
      "geometry": {
        "coordinates": [
          [
            [7.7514903444, 48.5792422328],
            [7.7514646667, 48.5791432364],
            [7.75158318, 48.5791093383],
            [7.7515929794, 48.5791563031],
            [7.7515776624, 48.5791609758],
            [7.7516077664, 48.579211344],
            [7.7514903444, 48.5792422328]
          ]
        ],
        "type": "Polygon"
      },
      "properties": {
        "geo_point_2d": { "lon": 7.751534228499433, "lat": 48.57917646340655 },
        "nom_enseigne": "QUAI DE L'ILL",
        "identifiant": "000157",
        "url_plan": "https:\/\/sig.strasbourg.eu\/datastrasbourg\/occupation_domaine_public\/terrasse\/2025\/plans\/000239.pdf",
        "superficie_autorisee": 100,
        "url_autorisation": "https:\/\/sig.strasbourg.eu\/datastrasbourg\/occupation_domaine_public\/terrasse\/2025\/autorisations\/A000239.pdf",
        "ville": "STRASBOURG",
        "adresse_etablissement": "2 -3 PCE DU CORBEAU"
      }
    },
    {
      "type": "Feature",
      "geometry": {
        "coordinates": [
          [
            [7.7427587172, 48.5791285813],
            [7.742781395, 48.5791737948],
            [7.7427428195, 48.5791823001],
            [7.7427204972, 48.5791374054],
            [7.7427587172, 48.5791285813]
          ]
        ],
        "type": "Polygon"
      },
      "properties": {
        "geo_point_2d": { "lon": 7.742750891308247, "lat": 48.5791555319021 },
        "nom_enseigne": "RISTORANTE PARADISO",
        "identifiant": "000269",
        "url_plan": "https:\/\/sig.strasbourg.eu\/datastrasbourg\/occupation_domaine_public\/terrasse\/2025\/plans\/000247.pdf",
        "superficie_autorisee": 16,
        "url_autorisation": "https:\/\/sig.strasbourg.eu\/datastrasbourg\/occupation_domaine_public\/terrasse\/2025\/autorisations\/A000247.pdf",
        "ville": "STRASBOURG",
        "adresse_etablissement": "1 PCE DES MOULINS"
      }
    },
    {
      "type": "Feature",
      "geometry": {
        "coordinates": [
          [
            [
              [7.7450893432, 48.5785861605],
              [7.745082896, 48.5786082322],
              [7.745025683, 48.578600874],
              [7.7450321302, 48.5785788023],
              [7.7450893432, 48.5785861605]
            ]
          ],
          [
            [
              [7.7451551083, 48.5785943806],
              [7.7451490089, 48.5786164958],
              [7.74511568, 48.5786124486],
              [7.7451217794, 48.5785903334],
              [7.7451551083, 48.5785943806]
            ]
          ],
          [
            [
              [7.7450640988, 48.5786820347],
              [7.7449975629, 48.5786806696],
              [7.745022941, 48.5786084837],
              [7.7450796591, 48.5786159721],
              [7.7450640988, 48.5786820347]
            ]
          ],
          [
            [
              [7.7451102687, 48.578631033],
              [7.7451161205, 48.5786317578],
              [7.7451201023, 48.5786170257],
              [7.7451465989, 48.5786204382],
              [7.7451691526, 48.5786360764],
              [7.7451674568, 48.5786733753],
              [7.7451502834, 48.5786840877],
              [7.7450974956, 48.5786829846],
              [7.7451102687, 48.578631033]
            ]
          ]
        ],
        "type": "MultiPolygon"
      },
      "properties": {
        "geo_point_2d": { "lon": 7.745084456168094, "lat": 48.57863953256925 },
        "nom_enseigne": "AU BISTROT DES COPAINS",
        "identifiant": "000288",
        "url_plan": "https:\/\/sig.strasbourg.eu\/datastrasbourg\/occupation_domaine_public\/terrasse\/2025\/plans\/000248.pdf",
        "superficie_autorisee": 83,
        "url_autorisation": "https:\/\/sig.strasbourg.eu\/datastrasbourg\/occupation_domaine_public\/terrasse\/2025\/autorisations\/A000248.pdf",
        "ville": "STRASBOURG",
        "adresse_etablissement": "12 QUAI FINKWILLER"
      }
    },
    {
      "type": "Feature",
      "geometry": {
        "coordinates": [
          [
            [7.742456592, 48.57880517],
            [7.742541396, 48.5787446617],
            [7.7425568118, 48.5787666469],
            [7.7424698491, 48.578814287],
            [7.742456592, 48.57880517]
          ]
        ],
        "type": "Polygon"
      },
      "properties": {
        "geo_point_2d": { "lon": 7.742510219777061, "lat": 48.57877999023545 },
        "nom_enseigne": "ALI BABA",
        "identifiant": "000219",
        "url_plan": "https:\/\/sig.strasbourg.eu\/datastrasbourg\/occupation_domaine_public\/terrasse\/2025\/plans\/000254.pdf",
        "superficie_autorisee": 17,
        "url_autorisation": "https:\/\/sig.strasbourg.eu\/datastrasbourg\/occupation_domaine_public\/terrasse\/2025\/autorisations\/A000254.pdf",
        "ville": "STRASBOURG",
        "adresse_etablissement": "20 RUE FINKWILLER"
      }
    },
    {
      "type": "Feature",
      "geometry": {
        "coordinates": [
          [
            [7.7611427497, 48.5734195009],
            [7.7611560006, 48.5734908944],
            [7.7611089332, 48.5734947449],
            [7.7610956814, 48.5734233424],
            [7.7611427497, 48.5734195009]
          ]
        ],
        "type": "Polygon"
      },
      "properties": {
        "geo_point_2d": { "lon": 7.761125840751785, "lat": 48.573457120786045 },
        "nom_enseigne": "MCDONALD'S",
        "identifiant": "001761",
        "url_plan": "https:\/\/sig.strasbourg.eu\/datastrasbourg\/occupation_domaine_public\/terrasse\/2025\/plans\/000264.pdf",
        "superficie_autorisee": 28,
        "url_autorisation": "https:\/\/sig.strasbourg.eu\/datastrasbourg\/occupation_domaine_public\/terrasse\/2025\/autorisations\/A000264.pdf",
        "ville": "STRASBOURG",
        "adresse_etablissement": "3 PCE DAUPHINE"
      }
    },
    {
      "type": "Feature",
      "geometry": {
        "coordinates": [
          [
            [7.7401755643, 48.5794289951],
            [7.7400609686, 48.5794211972],
            [7.7400648362, 48.5793961445],
            [7.7401794454, 48.5794039419],
            [7.7401755643, 48.5794289951]
          ]
        ],
        "type": "Polygon"
      },
      "properties": {
        "geo_point_2d": { "lon": 7.740120204197546, "lat": 48.579412569469426 },
        "nom_enseigne": "S'KAFFEESTUEBEL",
        "identifiant": "000730",
        "url_plan": "https:\/\/sig.strasbourg.eu\/datastrasbourg\/occupation_domaine_public\/terrasse\/2025\/plans\/000267.pdf",
        "superficie_autorisee": 24,
        "url_autorisation": "https:\/\/sig.strasbourg.eu\/datastrasbourg\/occupation_domaine_public\/terrasse\/2025\/autorisations\/A000267.pdf",
        "ville": "STRASBOURG",
        "adresse_etablissement": "3 PCE HENRI DUNANT"
      }
    },
    {
      "type": "Feature",
      "geometry": {
        "coordinates": [
          [
            [7.7548340688, 48.5787105975],
            [7.7548493876, 48.5787031762],
            [7.7549001901, 48.5787453883],
            [7.7548814253, 48.5787544465],
            [7.7548340688, 48.5787105975]
          ]
        ],
        "type": "Polygon"
      },
      "properties": {
        "geo_point_2d": { "lon": 7.754867090436763, "lat": 48.57872912239557 },
        "nom_enseigne": "L'ANEX",
        "identifiant": "000115",
        "url_plan": "https:\/\/sig.strasbourg.eu\/datastrasbourg\/occupation_domaine_public\/terrasse\/2025\/plans\/000275.pdf",
        "superficie_autorisee": 9,
        "url_autorisation": "https:\/\/sig.strasbourg.eu\/datastrasbourg\/occupation_domaine_public\/terrasse\/2025\/autorisations\/A000275.pdf",
        "ville": "STRASBOURG",
        "adresse_etablissement": "11 RUE DES ORPHELINS"
      }
    },
    {
      "type": "Feature",
      "geometry": {
        "coordinates": [
          [
            [
              [7.7536611511, 48.5785701038],
              [7.7536938601, 48.5785436462],
              [7.7537780928, 48.578589697],
              [7.7537420411, 48.5786143536],
              [7.7536611511, 48.5785701038]
            ]
          ],
          [
            [
              [7.7538044129, 48.5786090655],
              [7.7537780928, 48.578589697],
              [7.7538475438, 48.5785481435],
              [7.7538738638, 48.578567512],
              [7.7538044129, 48.5786090655]
            ]
          ]
        ],
        "type": "MultiPolygon"
      },
      "properties": {
        "geo_point_2d": { "lon": 7.753761706439769, "lat": 48.578579062055724 },
        "nom_enseigne": "LE FOSSILE",
        "identifiant": "000084",
        "url_plan": "https:\/\/sig.strasbourg.eu\/datastrasbourg\/occupation_domaine_public\/terrasse\/2025\/plans\/000282.pdf",
        "superficie_autorisee": 50,
        "url_autorisation": "https:\/\/sig.strasbourg.eu\/datastrasbourg\/occupation_domaine_public\/terrasse\/2025\/autorisations\/A000282.pdf",
        "ville": "STRASBOURG",
        "adresse_etablissement": "6 PCE DES ORPHELINS"
      }
    },
    {
      "type": "Feature",
      "geometry": {
        "coordinates": [
          [
            [7.7468296365, 48.5831435977],
            [7.7467803777, 48.5831336111],
            [7.7468155803, 48.5830570634],
            [7.7468648382, 48.583067041],
            [7.7468296365, 48.5831435977]
          ]
        ],
        "type": "Polygon"
      },
      "properties": {
        "geo_point_2d": { "lon": 7.746822608333025, "lat": 48.58310032898456 },
        "nom_enseigne": "LA BRIOCHE DOREE",
        "identifiant": "000062",
        "url_plan": "https:\/\/sig.strasbourg.eu\/datastrasbourg\/occupation_domaine_public\/terrasse\/2025\/plans\/000285.pdf",
        "superficie_autorisee": 34,
        "url_autorisation": "https:\/\/sig.strasbourg.eu\/datastrasbourg\/occupation_domaine_public\/terrasse\/2025\/autorisations\/A000285.pdf",
        "ville": "STRASBOURG",
        "adresse_etablissement": "4 RUE DES GRANDES ARCADES"
      }
    },
    {
      "type": "Feature",
      "geometry": {
        "coordinates": [
          [
            [
              [7.7471261438, 48.581859313],
              [7.7471485132, 48.5818492708],
              [7.7471560962, 48.581861899],
              [7.7471862412, 48.5818785419],
              [7.7471692369, 48.5818921038],
              [7.7471261438, 48.581859313]
            ]
          ],
          [
            [
              [7.7471754066, 48.5818871842],
              [7.7471862421, 48.5818785508],
              [7.7472082167, 48.5818904192],
              [7.7472967978, 48.5819164477],
              [7.7472898712, 48.5819268133],
              [7.7471976235, 48.581899322],
              [7.7471754066, 48.5818871842]
            ]
          ]
        ],
        "type": "MultiPolygon"
      },
      "properties": {
        "geo_point_2d": { "lon": 7.747203743620515, "lat": 48.58189060267292 },
        "nom_enseigne": "LE KORRIGAN",
        "identifiant": "001000",
        "url_plan": "https:\/\/sig.strasbourg.eu\/datastrasbourg\/occupation_domaine_public\/terrasse\/2025\/plans\/000294.pdf",
        "superficie_autorisee": 20,
        "url_autorisation": "https:\/\/sig.strasbourg.eu\/datastrasbourg\/occupation_domaine_public\/terrasse\/2025\/autorisations\/A000294.pdf",
        "ville": "STRASBOURG",
        "adresse_etablissement": "20 RUE DU VIEUX MARCHE AUX GRAINS"
      }
    },
    {
      "type": "Feature",
      "geometry": {
        "coordinates": [
          [
            [7.7472059549, 48.5815317042],
            [7.7472297533, 48.5814869148],
            [7.7472399371, 48.5814893904],
            [7.7472219048, 48.5815215552],
            [7.7471899583, 48.5815892841],
            [7.7471721954, 48.5816408635],
            [7.7471616173, 48.5816392599],
            [7.7471793802, 48.5815876806],
            [7.7472059549, 48.5815317042]
          ]
        ],
        "type": "Polygon"
      },
      "properties": {
        "geo_point_2d": { "lon": 7.747197608651578, "lat": 48.58156422694681 },
        "nom_enseigne": "LA LANTERNE",
        "identifiant": "001571",
        "url_plan": "https:\/\/sig.strasbourg.eu\/datastrasbourg\/occupation_domaine_public\/terrasse\/2025\/plans\/000298.pdf",
        "superficie_autorisee": 14,
        "url_autorisation": "https:\/\/sig.strasbourg.eu\/datastrasbourg\/occupation_domaine_public\/terrasse\/2025\/autorisations\/A000298.pdf",
        "ville": "STRASBOURG",
        "adresse_etablissement": "5 RUE DE LA LANTERNE"
      }
    },
    {
      "type": "Feature",
      "geometry": {
        "coordinates": [
          [
            [7.7462952271, 48.5823487302],
            [7.7462828663, 48.5823447488],
            [7.7462820981, 48.5823458344],
            [7.7462218541, 48.5823266381],
            [7.7462227324, 48.5823254218],
            [7.7462106244, 48.5823215291],
            [7.7462047836, 48.5823295527],
            [7.746206604, 48.582330145],
            [7.7462000024, 48.582339233],
            [7.7461857879, 48.5823346945],
            [7.746217482, 48.5822900892],
            [7.7463043695, 48.5823163048],
            [7.7462952271, 48.5823487302]
          ]
        ],
        "type": "Polygon"
      },
      "properties": {
        "geo_point_2d": { "lon": 7.746249510161842, "lat": 48.582319782222676 },
        "nom_enseigne": "LE GLACIER FRANCHI",
        "identifiant": "001012",
        "url_plan": "https:\/\/sig.strasbourg.eu\/datastrasbourg\/occupation_domaine_public\/terrasse\/2025\/plans\/000305.pdf",
        "superficie_autorisee": 29,
        "url_autorisation": "https:\/\/sig.strasbourg.eu\/datastrasbourg\/occupation_domaine_public\/terrasse\/2025\/autorisations\/A000305.pdf",
        "ville": "STRASBOURG",
        "adresse_etablissement": "5 RUE DES FRANCS BOURGEOIS"
      }
    },
    {
      "type": "Feature",
      "geometry": {
        "coordinates": [
          [
            [7.7463181791, 48.5821620757],
            [7.7463338584, 48.5821063567],
            [7.746362661, 48.58211001],
            [7.7463468332, 48.582165684],
            [7.7463181791, 48.5821620757]
          ]
        ],
        "type": "Polygon"
      },
      "properties": {
        "geo_point_2d": { "lon": 7.7463403889497116, "lat": 48.5821360063133 },
        "nom_enseigne": "BAGELSTEIN",
        "identifiant": "011572",
        "url_plan": "https:\/\/sig.strasbourg.eu\/datastrasbourg\/occupation_domaine_public\/terrasse\/2025\/plans\/000306.pdf",
        "superficie_autorisee": 14,
        "url_autorisation": "https:\/\/sig.strasbourg.eu\/datastrasbourg\/occupation_domaine_public\/terrasse\/2025\/autorisations\/A000306.pdf",
        "ville": "STRASBOURG",
        "adresse_etablissement": "15 RUE DES FRANCS BOURGEOIS"
      }
    },
    {
      "type": "Feature",
      "geometry": {
        "coordinates": [
          [
            [7.7454625354, 48.5818398238],
            [7.7454625354, 48.5818398238],
            [7.7454839717, 48.5818195985],
            [7.7455252294, 48.58183852],
            [7.7455022988, 48.5818598638],
            [7.7454839488, 48.5818771195],
            [7.7454839488, 48.5818771195],
            [7.7454367722, 48.5819215816],
            [7.745425307, 48.5819324515],
            [7.7453940118, 48.5819450275],
            [7.7453668276, 48.5819183544],
            [7.745390269, 48.5819080074],
            [7.7454625354, 48.5818398238]
          ]
        ],
        "type": "Polygon"
      },
      "properties": {
        "geo_point_2d": {
          "lon": 7.7454465624361175,
          "lat": 48.581882955501605
        },
        "nom_enseigne": "LE TROLLEYBUS",
        "identifiant": "001327",
        "url_plan": "https:\/\/sig.strasbourg.eu\/datastrasbourg\/occupation_domaine_public\/terrasse\/2025\/plans\/000315.pdf",
        "superficie_autorisee": 54,
        "url_autorisation": "https:\/\/sig.strasbourg.eu\/datastrasbourg\/occupation_domaine_public\/terrasse\/2025\/autorisations\/A000315.pdf",
        "ville": "STRASBOURG",
        "adresse_etablissement": "14 RUE SAINTE-BARBE"
      }
    },
    {
      "type": "Feature",
      "geometry": {
        "coordinates": [
          [
            [7.7534583943, 48.5826360109],
            [7.7534721037, 48.5826137539],
            [7.7535340947, 48.5826309938],
            [7.7534883126, 48.5827040669],
            [7.7533894531, 48.5826769999],
            [7.7534218494, 48.5826258807],
            [7.7534583943, 48.5826360109]
          ]
        ],
        "type": "Polygon"
      },
      "properties": {
        "geo_point_2d": { "lon": 7.7534637571930105, "lat": 48.58265825766099 },
        "nom_enseigne": "LA TABLE DU GAYOT",
        "identifiant": "001304",
        "url_plan": "https:\/\/sig.strasbourg.eu\/datastrasbourg\/occupation_domaine_public\/terrasse\/2025\/plans\/000330.pdf",
        "superficie_autorisee": 62,
        "url_autorisation": "https:\/\/sig.strasbourg.eu\/datastrasbourg\/occupation_domaine_public\/terrasse\/2025\/autorisations\/A000330.pdf",
        "ville": "STRASBOURG",
        "adresse_etablissement": "8 PCE DU MARCHE GAYOT"
      }
    },
    {
      "type": "Feature",
      "geometry": {
        "coordinates": [
          [
            [7.7528265608, 48.5815658857],
            [7.7527751904, 48.5815464825],
            [7.7528154372, 48.5814995944],
            [7.7528837407, 48.5815254131],
            [7.7528508331, 48.5815637563],
            [7.7528338668, 48.5815575675],
            [7.7528265608, 48.5815658857]
          ]
        ],
        "type": "Polygon"
      },
      "properties": {
        "geo_point_2d": { "lon": 7.752829036630367, "lat": 48.58153459458883 },
        "nom_enseigne": "AU FOND DU JARDIN",
        "identifiant": "000746",
        "url_plan": "https:\/\/sig.strasbourg.eu\/datastrasbourg\/occupation_domaine_public\/terrasse\/2025\/plans\/000334.pdf",
        "superficie_autorisee": 33,
        "url_autorisation": "https:\/\/sig.strasbourg.eu\/datastrasbourg\/occupation_domaine_public\/terrasse\/2025\/autorisations\/A000334.pdf",
        "ville": "STRASBOURG",
        "adresse_etablissement": "6 RUE DE LA RAPE"
      }
    },
    {
      "type": "Feature",
      "geometry": {
        "coordinates": [
          [
            [7.7457339691, 48.5813867142],
            [7.7457272371, 48.5814968309],
            [7.7457028558, 48.5814961792],
            [7.7457097361, 48.5813838579],
            [7.7457336155, 48.5813842238],
            [7.7457339691, 48.5813867142]
          ]
        ],
        "type": "Polygon"
      },
      "properties": {
        "geo_point_2d": { "lon": 7.745718488645146, "lat": 48.58144029282071 },
        "nom_enseigne": "LE THE DES MUSES",
        "identifiant": "001666",
        "url_plan": "https:\/\/sig.strasbourg.eu\/datastrasbourg\/occupation_domaine_public\/terrasse\/2025\/plans\/000336.pdf",
        "superficie_autorisee": 23,
        "url_autorisation": "https:\/\/sig.strasbourg.eu\/datastrasbourg\/occupation_domaine_public\/terrasse\/2025\/autorisations\/A000336.pdf",
        "ville": "STRASBOURG",
        "adresse_etablissement": "19 RUE SAINTE-BARBE"
      }
    },
    {
      "type": "Feature",
      "geometry": {
        "coordinates": [
          [
            [7.7415549042, 48.581580279],
            [7.7416138409, 48.5815744472],
            [7.7416176837, 48.5815914182],
            [7.7414871525, 48.5816039414],
            [7.7414854583, 48.5815959287],
            [7.7415403134, 48.5815844522],
            [7.7415549042, 48.581580279]
          ]
        ],
        "type": "Polygon"
      },
      "properties": {
        "geo_point_2d": { "lon": 7.741558296775261, "lat": 48.58158953554231 },
        "nom_enseigne": "LA PETITE ALSACE",
        "identifiant": "000231",
        "url_plan": "https:\/\/sig.strasbourg.eu\/datastrasbourg\/occupation_domaine_public\/terrasse\/2025\/plans\/000342.pdf",
        "superficie_autorisee": 16,
        "url_autorisation": "https:\/\/sig.strasbourg.eu\/datastrasbourg\/occupation_domaine_public\/terrasse\/2025\/autorisations\/A000342.pdf",
        "ville": "STRASBOURG",
        "adresse_etablissement": "23 RUE DU BAIN-AUX-PLANTES"
      }
    },
    {
      "type": "Feature",
      "geometry": {
        "coordinates": [
          [
            [
              [7.7391651317, 48.5809127775],
              [7.7392422676, 48.5809476743],
              [7.7392177029, 48.5809713917],
              [7.7391413196, 48.5809360382],
              [7.7391651317, 48.5809127775]
            ]
          ],
          [
            [
              [7.7391021508, 48.5809726417],
              [7.7391187067, 48.580958405],
              [7.7391791368, 48.5809862891],
              [7.73916034, 48.5810022026],
              [7.7391021508, 48.5809726417]
            ]
          ]
        ],
        "type": "MultiPolygon"
      },
      "properties": {
        "geo_point_2d": { "lon": 7.739174093455515, "lat": 48.58095521573269 },
        "nom_enseigne": "LE FANTASSIN",
        "identifiant": "001428",
        "url_plan": "https:\/\/sig.strasbourg.eu\/datastrasbourg\/occupation_domaine_public\/terrasse\/2025\/plans\/000346.pdf",
        "superficie_autorisee": 33,
        "url_autorisation": "https:\/\/sig.strasbourg.eu\/datastrasbourg\/occupation_domaine_public\/terrasse\/2025\/autorisations\/A000346.pdf",
        "ville": "STRASBOURG",
        "adresse_etablissement": "4 QUAI DE LA BRUCHE"
      }
    },
    {
      "type": "Feature",
      "geometry": {
        "coordinates": [
          [
            [
              [7.7667329326, 48.5772262241],
              [7.7667312514, 48.5772173005],
              [7.766775825, 48.5772137117],
              [7.7667774575, 48.5772226392],
              [7.7667329326, 48.5772262241]
            ]
          ],
          [
            [
              [7.7666675452, 48.5772314887],
              [7.7666659128, 48.5772225612],
              [7.7667106254, 48.5772189613],
              [7.7667114339, 48.5772279552],
              [7.7666675452, 48.5772314887]
            ]
          ],
          [
            [
              [7.7667338379, 48.5772677393],
              [7.7667292511, 48.5772436945],
              [7.7667839934, 48.5772390523],
              [7.7667884596, 48.5772629037],
              [7.7667338379, 48.5772677393]
            ]
          ]
        ],
        "type": "MultiPolygon"
      },
      "properties": {
        "geo_point_2d": { "lon": 7.766744853371879, "lat": 48.577241757094725 },
        "nom_enseigne": "LE ROMULUS",
        "identifiant": "000435",
        "url_plan": "https:\/\/sig.strasbourg.eu\/datastrasbourg\/occupation_domaine_public\/terrasse\/2025\/plans\/000370.pdf",
        "superficie_autorisee": 18,
        "url_autorisation": "https:\/\/sig.strasbourg.eu\/datastrasbourg\/occupation_domaine_public\/terrasse\/2025\/autorisations\/A000370.pdf",
        "ville": "STRASBOURG",
        "adresse_etablissement": "12 RUE DE ROME"
      }
    },
    {
      "type": "Feature",
      "geometry": {
        "coordinates": [
          [
            [7.7497850019, 48.5858835192],
            [7.7497958765, 48.5858888856],
            [7.7497635216, 48.5859177445],
            [7.749752647, 48.585912378],
            [7.7497850019, 48.5858835192]
          ]
        ],
        "type": "Polygon"
      },
      "properties": {
        "geo_point_2d": { "lon": 7.749774261734125, "lat": 48.585900631841966 },
        "nom_enseigne": "LE PACHA",
        "identifiant": "001007",
        "url_plan": "https:\/\/sig.strasbourg.eu\/datastrasbourg\/occupation_domaine_public\/terrasse\/2025\/plans\/000376.pdf",
        "superficie_autorisee": 4,
        "url_autorisation": "https:\/\/sig.strasbourg.eu\/datastrasbourg\/occupation_domaine_public\/terrasse\/2025\/autorisations\/A000376.pdf",
        "ville": "STRASBOURG",
        "adresse_etablissement": "8 RUE DE LA FONDERIE"
      }
    },
    {
      "type": "Feature",
      "geometry": {
        "coordinates": [
          [
            [7.7541916043, 48.5846335672],
            [7.7542685343, 48.5846727903],
            [7.7542003844, 48.5847166771],
            [7.7541287532, 48.5846729571],
            [7.754090046, 48.5846384843],
            [7.7541313264, 48.5846028342],
            [7.7541916043, 48.5846335672]
          ]
        ],
        "type": "Polygon"
      },
      "properties": {
        "geo_point_2d": { "lon": 7.754174826227868, "lat": 48.58466022305223 },
        "nom_enseigne": "BRASSERIE LA NOUVELLE POSTE",
        "identifiant": "000059",
        "url_plan": "https:\/\/sig.strasbourg.eu\/datastrasbourg\/occupation_domaine_public\/terrasse\/2025\/plans\/000386.pdf",
        "superficie_autorisee": 77,
        "url_autorisation": "https:\/\/sig.strasbourg.eu\/datastrasbourg\/occupation_domaine_public\/terrasse\/2025\/autorisations\/A000386.pdf",
        "ville": "STRASBOURG",
        "adresse_etablissement": "12 RUE DU PARCHEMIN"
      }
    },
    {
      "type": "Feature",
      "geometry": {
        "coordinates": [
          [
            [7.7444770868, 48.5826795272],
            [7.7444850174, 48.5826412167],
            [7.744584429, 48.5826500305],
            [7.7445777599, 48.5826884558],
            [7.7444770868, 48.5826795272]
          ]
        ],
        "type": "Polygon"
      },
      "properties": {
        "geo_point_2d": { "lon": 7.744531066228563, "lat": 48.5826648479404 },
        "nom_enseigne": "SECRETS DE TABLE",
        "identifiant": "001553",
        "url_plan": "https:\/\/sig.strasbourg.eu\/datastrasbourg\/occupation_domaine_public\/terrasse\/2025\/plans\/000393.pdf",
        "superficie_autorisee": 32,
        "url_autorisation": "https:\/\/sig.strasbourg.eu\/datastrasbourg\/occupation_domaine_public\/terrasse\/2025\/autorisations\/A000393.pdf",
        "ville": "STRASBOURG",
        "adresse_etablissement": "39 RUE DU VINGT-DEUX NOVEMBRE"
      }
    },
    {
      "type": "Feature",
      "geometry": {
        "coordinates": [
          [
            [7.7514239703, 48.5915570686],
            [7.7514268904, 48.5915455333],
            [7.7515070984, 48.5915544946],
            [7.7515041774, 48.5915660209],
            [7.7514239703, 48.5915570686]
          ]
        ],
        "type": "Polygon"
      },
      "properties": {
        "geo_point_2d": { "lon": 7.751465529117584, "lat": 48.59155577875271 },
        "nom_enseigne": "LES SALES GOSSES",
        "identifiant": "001714",
        "url_plan": "https:\/\/sig.strasbourg.eu\/datastrasbourg\/occupation_domaine_public\/terrasse\/2025\/plans\/000408.pdf",
        "superficie_autorisee": 8,
        "url_autorisation": "https:\/\/sig.strasbourg.eu\/datastrasbourg\/occupation_domaine_public\/terrasse\/2025\/autorisations\/A000408.pdf",
        "ville": "STRASBOURG",
        "adresse_etablissement": "56 BD CLEMENCEAU"
      }
    },
    {
      "type": "Feature",
      "geometry": {
        "coordinates": [
          [
            [7.7519822304, 48.5916073765],
            [7.7521393468, 48.591624419],
            [7.7521362841, 48.5916368441],
            [7.7519797527, 48.5916198651],
            [7.7519822304, 48.5916073765]
          ]
        ],
        "type": "Polygon"
      },
      "properties": {
        "geo_point_2d": { "lon": 7.7520594043152435, "lat": 48.59162212229764 },
        "nom_enseigne": "AUTRE PART",
        "identifiant": "001781",
        "url_plan": "https:\/\/sig.strasbourg.eu\/datastrasbourg\/occupation_domaine_public\/terrasse\/2025\/plans\/000409.pdf",
        "superficie_autorisee": 16,
        "url_autorisation": "https:\/\/sig.strasbourg.eu\/datastrasbourg\/occupation_domaine_public\/terrasse\/2025\/autorisations\/A000409.pdf",
        "ville": "STRASBOURG",
        "adresse_etablissement": "60 BD CLEMENCEAU"
      }
    },
    {
      "type": "Feature",
      "geometry": {
        "coordinates": [
          [
            [
              [7.7701148696, 48.5806555909],
              [7.77007491, 48.5806588975],
              [7.7700628466, 48.5805950163],
              [7.7701040038, 48.5805914376],
              [7.7701148696, 48.5806555909]
            ]
          ],
          [
            [
              [7.7701236396, 48.5805845844],
              [7.7701490897, 48.5805825402],
              [7.7701651665, 48.5806689181],
              [7.7701394881, 48.5806710208],
              [7.7701236396, 48.5805845844]
            ]
          ]
        ],
        "type": "MultiPolygon"
      },
      "properties": {
        "geo_point_2d": { "lon": 7.770114517963234, "lat": 48.580625881811194 },
        "nom_enseigne": "CAFE JF",
        "identifiant": "000131",
        "url_plan": "https:\/\/sig.strasbourg.eu\/datastrasbourg\/occupation_domaine_public\/terrasse\/2025\/plans\/000433.pdf",
        "superficie_autorisee": 40,
        "url_autorisation": "https:\/\/sig.strasbourg.eu\/datastrasbourg\/occupation_domaine_public\/terrasse\/2025\/autorisations\/A000433.pdf",
        "ville": "STRASBOURG",
        "adresse_etablissement": "1 AVE DU GENERAL DE GAULLE"
      }
    },
    {
      "type": "Feature",
      "geometry": {
        "coordinates": [
          [
            [7.7700217885, 48.5768983538],
            [7.770032886, 48.5769565722],
            [7.7699776569, 48.5769611402],
            [7.7699664308, 48.5769030639],
            [7.7700217885, 48.5768983538]
          ]
        ],
        "type": "Polygon"
      },
      "properties": {
        "geo_point_2d": {
          "lon": 7.7699996982099355,
          "lat": 48.576929768222115
        },
        "nom_enseigne": "SUBWAY",
        "identifiant": "001751",
        "url_plan": "https:\/\/sig.strasbourg.eu\/datastrasbourg\/occupation_domaine_public\/terrasse\/2025\/plans\/000440.pdf",
        "superficie_autorisee": 27,
        "url_autorisation": "https:\/\/sig.strasbourg.eu\/datastrasbourg\/occupation_domaine_public\/terrasse\/2025\/autorisations\/A000440.pdf",
        "ville": "STRASBOURG",
        "adresse_etablissement": "18 PCE DE L'ESPLANADE"
      }
    },
    {
      "type": "Feature",
      "geometry": {
        "coordinates": [
          [
            [7.7413856018, 48.5821929935],
            [7.7414659904, 48.5821732118],
            [7.7414777775, 48.5821942822],
            [7.7413951857, 48.5822146135],
            [7.7413530659, 48.5821982692],
            [7.7413118302, 48.5820790756],
            [7.741323346, 48.5820774698],
            [7.7413560654, 48.5821806943],
            [7.7413856018, 48.5821929935]
          ]
        ],
        "type": "Polygon"
      },
      "properties": {
        "geo_point_2d": { "lon": 7.741391336023911, "lat": 48.58217509830563 },
        "nom_enseigne": "L'ARTICHAUT",
        "identifiant": "001089",
        "url_plan": "https:\/\/sig.strasbourg.eu\/datastrasbourg\/occupation_domaine_public\/terrasse\/2025\/plans\/000443.pdf",
        "superficie_autorisee": 31,
        "url_autorisation": "https:\/\/sig.strasbourg.eu\/datastrasbourg\/occupation_domaine_public\/terrasse\/2025\/autorisations\/A000443.pdf",
        "ville": "STRASBOURG",
        "adresse_etablissement": "56 GRAND'RUE"
      }
    },
    {
      "type": "Feature",
      "geometry": {
        "coordinates": [
          [
            [7.7522921789, 48.5786279169],
            [7.7522192908, 48.5786682121],
            [7.7522019401, 48.5786543938],
            [7.7522748282, 48.5786140985],
            [7.7522921789, 48.5786279169]
          ]
        ],
        "type": "Polygon"
      },
      "properties": {
        "geo_point_2d": { "lon": 7.752247059524476, "lat": 48.578641155309484 },
        "nom_enseigne": "LITZLER-VOGEL",
        "identifiant": "001840",
        "url_plan": "https:\/\/sig.strasbourg.eu\/datastrasbourg\/occupation_domaine_public\/terrasse\/2025\/plans\/000445.pdf",
        "superficie_autorisee": 14,
        "url_autorisation": "https:\/\/sig.strasbourg.eu\/datastrasbourg\/occupation_domaine_public\/terrasse\/2025\/autorisations\/A000445.pdf",
        "ville": "STRASBOURG",
        "adresse_etablissement": "9 RUE D'AUSTERLITZ"
      }
    },
    {
      "type": "Feature",
      "geometry": {
        "coordinates": [
          [
            [7.7660854775, 48.5612866151],
            [7.7660052986, 48.5612979171],
            [7.7659996689, 48.5612803234],
            [7.7660798487, 48.5612690213],
            [7.7660854775, 48.5612866151]
          ]
        ],
        "type": "Polygon"
      },
      "properties": {
        "geo_point_2d": { "lon": 7.766042573410021, "lat": 48.561283469210075 },
        "nom_enseigne": "LE SALTO",
        "identifiant": "001747",
        "url_plan": "https:\/\/sig.strasbourg.eu\/datastrasbourg\/occupation_domaine_public\/terrasse\/2025\/plans\/000449.pdf",
        "superficie_autorisee": 12,
        "url_autorisation": "https:\/\/sig.strasbourg.eu\/datastrasbourg\/occupation_domaine_public\/terrasse\/2025\/autorisations\/A000449.pdf",
        "ville": "STRASBOURG",
        "adresse_etablissement": "23 RUE DE L'ANCIENNE ECOLE"
      }
    },
    {
      "type": "Feature",
      "geometry": {
        "coordinates": [
          [
            [
              [7.7590106396, 48.5658443198],
              [7.7589937271, 48.5658368387],
              [7.7590275417, 48.5658031636],
              [7.7590444542, 48.5658106446],
              [7.7590106396, 48.5658443198]
            ]
          ],
          [
            [
              [7.7588800026, 48.5659276778],
              [7.7588750157, 48.5658697384],
              [7.7589456215, 48.5658673411],
              [7.758950265, 48.5659247061],
              [7.7588800026, 48.5659276778]
            ]
          ]
        ],
        "type": "MultiPolygon"
      },
      "properties": {
        "geo_point_2d": { "lon": 7.758930543419151, "lat": 48.56588498286451 },
        "nom_enseigne": "L'INSTANT PLAISIR",
        "identifiant": "000656",
        "url_plan": "https:\/\/sig.strasbourg.eu\/datastrasbourg\/occupation_domaine_public\/terrasse\/2025\/plans\/000472.pdf",
        "superficie_autorisee": 40,
        "url_autorisation": "https:\/\/sig.strasbourg.eu\/datastrasbourg\/occupation_domaine_public\/terrasse\/2025\/autorisations\/A000472.pdf",
        "ville": "STRASBOURG",
        "adresse_etablissement": "90 RTE DU POLYGONE"
      }
    },
    {
      "type": "Feature",
      "geometry": {
        "coordinates": [
          [
            [7.7630424693, 48.5653144054],
            [7.7631854674, 48.5653786405],
            [7.763174307, 48.5653888208],
            [7.7630319066, 48.5653246846],
            [7.7630424693, 48.5653144054]
          ]
        ],
        "type": "Polygon"
      },
      "properties": {
        "geo_point_2d": { "lon": 7.763108674291122, "lat": 48.56535169512152 },
        "nom_enseigne": "METEOREAT",
        "identifiant": "001412",
        "url_plan": "https:\/\/sig.strasbourg.eu\/datastrasbourg\/occupation_domaine_public\/terrasse\/2025\/plans\/000474.pdf",
        "superficie_autorisee": 18,
        "url_autorisation": "https:\/\/sig.strasbourg.eu\/datastrasbourg\/occupation_domaine_public\/terrasse\/2025\/autorisations\/A000474.pdf",
        "ville": "STRASBOURG",
        "adresse_etablissement": "16 RUE SAINT-ALOISE"
      }
    },
    {
      "type": "Feature",
      "geometry": {
        "coordinates": [
          [
            [7.7328925943, 48.5819776695],
            [7.7328861033, 48.5819081071],
            [7.7328952173, 48.5819077318],
            [7.7329017082, 48.5819772923],
            [7.7328925943, 48.5819776695]
          ]
        ],
        "type": "Polygon"
      },
      "properties": {
        "geo_point_2d": { "lon": 7.732893905758859, "lat": 48.581942700224815 },
        "nom_enseigne": "LE PRINCE",
        "identifiant": "000108",
        "url_plan": "https:\/\/sig.strasbourg.eu\/datastrasbourg\/occupation_domaine_public\/terrasse\/2025\/plans\/000483.pdf",
        "superficie_autorisee": 5,
        "url_autorisation": "https:\/\/sig.strasbourg.eu\/datastrasbourg\/occupation_domaine_public\/terrasse\/2025\/autorisations\/A000483.pdf",
        "ville": "STRASBOURG",
        "adresse_etablissement": "53 RUE DU FAUBOURG NATIONAL"
      }
    },
    {
      "type": "Feature",
      "geometry": {
        "coordinates": [
          [
            [7.7372215144, 48.5823889667],
            [7.7372183266, 48.5823995484],
            [7.7371439022, 48.5823896481],
            [7.7371471035, 48.5823790658],
            [7.7372215144, 48.5823889667]
          ]
        ],
        "type": "Polygon"
      },
      "properties": {
        "geo_point_2d": { "lon": 7.737182710279229, "lat": 48.58238930722213 },
        "nom_enseigne": "DREAM'S BAR",
        "identifiant": "001513",
        "url_plan": "https:\/\/sig.strasbourg.eu\/datastrasbourg\/occupation_domaine_public\/terrasse\/2025\/plans\/000488.pdf",
        "superficie_autorisee": 7,
        "url_autorisation": "https:\/\/sig.strasbourg.eu\/datastrasbourg\/occupation_domaine_public\/terrasse\/2025\/autorisations\/A000488.pdf",
        "ville": "STRASBOURG",
        "adresse_etablissement": "9 RUE DU FAUBOURG NATIONAL"
      }
    },
    {
      "type": "Feature",
      "geometry": {
        "coordinates": [
          [
            [
              [7.7364465845, 48.5843330817],
              [7.7364383147, 48.5843136063],
              [7.7364666613, 48.5843083859],
              [7.7364948642, 48.5843675425],
              [7.7364410936, 48.5843777381],
              [7.736423605, 48.5843373082],
              [7.7364465845, 48.5843330817]
            ]
          ],
          [
            [
              [7.7364411409, 48.5843778476],
              [7.73639927, 48.5843859399],
              [7.7363809493, 48.5843419605],
              [7.7364222917, 48.5843346648],
              [7.7364346589, 48.5843632499],
              [7.7364411409, 48.5843778476]
            ]
          ]
        ],
        "type": "MultiPolygon"
      },
      "properties": {
        "geo_point_2d": { "lon": 7.736439355383912, "lat": 48.58435172237293 },
        "nom_enseigne": "MC DONALD S",
        "identifiant": "001591",
        "url_plan": "https:\/\/sig.strasbourg.eu\/datastrasbourg\/occupation_domaine_public\/terrasse\/2025\/plans\/000491.pdf",
        "superficie_autorisee": 40,
        "url_autorisation": "https:\/\/sig.strasbourg.eu\/datastrasbourg\/occupation_domaine_public\/terrasse\/2025\/autorisations\/A000491.pdf",
        "ville": "STRASBOURG",
        "adresse_etablissement": "10 PCE DE LA GARE"
      }
    },
    {
      "type": "Feature",
      "geometry": {
        "coordinates": [
          [
            [7.7478465461, 48.5906385685],
            [7.7478713878, 48.5906778069],
            [7.7477519081, 48.5907111929],
            [7.7477273853, 48.5906719594],
            [7.7478465461, 48.5906385685]
          ]
        ],
        "type": "Polygon"
      },
      "properties": {
        "geo_point_2d": { "lon": 7.7477993317396106, "lat": 48.59067488360751 },
        "nom_enseigne": "RESTAURATION PIZZERIA PIERROFINO",
        "identifiant": "000838",
        "url_plan": "https:\/\/sig.strasbourg.eu\/datastrasbourg\/occupation_domaine_public\/terrasse\/2025\/plans\/000512.pdf",
        "superficie_autorisee": 45,
        "url_autorisation": "https:\/\/sig.strasbourg.eu\/datastrasbourg\/occupation_domaine_public\/terrasse\/2025\/autorisations\/A000512.pdf",
        "ville": "STRASBOURG",
        "adresse_etablissement": "70 AVE DES VOSGES"
      }
    },
    {
      "type": "Feature",
      "geometry": {
        "coordinates": [
          [
            [
              [7.7402347849, 48.5857338039],
              [7.7402426027, 48.5857223392],
              [7.7404627071, 48.5857901504],
              [7.7404545123, 48.5858015044],
              [7.7403661431, 48.5857733986],
              [7.7402347849, 48.5857338039]
            ]
          ],
          [
            [
              [7.7401292168, 48.585830477],
              [7.7401997269, 48.5857312443],
              [7.7402302012, 48.5857404603],
              [7.7401626826, 48.5858385616],
              [7.7401620538, 48.5858383711],
              [7.7401583287, 48.5858399378],
              [7.7401292168, 48.585830477]
            ]
          ]
        ],
        "type": "MultiPolygon"
      },
      "properties": {
        "geo_point_2d": { "lon": 7.7402537003589975, "lat": 48.58577545796861 },
        "nom_enseigne": "L'ITALIEN DU COIN",
        "identifiant": "000151",
        "url_plan": "https:\/\/sig.strasbourg.eu\/datastrasbourg\/occupation_domaine_public\/terrasse\/2025\/plans\/000532.pdf",
        "superficie_autorisee": 55,
        "url_autorisation": "https:\/\/sig.strasbourg.eu\/datastrasbourg\/occupation_domaine_public\/terrasse\/2025\/autorisations\/A000532.pdf",
        "ville": "STRASBOURG",
        "adresse_etablissement": "20 RUE DU FAUBOURG DE SAVERNE"
      }
    },
    {
      "type": "Feature",
      "geometry": {
        "coordinates": [
          [
            [
              [7.7477906814, 48.5873944846],
              [7.7477832387, 48.5874070379],
              [7.747632408, 48.587366623],
              [7.7476393068, 48.5873549831],
              [7.7477906814, 48.5873944846]
            ]
          ],
          [
            [
              [7.7477633604, 48.5874862506],
              [7.7478005101, 48.5874325358],
              [7.7478374712, 48.5874437868],
              [7.7478007269, 48.5874969154],
              [7.7477633604, 48.5874862506]
            ]
          ]
        ],
        "type": "MultiPolygon"
      },
      "properties": {
        "geo_point_2d": { "lon": 7.747759119932324, "lat": 48.58742551471611 },
        "nom_enseigne": "LE TRIBUNAL",
        "identifiant": "001028",
        "url_plan": "https:\/\/sig.strasbourg.eu\/datastrasbourg\/occupation_domaine_public\/terrasse\/2025\/plans\/000536.pdf",
        "superficie_autorisee": 37,
        "url_autorisation": "https:\/\/sig.strasbourg.eu\/datastrasbourg\/occupation_domaine_public\/terrasse\/2025\/autorisations\/A000536.pdf",
        "ville": "STRASBOURG",
        "adresse_etablissement": "6 QUAI FINKMATT"
      }
    },
    {
      "type": "Feature",
      "geometry": {
        "coordinates": [
          [
            [7.7463131658, 48.5896583888],
            [7.7463292801, 48.5896631359],
            [7.7462924434, 48.5897182068],
            [7.7462763435, 48.5897134682],
            [7.7463131658, 48.5896583888]
          ]
        ],
        "type": "Polygon"
      },
      "properties": {
        "geo_point_2d": { "lon": 7.746302811310598, "lat": 48.58968829511814 },
        "nom_enseigne": "LA FABRIQUE A MIAM",
        "identifiant": "001234",
        "url_plan": "https:\/\/sig.strasbourg.eu\/datastrasbourg\/occupation_domaine_public\/terrasse\/2025\/plans\/000537.pdf",
        "superficie_autorisee": 9,
        "url_autorisation": "https:\/\/sig.strasbourg.eu\/datastrasbourg\/occupation_domaine_public\/terrasse\/2025\/autorisations\/A000537.pdf",
        "ville": "STRASBOURG",
        "adresse_etablissement": "10 RUE GLOXIN"
      }
    },
    {
      "type": "Feature",
      "geometry": {
        "coordinates": [
          [
            [7.7974195261, 48.5736154543],
            [7.7974553248, 48.5736482138],
            [7.7974443475, 48.5736534973],
            [7.797436652, 48.5736464449],
            [7.7974338662, 48.5736477224],
            [7.7974175441, 48.5736320884],
            [7.7974201963, 48.5736306902],
            [7.7974099348, 48.57362205],
            [7.7974195261, 48.5736154543]
          ]
        ],
        "type": "Polygon"
      },
      "properties": {
        "geo_point_2d": { "lon": 7.797431904857343, "lat": 48.57363528673316 },
        "nom_enseigne": "ERO SNACK ROUTIERS",
        "identifiant": "001154",
        "url_plan": "https:\/\/sig.strasbourg.eu\/datastrasbourg\/occupation_domaine_public\/terrasse\/2025\/plans\/000546.pdf",
        "superficie_autorisee": 5,
        "url_autorisation": "https:\/\/sig.strasbourg.eu\/datastrasbourg\/occupation_domaine_public\/terrasse\/2025\/autorisations\/A000546.pdf",
        "ville": "STRASBOURG",
        "adresse_etablissement": "81 RTE DU RHIN"
      }
    },
    {
      "type": "Feature",
      "geometry": {
        "coordinates": [
          [
            [7.7115272411, 48.5788248588],
            [7.7115934192, 48.578836822],
            [7.7115873711, 48.5788524471],
            [7.7115214065, 48.5788405114],
            [7.7115272411, 48.5788248588]
          ]
        ],
        "type": "Polygon"
      },
      "properties": {
        "geo_point_2d": { "lon": 7.711557364706244, "lat": 48.57883865635381 },
        "nom_enseigne": "LES DELICES DU FOURNIL",
        "identifiant": "001460",
        "url_plan": "https:\/\/sig.strasbourg.eu\/datastrasbourg\/occupation_domaine_public\/terrasse\/2025\/plans\/000562.pdf",
        "superficie_autorisee": 9,
        "url_autorisation": "https:\/\/sig.strasbourg.eu\/datastrasbourg\/occupation_domaine_public\/terrasse\/2025\/autorisations\/A000562.pdf",
        "ville": "STRASBOURG",
        "adresse_etablissement": "79 RTE DES ROMAINS"
      }
    },
    {
      "type": "Feature",
      "geometry": {
        "coordinates": [
          [
            [7.7642516234, 48.5873861562],
            [7.7642451618, 48.5873893877],
            [7.7642422945, 48.5873869038],
            [7.7642412041, 48.5873874441],
            [7.7641806455, 48.5873341481],
            [7.7641882225, 48.5873303587],
            [7.7642516234, 48.5873861562]
          ]
        ],
        "type": "Polygon"
      },
      "properties": {
        "geo_point_2d": { "lon": 7.764215957162109, "lat": 48.58735996681911 },
        "nom_enseigne": "PATISSERIE MATTHIAS",
        "identifiant": "001440",
        "url_plan": "https:\/\/sig.strasbourg.eu\/datastrasbourg\/occupation_domaine_public\/terrasse\/2025\/plans\/000573.pdf",
        "superficie_autorisee": 5,
        "url_autorisation": "https:\/\/sig.strasbourg.eu\/datastrasbourg\/occupation_domaine_public\/terrasse\/2025\/autorisations\/A000573.pdf",
        "ville": "STRASBOURG",
        "adresse_etablissement": "17 ALL DE LA ROBERTSAU"
      }
    },
    {
      "type": "Feature",
      "geometry": {
        "coordinates": [
          [
            [7.7682000677, 48.5868322583],
            [7.7681927389, 48.5868218211],
            [7.7683780232, 48.5867651471],
            [7.7683851783, 48.5867759611],
            [7.7682000677, 48.5868322583]
          ]
        ],
        "type": "Polygon"
      },
      "properties": {
        "geo_point_2d": { "lon": 7.768289390252006, "lat": 48.58679867643161 },
        "nom_enseigne": "AU BON  COIN D'ALSACE",
        "identifiant": "001270",
        "url_plan": "https:\/\/sig.strasbourg.eu\/datastrasbourg\/occupation_domaine_public\/terrasse\/2025\/plans\/000578.pdf",
        "superficie_autorisee": 19,
        "url_autorisation": "https:\/\/sig.strasbourg.eu\/datastrasbourg\/occupation_domaine_public\/terrasse\/2025\/autorisations\/A000578.pdf",
        "ville": "STRASBOURG",
        "adresse_etablissement": "38 RUE WIMPHELING"
      }
    },
    {
      "type": "Feature",
      "geometry": {
        "coordinates": [
          [
            [7.7511562499, 48.5790206811],
            [7.7511820508, 48.578997684],
            [7.7511825941, 48.5789979999],
            [7.7511881279, 48.5789932365],
            [7.7511788268, 48.5789456385],
            [7.7512140177, 48.5789425128],
            [7.7512020896, 48.5789942866],
            [7.7511807175, 48.5790331392],
            [7.7511562499, 48.5790206811]
          ]
        ],
        "type": "Polygon"
      },
      "properties": {
        "geo_point_2d": { "lon": 7.751189625431479, "lat": 48.57898442484091 },
        "nom_enseigne": "DREHER",
        "identifiant": "011150",
        "url_plan": "https:\/\/sig.strasbourg.eu\/datastrasbourg\/occupation_domaine_public\/terrasse\/2025\/plans\/000585.pdf",
        "superficie_autorisee": 17,
        "url_autorisation": "https:\/\/sig.strasbourg.eu\/datastrasbourg\/occupation_domaine_public\/terrasse\/2025\/autorisations\/A000585.pdf",
        "ville": "STRASBOURG",
        "adresse_etablissement": "5 PCE DU CORBEAU"
      }
    },
    {
      "type": "Feature",
      "geometry": {
        "coordinates": [
          [
            [7.6938750361, 48.5610467555],
            [7.6937149947, 48.5609680719],
            [7.6937287509, 48.5609558101],
            [7.6938891772, 48.5610341475],
            [7.6938750361, 48.5610467555]
          ]
        ],
        "type": "Polygon"
      },
      "properties": {
        "geo_point_2d": { "lon": 7.693802360295257, "lat": 48.561001377842246 },
        "nom_enseigne": "A LA VILLE DE STRASBOURG",
        "identifiant": "001405",
        "url_plan": "https:\/\/sig.strasbourg.eu\/datastrasbourg\/occupation_domaine_public\/terrasse\/2025\/plans\/000591.pdf",
        "superficie_autorisee": 25,
        "url_autorisation": "https:\/\/sig.strasbourg.eu\/datastrasbourg\/occupation_domaine_public\/terrasse\/2025\/autorisations\/A000591.pdf",
        "ville": "STRASBOURG",
        "adresse_etablissement": "316 RTE DE SCHIRMECK"
      }
    },
    {
      "type": "Feature",
      "geometry": {
        "coordinates": [
          [
            [7.749812966, 48.5801890008],
            [7.749747018, 48.5801575159],
            [7.749747785, 48.5801567096],
            [7.7497452021, 48.5801553647],
            [7.7498680567, 48.5800093465],
            [7.749959651, 48.5800524678],
            [7.749812966, 48.5801890008]
          ]
        ],
        "type": "Polygon"
      },
      "properties": {
        "geo_point_2d": { "lon": 7.749849509092973, "lat": 48.58009841931515 },
        "nom_enseigne": "THE DUBLINERS",
        "identifiant": "000286",
        "url_plan": "https:\/\/sig.strasbourg.eu\/datastrasbourg\/occupation_domaine_public\/terrasse\/2025\/plans\/000652.pdf",
        "superficie_autorisee": 135,
        "url_autorisation": "https:\/\/sig.strasbourg.eu\/datastrasbourg\/occupation_domaine_public\/terrasse\/2025\/autorisations\/A000652.pdf",
        "ville": "STRASBOURG",
        "adresse_etablissement": "7 R.DU VIEUX MARCHE AUX POISSONS"
      }
    },
    {
      "type": "Feature",
      "geometry": {
        "coordinates": [
          [
            [
              [7.7455863746, 48.5816464034],
              [7.745584047, 48.5817277516],
              [7.7455500546, 48.5817279897],
              [7.7455503334, 48.5816998811],
              [7.7455165513, 48.581700088],
              [7.7455164244, 48.581674713],
              [7.745551481, 48.5816746488],
              [7.7455520416, 48.5816461767],
              [7.7455863746, 48.5816464034]
            ]
          ],
          [
            [
              [7.7456534634, 48.5817261015],
              [7.7456579021, 48.5816848498],
              [7.7456595647, 48.5816569758],
              [7.7457066868, 48.5816581547],
              [7.7457022407, 48.5817276994],
              [7.7456534634, 48.5817261015]
            ]
          ]
        ],
        "type": "MultiPolygon"
      },
      "properties": {
        "geo_point_2d": { "lon": 7.745617168191, "lat": 48.58168965384212 },
        "nom_enseigne": "LE BARBU",
        "identifiant": "001435",
        "url_plan": "https:\/\/sig.strasbourg.eu\/datastrasbourg\/occupation_domaine_public\/terrasse\/2025\/plans\/000653.pdf",
        "superficie_autorisee": 57,
        "url_autorisation": "https:\/\/sig.strasbourg.eu\/datastrasbourg\/occupation_domaine_public\/terrasse\/2025\/autorisations\/A000653.pdf",
        "ville": "STRASBOURG",
        "adresse_etablissement": "15 RUE SAINTE-BARBE"
      }
    },
    {
      "type": "Feature",
      "geometry": {
        "coordinates": [
          [
            [
              [7.7392177029, 48.5809713917],
              [7.7392422676, 48.5809476743],
              [7.7393202434, 48.5809832869],
              [7.7393434827, 48.5809610923],
              [7.7393993333, 48.5809865531],
              [7.7393517508, 48.5810325103],
              [7.7392177029, 48.5809713917]
            ]
          ],
          [
            [
              [7.7392015805, 48.581022691],
              [7.7392208298, 48.5810054176],
              [7.7392534585, 48.5810205574],
              [7.7392326955, 48.5810387418],
              [7.7392015805, 48.581022691]
            ]
          ]
        ],
        "type": "MultiPolygon"
      },
      "properties": {
        "geo_point_2d": { "lon": 7.739304310324921, "lat": 48.58099259610933 },
        "nom_enseigne": "LA TAVERNE DU QUAI",
        "identifiant": "000667",
        "url_plan": "https:\/\/sig.strasbourg.eu\/datastrasbourg\/occupation_domaine_public\/terrasse\/2025\/plans\/000669.pdf",
        "superficie_autorisee": 61,
        "url_autorisation": "https:\/\/sig.strasbourg.eu\/datastrasbourg\/occupation_domaine_public\/terrasse\/2025\/autorisations\/A000669.pdf",
        "ville": "STRASBOURG",
        "adresse_etablissement": "5 QUAI DE LA BRUCHE"
      }
    },
    {
      "type": "Feature",
      "geometry": {
        "coordinates": [
          [
            [7.7440460175, 48.5832815988],
            [7.7439974868, 48.5832162587],
            [7.7440292194, 48.5832058834],
            [7.7440777501, 48.5832712234],
            [7.7440460175, 48.5832815988]
          ]
        ],
        "type": "Polygon"
      },
      "properties": {
        "geo_point_2d": { "lon": 7.74403761845436, "lat": 48.58324374108632 },
        "nom_enseigne": "TONNEAU",
        "identifiant": "000920",
        "url_plan": "https:\/\/sig.strasbourg.eu\/datastrasbourg\/occupation_domaine_public\/terrasse\/2025\/plans\/000671.pdf",
        "superficie_autorisee": 21,
        "url_autorisation": "https:\/\/sig.strasbourg.eu\/datastrasbourg\/occupation_domaine_public\/terrasse\/2025\/autorisations\/A000671.pdf",
        "ville": "STRASBOURG",
        "adresse_etablissement": "19 RUE DU FOSSE DES TANNEURS"
      }
    },
    {
      "type": "Feature",
      "geometry": {
        "coordinates": [
          [
            [
              [7.7493001977, 48.5891753688],
              [7.7493185841, 48.5891719765],
              [7.7493210956, 48.5891780997],
              [7.7493198269, 48.5891783318],
              [7.7493371708, 48.589218798],
              [7.7493384665, 48.5892185648],
              [7.7493644581, 48.589279148],
              [7.7493461992, 48.5892825981],
              [7.7493001977, 48.5891753688]
            ]
          ],
          [
            [
              [7.7494010968, 48.5892906413],
              [7.7495319165, 48.5892529701],
              [7.7495388445, 48.5892637953],
              [7.749408124, 48.589301364],
              [7.7494010968, 48.5892906413]
            ]
          ]
        ],
        "type": "MultiPolygon"
      },
      "properties": {
        "geo_point_2d": { "lon": 7.749394073730999, "lat": 48.58925005770518 },
        "nom_enseigne": "LES INNOCENTS",
        "identifiant": "012977",
        "url_plan": "https:\/\/sig.strasbourg.eu\/datastrasbourg\/occupation_domaine_public\/terrasse\/2025\/plans\/000738.pdf",
        "superficie_autorisee": 31,
        "url_autorisation": "https:\/\/sig.strasbourg.eu\/datastrasbourg\/occupation_domaine_public\/terrasse\/2025\/autorisations\/A000738.pdf",
        "ville": "STRASBOURG",
        "adresse_etablissement": "4 RUE PAUL MULLER-SIMONIS"
      }
    },
    {
      "type": "Feature",
      "geometry": {
        "coordinates": [
          [
            [7.7478546002, 48.581927081],
            [7.7478876556, 48.5819433291],
            [7.7478007248, 48.5820146715],
            [7.7477676694, 48.5819984233],
            [7.7478546002, 48.581927081]
          ]
        ],
        "type": "Polygon"
      },
      "properties": {
        "geo_point_2d": { "lon": 7.747827662485713, "lat": 48.58197087623989 },
        "nom_enseigne": "WAFFLE FACTORY",
        "identifiant": "010879",
        "url_plan": "https:\/\/sig.strasbourg.eu\/datastrasbourg\/occupation_domaine_public\/terrasse\/2025\/plans\/000784.pdf",
        "superficie_autorisee": 31,
        "url_autorisation": "https:\/\/sig.strasbourg.eu\/datastrasbourg\/occupation_domaine_public\/terrasse\/2025\/autorisations\/A000784.pdf",
        "ville": "STRASBOURG",
        "adresse_etablissement": "42 RUE DES GRANDES ARCADES"
      }
    },
    {
      "type": "Feature",
      "geometry": {
        "coordinates": [
          [
            [7.737629316, 48.5814880715],
            [7.7376743347, 48.5815086055],
            [7.7377143136, 48.5815338051],
            [7.7377431361, 48.5815581897],
            [7.737766474, 48.5815844922],
            [7.737747252, 48.5815911514],
            [7.7377322576, 48.5815720858],
            [7.7377094089, 48.5815507639],
            [7.7376832153, 48.5815318851],
            [7.7376531603, 48.5815154435],
            [7.7376200807, 48.5815010896],
            [7.737629316, 48.5814880715]
          ]
        ],
        "type": "Polygon"
      },
      "properties": {
        "geo_point_2d": { "lon": 7.737697427932599, "lat": 48.5815368783057 },
        "nom_enseigne": "ABATTOIR CAFE",
        "identifiant": "001203",
        "url_plan": "https:\/\/sig.strasbourg.eu\/datastrasbourg\/occupation_domaine_public\/terrasse\/2025\/plans\/000795.pdf",
        "superficie_autorisee": 22,
        "url_autorisation": "https:\/\/sig.strasbourg.eu\/datastrasbourg\/occupation_domaine_public\/terrasse\/2025\/autorisations\/A000795.pdf",
        "ville": "STRASBOURG",
        "adresse_etablissement": "1 QUAI CHARLES ALTORFFER"
      }
    },
    {
      "type": "Feature",
      "geometry": {
        "coordinates": [
          [
            [7.7530757091, 48.5825301717],
            [7.7529687769, 48.5825011465],
            [7.7530091398, 48.5824368424],
            [7.7531182219, 48.5824670416],
            [7.7530757091, 48.5825301717]
          ]
        ],
        "type": "Polygon"
      },
      "properties": {
        "geo_point_2d": { "lon": 7.753042970896438, "lat": 48.582483659783506 },
        "nom_enseigne": "LES P'TITES COCOTTES",
        "identifiant": "010918",
        "url_plan": "https:\/\/sig.strasbourg.eu\/datastrasbourg\/occupation_domaine_public\/terrasse\/2025\/plans\/000803.pdf",
        "superficie_autorisee": 67,
        "url_autorisation": "https:\/\/sig.strasbourg.eu\/datastrasbourg\/occupation_domaine_public\/terrasse\/2025\/autorisations\/A000803.pdf",
        "ville": "STRASBOURG",
        "adresse_etablissement": "20 PCE DU MARCHE GAYOT"
      }
    },
    {
      "type": "Feature",
      "geometry": {
        "coordinates": [
          [
            [7.7505056542, 48.5781249237],
            [7.7504335052, 48.5781499128],
            [7.7504259579, 48.5781403494],
            [7.75049802, 48.5781153093],
            [7.7505056542, 48.5781249237]
          ]
        ],
        "type": "Polygon"
      },
      "properties": {
        "geo_point_2d": {
          "lon": 7.7504658245393365,
          "lat": 48.578132610364605
        },
        "nom_enseigne": "OH MY GOODNESS !",
        "identifiant": "010948",
        "url_plan": "https:\/\/sig.strasbourg.eu\/datastrasbourg\/occupation_domaine_public\/terrasse\/2025\/plans\/000818.pdf",
        "superficie_autorisee": 7,
        "url_autorisation": "https:\/\/sig.strasbourg.eu\/datastrasbourg\/occupation_domaine_public\/terrasse\/2025\/autorisations\/A000818.pdf",
        "ville": "STRASBOURG",
        "adresse_etablissement": "13 RUE DE LA 1ERE ARMEE"
      }
    },
    {
      "type": "Feature",
      "geometry": {
        "coordinates": [
          [
            [7.7452512791, 48.5812360613],
            [7.7452572257, 48.5812582373],
            [7.7452532173, 48.5812589418],
            [7.7452527582, 48.5812576541],
            [7.7451994753, 48.5812658695],
            [7.7451234575, 48.5812760411],
            [7.7451183468, 48.5812537984],
            [7.7452512791, 48.5812360613]
          ]
        ],
        "type": "Polygon"
      },
      "properties": {
        "geo_point_2d": { "lon": 7.745187107791004, "lat": 48.58125598146066 },
        "nom_enseigne": "LE CAUPONA",
        "identifiant": "001494",
        "url_plan": "https:\/\/sig.strasbourg.eu\/datastrasbourg\/occupation_domaine_public\/terrasse\/2025\/plans\/000845.pdf",
        "superficie_autorisee": 25,
        "url_autorisation": "https:\/\/sig.strasbourg.eu\/datastrasbourg\/occupation_domaine_public\/terrasse\/2025\/autorisations\/A000845.pdf",
        "ville": "STRASBOURG",
        "adresse_etablissement": "109 GRAND'RUE"
      }
    },
    {
      "type": "Feature",
      "geometry": {
        "coordinates": [
          [
            [7.7470599449, 48.5830087754],
            [7.7470918229, 48.5830161482],
            [7.7470582416, 48.5830794479],
            [7.7470262985, 48.5830719607],
            [7.7470599449, 48.5830087754]
          ]
        ],
        "type": "Polygon"
      },
      "properties": {
        "geo_point_2d": { "lon": 7.747059070853427, "lat": 48.5830441024185 },
        "nom_enseigne": "MC DONALD'S",
        "identifiant": "000894",
        "url_plan": "https:\/\/sig.strasbourg.eu\/datastrasbourg\/occupation_domaine_public\/terrasse\/2025\/plans\/000847.pdf",
        "superficie_autorisee": 19,
        "url_autorisation": "https:\/\/sig.strasbourg.eu\/datastrasbourg\/occupation_domaine_public\/terrasse\/2025\/autorisations\/A000847.pdf",
        "ville": "STRASBOURG",
        "adresse_etablissement": "33 RUE DES GRANDES ARCADES"
      }
    },
    {
      "type": "Feature",
      "geometry": {
        "coordinates": [
          [
            [7.7370787438, 48.5840410065],
            [7.7370787438, 48.5840410065],
            [7.7370634087, 48.5840237687],
            [7.7371220909, 48.5840007244],
            [7.7371367175, 48.5840175336],
            [7.7371384526, 48.5840194991],
            [7.737079858, 48.5840422682],
            [7.7370787438, 48.5840410065]
          ]
        ],
        "type": "Polygon"
      },
      "properties": {
        "geo_point_2d": { "lon": 7.737100990685075, "lat": 48.58402154082082 },
        "nom_enseigne": "EDEN FOOD",
        "identifiant": "011064",
        "url_plan": "https:\/\/sig.strasbourg.eu\/datastrasbourg\/occupation_domaine_public\/terrasse\/2025\/plans\/000859.pdf",
        "superficie_autorisee": 12,
        "url_autorisation": "https:\/\/sig.strasbourg.eu\/datastrasbourg\/occupation_domaine_public\/terrasse\/2025\/autorisations\/A000859.pdf",
        "ville": "STRASBOURG",
        "adresse_etablissement": "10 RUE DU MAIRE KUSS"
      }
    },
    {
      "type": "Feature",
      "geometry": {
        "coordinates": [
          [
            [7.7417315978, 48.5825813164],
            [7.7417305205, 48.5825814145],
            [7.7417305557, 48.5825828186],
            [7.7417105689, 48.5825827352],
            [7.7417071684, 48.5825607734],
            [7.7417043308, 48.5825418564],
            [7.741701055, 48.5825301538],
            [7.7416979959, 48.5825106036],
            [7.7416902628, 48.5824819209],
            [7.741683364, 48.582460262],
            [7.7417039389, 48.5824577125],
            [7.7417129715, 48.5824882278],
            [7.7417189931, 48.582508571],
            [7.7417218499, 48.5825250585],
            [7.7417315978, 48.5825813164]
          ]
        ],
        "type": "Polygon"
      },
      "properties": {
        "geo_point_2d": { "lon": 7.741709350524041, "lat": 48.58252071479398 },
        "nom_enseigne": "AEDAEN PLACE",
        "identifiant": "011078",
        "url_plan": "https:\/\/sig.strasbourg.eu\/datastrasbourg\/occupation_domaine_public\/terrasse\/2025\/plans\/000869.pdf",
        "superficie_autorisee": 21,
        "url_autorisation": "https:\/\/sig.strasbourg.eu\/datastrasbourg\/occupation_domaine_public\/terrasse\/2025\/autorisations\/A000869.pdf",
        "ville": "STRASBOURG",
        "adresse_etablissement": "4 RUE DES AVEUGLES"
      }
    },
    {
      "type": "Feature",
      "geometry": {
        "coordinates": [
          [
            [
              [7.7421499397, 48.5833520208],
              [7.7420638852, 48.5835054114],
              [7.7420407473, 48.5835002508],
              [7.7421270747, 48.583346374],
              [7.7421499397, 48.5833520208]
            ]
          ],
          [
            [
              [7.7420638852, 48.5835054114],
              [7.7421114204, 48.5835155179],
              [7.7421481554, 48.5835233308],
              [7.7421474066, 48.5835246221],
              [7.7421483445, 48.5835248604],
              [7.7422260496, 48.5835445506],
              [7.7422149016, 48.5835650572],
              [7.7420527034, 48.5835245262],
              [7.7420638852, 48.5835054114]
            ]
          ]
        ],
        "type": "MultiPolygon"
      },
      "properties": {
        "geo_point_2d": {
          "lon": 7.7421171164912845,
          "lat": 48.583478891836066
        },
        "nom_enseigne": "WOW",
        "identifiant": "011094",
        "url_plan": "https:\/\/sig.strasbourg.eu\/datastrasbourg\/occupation_domaine_public\/terrasse\/2025\/plans\/000874.pdf",
        "superficie_autorisee": 64,
        "url_autorisation": "https:\/\/sig.strasbourg.eu\/datastrasbourg\/occupation_domaine_public\/terrasse\/2025\/autorisations\/A000874.pdf",
        "ville": "STRASBOURG",
        "adresse_etablissement": "34 RUE DU JEU DES ENFANTS"
      }
    },
    {
      "type": "Feature",
      "geometry": {
        "coordinates": [
          [
            [7.7423338989, 48.5836571531],
            [7.7422716769, 48.5836406395],
            [7.7422861798, 48.5836177139],
            [7.7423478236, 48.583634116],
            [7.7423338989, 48.5836571531]
          ]
        ],
        "type": "Polygon"
      },
      "properties": {
        "geo_point_2d": { "lon": 7.742309876040424, "lat": 48.58363742065168 },
        "nom_enseigne": "RESTAU DU BOUCHER",
        "identifiant": "011095",
        "url_plan": "https:\/\/sig.strasbourg.eu\/datastrasbourg\/occupation_domaine_public\/terrasse\/2025\/plans\/000876.pdf",
        "superficie_autorisee": 14,
        "url_autorisation": "https:\/\/sig.strasbourg.eu\/datastrasbourg\/occupation_domaine_public\/terrasse\/2025\/autorisations\/A000876.pdf",
        "ville": "STRASBOURG",
        "adresse_etablissement": "25 RUE DU JEU DES ENFANTS"
      }
    },
    {
      "type": "Feature",
      "geometry": {
        "coordinates": [
          [
            [7.7412428103, 48.5833489656],
            [7.7413370196, 48.5833723554],
            [7.7413270078, 48.5833890697],
            [7.7412335458, 48.5833644254],
            [7.7412428103, 48.5833489656]
          ]
        ],
        "type": "Polygon"
      },
      "properties": {
        "geo_point_2d": { "lon": 7.741285705169821, "lat": 48.58336886003428 },
        "nom_enseigne": "O BRAZIL",
        "identifiant": "011096",
        "url_plan": "https:\/\/sig.strasbourg.eu\/datastrasbourg\/occupation_domaine_public\/terrasse\/2025\/plans\/000877.pdf",
        "superficie_autorisee": 14,
        "url_autorisation": "https:\/\/sig.strasbourg.eu\/datastrasbourg\/occupation_domaine_public\/terrasse\/2025\/autorisations\/A000877.pdf",
        "ville": "STRASBOURG",
        "adresse_etablissement": "13 RUE DU JEU DES ENFANTS"
      }
    },
    {
      "type": "Feature",
      "geometry": {
        "coordinates": [
          [
            [7.7431457152, 48.583806594],
            [7.7430908542, 48.5837931091],
            [7.74311039, 48.5837572659],
            [7.7431675216, 48.5837705168],
            [7.7431457152, 48.583806594]
          ]
        ],
        "type": "Polygon"
      },
      "properties": {
        "geo_point_2d": { "lon": 7.7431287665848805, "lat": 48.58378179206989 },
        "nom_enseigne": "LE COIN DU GRILL",
        "identifiant": "011099",
        "url_plan": "https:\/\/sig.strasbourg.eu\/datastrasbourg\/occupation_domaine_public\/terrasse\/2025\/plans\/000880.pdf",
        "superficie_autorisee": 19,
        "url_autorisation": "https:\/\/sig.strasbourg.eu\/datastrasbourg\/occupation_domaine_public\/terrasse\/2025\/autorisations\/A000880.pdf",
        "ville": "STRASBOURG",
        "adresse_etablissement": "48 RUE DU JEU DES ENFANTS"
      }
    },
    {
      "type": "Feature",
      "geometry": {
        "coordinates": [
          [
            [7.7697891439, 48.5772597237],
            [7.769797155, 48.5773043735],
            [7.7696810695, 48.5773136469],
            [7.7696738138, 48.577268966],
            [7.7697891439, 48.5772597237]
          ]
        ],
        "type": "Polygon"
      },
      "properties": {
        "geo_point_2d": { "lon": 7.7697353059241525, "lat": 48.5772867011658 },
        "nom_enseigne": "O'TACOS",
        "identifiant": "010947",
        "url_plan": "https:\/\/sig.strasbourg.eu\/datastrasbourg\/occupation_domaine_public\/terrasse\/2025\/plans\/000881.pdf",
        "superficie_autorisee": 43,
        "url_autorisation": "https:\/\/sig.strasbourg.eu\/datastrasbourg\/occupation_domaine_public\/terrasse\/2025\/autorisations\/A000881.pdf",
        "ville": "STRASBOURG",
        "adresse_etablissement": "27 B PCE DE L'ESPLANADE"
      }
    },
    {
      "type": "Feature",
      "geometry": {
        "coordinates": [
          [
            [7.7418022984, 48.5821744816],
            [7.7417963845, 48.5821615754],
            [7.7418563163, 48.5821494859],
            [7.7418622302, 48.5821623921],
            [7.7418022984, 48.5821744816]
          ]
        ],
        "type": "Polygon"
      },
      "properties": {
        "geo_point_2d": { "lon": 7.741829307350003, "lat": 48.58216198374999 },
        "nom_enseigne": "L'EPICIER GRAND CRU",
        "identifiant": "011105",
        "url_plan": "https:\/\/sig.strasbourg.eu\/datastrasbourg\/occupation_domaine_public\/terrasse\/2025\/plans\/000882.pdf",
        "superficie_autorisee": 7,
        "url_autorisation": "https:\/\/sig.strasbourg.eu\/datastrasbourg\/occupation_domaine_public\/terrasse\/2025\/autorisations\/A000882.pdf",
        "ville": "STRASBOURG",
        "adresse_etablissement": "47 GRAND'RUE"
      }
    },
    {
      "type": "Feature",
      "geometry": {
        "coordinates": [
          [
            [7.7378242314, 48.582643631],
            [7.7377468246, 48.5826301316],
            [7.7377533868, 48.5826136187],
            [7.7378307791, 48.5826271097],
            [7.7378242314, 48.582643631]
          ]
        ],
        "type": "Polygon"
      },
      "properties": {
        "geo_point_2d": { "lon": 7.73778880750185, "lat": 48.58262862342055 },
        "nom_enseigne": "LE GARDE FOU",
        "identifiant": "001018",
        "url_plan": "https:\/\/sig.strasbourg.eu\/datastrasbourg\/occupation_domaine_public\/terrasse\/2025\/plans\/000891.pdf",
        "superficie_autorisee": 11,
        "url_autorisation": "https:\/\/sig.strasbourg.eu\/datastrasbourg\/occupation_domaine_public\/terrasse\/2025\/autorisations\/A000891.pdf",
        "ville": "STRASBOURG",
        "adresse_etablissement": "8 RUE DU FAUBOURG NATIONAL"
      }
    },
    {
      "type": "Feature",
      "geometry": {
        "coordinates": [
          [
            [7.7424893659, 48.5801109796],
            [7.7425076593, 48.5801298581],
            [7.7423895476, 48.5801817804],
            [7.7423708365, 48.5801631116],
            [7.7424893659, 48.5801109796]
          ]
        ],
        "type": "Polygon"
      },
      "properties": {
        "geo_point_2d": { "lon": 7.742439356187089, "lat": 48.580146422471195 },
        "nom_enseigne": "CHEZ L'ONCLE FREDDY",
        "identifiant": "000584",
        "url_plan": "https:\/\/sig.strasbourg.eu\/datastrasbourg\/occupation_domaine_public\/terrasse\/2025\/plans\/000900.pdf",
        "superficie_autorisee": 26,
        "url_autorisation": "https:\/\/sig.strasbourg.eu\/datastrasbourg\/occupation_domaine_public\/terrasse\/2025\/autorisations\/A000900.pdf",
        "ville": "STRASBOURG",
        "adresse_etablissement": "9 RUE DES MOULINS"
      }
    },
    {
      "type": "Feature",
      "geometry": {
        "coordinates": [
          [
            [
              [7.7076062003, 48.5784410687],
              [7.7076096155, 48.5784323659],
              [7.7076424045, 48.5784380313],
              [7.7076389893, 48.5784467341],
              [7.7076062003, 48.5784410687]
            ]
          ],
          [
            [
              [7.7077916823, 48.5784731164],
              [7.7077065376, 48.5784584051],
              [7.7077098427, 48.5784496889],
              [7.7077950962, 48.5784644134],
              [7.7077916823, 48.5784731164]
            ]
          ]
        ],
        "type": "MultiPolygon"
      },
      "properties": {
        "geo_point_2d": { "lon": 7.707715634055692, "lat": 48.57845533064733 },
        "nom_enseigne": "CAFE KOENIG'S",
        "identifiant": "011130",
        "url_plan": "https:\/\/sig.strasbourg.eu\/datastrasbourg\/occupation_domaine_public\/terrasse\/2025\/plans\/000902.pdf",
        "superficie_autorisee": 9,
        "url_autorisation": "https:\/\/sig.strasbourg.eu\/datastrasbourg\/occupation_domaine_public\/terrasse\/2025\/autorisations\/A000902.pdf",
        "ville": "STRASBOURG",
        "adresse_etablissement": "124 RTE DES ROMAINS"
      }
    },
    {
      "type": "Feature",
      "geometry": {
        "coordinates": [
          [
            [7.7489924328, 48.5802813373],
            [7.7490224702, 48.5802917131],
            [7.748994331, 48.5803276165],
            [7.7489642107, 48.5803172261],
            [7.7489924328, 48.5802813373]
          ]
        ],
        "type": "Polygon"
      },
      "properties": {
        "geo_point_2d": { "lon": 7.748993354608506, "lat": 48.58030448036756 },
        "nom_enseigne": "BASTARDO",
        "identifiant": "001308",
        "url_plan": "https:\/\/sig.strasbourg.eu\/datastrasbourg\/occupation_domaine_public\/terrasse\/2025\/plans\/000905.pdf",
        "superficie_autorisee": 11,
        "url_autorisation": "https:\/\/sig.strasbourg.eu\/datastrasbourg\/occupation_domaine_public\/terrasse\/2025\/autorisations\/A000905.pdf",
        "ville": "STRASBOURG",
        "adresse_etablissement": "17 RUE DES TONNELIERS"
      }
    },
    {
      "type": "Feature",
      "geometry": {
        "coordinates": [
          [
            [7.7544962376, 48.5759154797],
            [7.7545375633, 48.5759327798],
            [7.7544523736, 48.5760287864],
            [7.7544103283, 48.5760123627],
            [7.7544962376, 48.5759154797]
          ]
        ],
        "type": "Polygon"
      },
      "properties": {
        "geo_point_2d": { "lon": 7.754474102027134, "lat": 48.57597233143149 },
        "nom_enseigne": "LE STERN",
        "identifiant": "000023",
        "url_plan": "https:\/\/sig.strasbourg.eu\/datastrasbourg\/occupation_domaine_public\/terrasse\/2025\/plans\/000924.pdf",
        "superficie_autorisee": 45,
        "url_autorisation": "https:\/\/sig.strasbourg.eu\/datastrasbourg\/occupation_domaine_public\/terrasse\/2025\/autorisations\/A000924.pdf",
        "ville": "STRASBOURG",
        "adresse_etablissement": "13 R.D.L BRIGADE ALSACE-LORRAINE"
      }
    },
    {
      "type": "Feature",
      "geometry": {
        "coordinates": [
          [
            [7.7408632656, 48.5828218002],
            [7.7407134214, 48.5828434127],
            [7.7407031242, 48.5828194337],
            [7.7408561079, 48.5827996879],
            [7.7408632656, 48.5828218002]
          ]
        ],
        "type": "Polygon"
      },
      "properties": {
        "geo_point_2d": { "lon": 7.7407827736666475, "lat": 48.58282121749381 },
        "nom_enseigne": "CUVETTE DE BOUILLONS",
        "identifiant": "011253",
        "url_plan": "https:\/\/sig.strasbourg.eu\/datastrasbourg\/occupation_domaine_public\/terrasse\/2025\/plans\/000942.pdf",
        "superficie_autorisee": 30,
        "url_autorisation": "https:\/\/sig.strasbourg.eu\/datastrasbourg\/occupation_domaine_public\/terrasse\/2025\/autorisations\/A000942.pdf",
        "ville": "STRASBOURG",
        "adresse_etablissement": "8 RUE DU VINGT-DEUX NOVEMBRE"
      }
    },
    {
      "type": "Feature",
      "geometry": {
        "coordinates": [
          [
            [7.761685442, 48.5814092074],
            [7.7616674662, 48.5813717256],
            [7.7618379128, 48.581335474],
            [7.7618561308, 48.5813731458],
            [7.761685442, 48.5814092074]
          ]
        ],
        "type": "Polygon"
      },
      "properties": {
        "geo_point_2d": { "lon": 7.7617618219933515, "lat": 48.58137237315125 },
        "nom_enseigne": "LE TERMINAL",
        "identifiant": "001094",
        "url_plan": "https:\/\/sig.strasbourg.eu\/datastrasbourg\/occupation_domaine_public\/terrasse\/2025\/plans\/000945.pdf",
        "superficie_autorisee": 58,
        "url_autorisation": "https:\/\/sig.strasbourg.eu\/datastrasbourg\/occupation_domaine_public\/terrasse\/2025\/autorisations\/A000945.pdf",
        "ville": "STRASBOURG",
        "adresse_etablissement": "6 PCE SAINT-NICOLAS-AUX-ONDES"
      }
    },
    {
      "type": "Feature",
      "geometry": {
        "coordinates": [
          [
            [
              [7.7340234526, 48.5780913452],
              [7.7340120252, 48.5780976983],
              [7.7340120101, 48.5780976876],
              [7.7339396222, 48.5780403585],
              [7.7339509485, 48.5780339242],
              [7.7340234526, 48.5780913452]
            ]
          ],
          [
            [
              [7.7338944878, 48.5781417346],
              [7.7338935699, 48.5781363689],
              [7.7339928858, 48.5781285864],
              [7.7339931331, 48.5781285713],
              [7.7339940868, 48.5781339299],
              [7.7338944878, 48.5781417346]
            ]
          ]
        ],
        "type": "MultiPolygon"
      },
      "properties": {
        "geo_point_2d": { "lon": 7.733969199754918, "lat": 48.57808847548741 },
        "nom_enseigne": "LE CUL TERREUX",
        "identifiant": "000729",
        "url_plan": "https:\/\/sig.strasbourg.eu\/datastrasbourg\/occupation_domaine_public\/terrasse\/2025\/plans\/000963.pdf",
        "superficie_autorisee": 14,
        "url_autorisation": "https:\/\/sig.strasbourg.eu\/datastrasbourg\/occupation_domaine_public\/terrasse\/2025\/autorisations\/A000963.pdf",
        "ville": "STRASBOURG",
        "adresse_etablissement": "10 RUE DE MOLSHEIM"
      }
    },
    {
      "type": "Feature",
      "geometry": {
        "coordinates": [
          [
            [7.7438579517, 48.583184441],
            [7.7438724938, 48.5831795938],
            [7.7439669138, 48.5833053525],
            [7.7439523388, 48.5833101379],
            [7.7438579517, 48.583184441]
          ]
        ],
        "type": "Polygon"
      },
      "properties": {
        "geo_point_2d": { "lon": 7.743912419242098, "lat": 48.583244873330074 },
        "nom_enseigne": "LAMIAN",
        "identifiant": "001748",
        "url_plan": "https:\/\/sig.strasbourg.eu\/datastrasbourg\/occupation_domaine_public\/terrasse\/2025\/plans\/000970.pdf",
        "superficie_autorisee": 19,
        "url_autorisation": "https:\/\/sig.strasbourg.eu\/datastrasbourg\/occupation_domaine_public\/terrasse\/2025\/autorisations\/A000970.pdf",
        "ville": "STRASBOURG",
        "adresse_etablissement": "18 RUE DU FOSSE DES TANNEURS"
      }
    },
    {
      "type": "Feature",
      "geometry": {
        "coordinates": [
          [
            [7.7426230691, 48.5825130298],
            [7.7426174016, 48.5824952562],
            [7.7427281198, 48.5824790589],
            [7.7427281893, 48.5824790495],
            [7.7427046834, 48.5824233779],
            [7.7426824755, 48.5823691982],
            [7.7427744918, 48.5823523246],
            [7.7428214585, 48.5824664185],
            [7.7428262107, 48.5824853657],
            [7.7426230691, 48.5825130298]
          ],
          [
            [7.7427432498, 48.5823983783],
            [7.7427501297, 48.5823995083],
            [7.7427571812, 48.5823990344],
            [7.7427635799, 48.582397012],
            [7.7427679739, 48.5823942209],
            [7.742771742, 48.5823890877],
            [7.7427718147, 48.5823827607],
            [7.742767976, 48.5823773104],
            [7.7427626869, 48.5823741507],
            [7.7427581005, 48.5823727093],
            [7.7427516991, 48.5823720138],
            [7.7427466816, 48.5823723827],
            [7.7427410353, 48.5823739129],
            [7.7427370086, 48.5823759768],
            [7.7427324701, 48.5823804357],
            [7.7427310346, 48.5823839665],
            [7.7427310627, 48.582387739],
            [7.7427328005, 48.5823916099],
            [7.7427352914, 48.582394281],
            [7.7427381015, 48.5823962285],
            [7.7427432498, 48.5823983783]
          ]
        ],
        "type": "Polygon"
      },
      "properties": {
        "geo_point_2d": { "lon": 7.742743808868547, "lat": 48.582438964743254 },
        "nom_enseigne": "LA FIGNETTE",
        "identifiant": "000305",
        "url_plan": "https:\/\/sig.strasbourg.eu\/datastrasbourg\/occupation_domaine_public\/terrasse\/2025\/plans\/000971.pdf",
        "superficie_autorisee": 116,
        "url_autorisation": "https:\/\/sig.strasbourg.eu\/datastrasbourg\/occupation_domaine_public\/terrasse\/2025\/autorisations\/A000971.pdf",
        "ville": "STRASBOURG",
        "adresse_etablissement": "5 RUE DE LA VIGNETTE"
      }
    },
    {
      "type": "Feature",
      "geometry": {
        "coordinates": [
          [
            [7.7495097392, 48.5852847891],
            [7.7495386236, 48.5852965458],
            [7.7494975123, 48.5853410051],
            [7.7494782626, 48.5853453479],
            [7.7494607465, 48.5853381949],
            [7.7495097392, 48.5852847891]
          ]
        ],
        "type": "Polygon"
      },
      "properties": {
        "geo_point_2d": { "lon": 7.74950002232141, "lat": 48.58531637597548 },
        "nom_enseigne": "LA BINCH",
        "identifiant": "011257",
        "url_plan": "https:\/\/sig.strasbourg.eu\/datastrasbourg\/occupation_domaine_public\/terrasse\/2025\/plans\/000979.pdf",
        "superficie_autorisee": 17,
        "url_autorisation": "https:\/\/sig.strasbourg.eu\/datastrasbourg\/occupation_domaine_public\/terrasse\/2025\/autorisations\/A000979.pdf",
        "ville": "STRASBOURG",
        "adresse_etablissement": "28 IMP DE L'ECREVISSE"
      }
    },
    {
      "type": "Feature",
      "geometry": {
        "coordinates": [
          [
            [
              [7.7457723528, 48.5818561392],
              [7.7457705953, 48.5818695792],
              [7.7456658334, 48.5818626033],
              [7.7456674127, 48.5818491516],
              [7.7457723528, 48.5818561392]
            ]
          ],
          [
            [
              [7.7455525021, 48.5819018879],
              [7.7455831401, 48.5818617117],
              [7.7456250187, 48.5818768651],
              [7.7456179875, 48.5818855229],
              [7.745620151, 48.5818861552],
              [7.7455950118, 48.5819160875],
              [7.7455926274, 48.5819155633],
              [7.7455887875, 48.5819231987],
              [7.7455912406, 48.5819235849],
              [7.7455750541, 48.5819534123],
              [7.7455721977, 48.5819530696],
              [7.7455692265, 48.5819585637],
              [7.7455246413, 48.5819479873],
              [7.7455525021, 48.5819018879]
            ]
          ]
        ],
        "type": "MultiPolygon"
      },
      "properties": {
        "geo_point_2d": { "lon": 7.745609334383692, "lat": 48.58189845645765 },
        "nom_enseigne": "TZATZI",
        "identifiant": "001608",
        "url_plan": "https:\/\/sig.strasbourg.eu\/datastrasbourg\/occupation_domaine_public\/terrasse\/2025\/plans\/000986.pdf",
        "superficie_autorisee": 48,
        "url_autorisation": "https:\/\/sig.strasbourg.eu\/datastrasbourg\/occupation_domaine_public\/terrasse\/2025\/autorisations\/A000986.pdf",
        "ville": "STRASBOURG",
        "adresse_etablissement": "1 RUE DE LA DEMI-LUNE"
      }
    },
    {
      "type": "Feature",
      "geometry": {
        "coordinates": [
          [
            [7.7709601706, 48.5672368731],
            [7.7710494793, 48.5672905958],
            [7.7709506496, 48.5673162027],
            [7.770936953, 48.5672926642],
            [7.7709601706, 48.5672368731]
          ]
        ],
        "type": "Polygon"
      },
      "properties": {
        "geo_point_2d": { "lon": 7.770981247107044, "lat": 48.567281325321275 },
        "nom_enseigne": "LA MESANGE",
        "identifiant": "000188",
        "url_plan": "https:\/\/sig.strasbourg.eu\/datastrasbourg\/occupation_domaine_public\/terrasse\/2025\/plans\/001002.pdf",
        "superficie_autorisee": 37,
        "url_autorisation": "https:\/\/sig.strasbourg.eu\/datastrasbourg\/occupation_domaine_public\/terrasse\/2025\/autorisations\/A001002.pdf",
        "ville": "STRASBOURG",
        "adresse_etablissement": "1 RUE DE DAMBACH"
      }
    },
    {
      "type": "Feature",
      "geometry": {
        "coordinates": [
          [
            [7.7469256207, 48.5829356762],
            [7.7469040895, 48.5829835477],
            [7.7468541126, 48.5829736761],
            [7.7468765267, 48.582925817],
            [7.7469256207, 48.5829356762]
          ]
        ],
        "type": "Polygon"
      },
      "properties": {
        "geo_point_2d": { "lon": 7.7468900443657205, "lat": 48.58295474223703 },
        "nom_enseigne": "TORTILLA",
        "identifiant": "000628",
        "url_plan": "https:\/\/sig.strasbourg.eu\/datastrasbourg\/occupation_domaine_public\/terrasse\/2025\/plans\/001034.pdf",
        "superficie_autorisee": 21,
        "url_autorisation": "https:\/\/sig.strasbourg.eu\/datastrasbourg\/occupation_domaine_public\/terrasse\/2025\/autorisations\/A001034.pdf",
        "ville": "STRASBOURG",
        "adresse_etablissement": "6 RUE DES GRANDES ARCADES"
      }
    },
    {
      "type": "Feature",
      "geometry": {
        "coordinates": [
          [
            [7.7367925, 48.5840568337],
            [7.73677592, 48.5840385133],
            [7.7368578659, 48.5840054131],
            [7.7368573704, 48.5840048778],
            [7.7368578291, 48.5840046963],
            [7.7368756862, 48.5840241772],
            [7.7367925, 48.5840568337],
            [7.7367925, 48.5840568337]
          ]
        ],
        "type": "Polygon"
      },
      "properties": {
        "geo_point_2d": { "lon": 7.73682586943237, "lat": 48.584031085745536 },
        "nom_enseigne": "NEMRUT",
        "identifiant": "001329",
        "url_plan": "https:\/\/sig.strasbourg.eu\/datastrasbourg\/occupation_domaine_public\/terrasse\/2025\/plans\/001040.pdf",
        "superficie_autorisee": 17,
        "url_autorisation": "https:\/\/sig.strasbourg.eu\/datastrasbourg\/occupation_domaine_public\/terrasse\/2025\/autorisations\/A001040.pdf",
        "ville": "STRASBOURG",
        "adresse_etablissement": "13 RUE DU MAIRE KUSS"
      }
    },
    {
      "type": "Feature",
      "geometry": {
        "coordinates": [
          [
            [7.7476536633, 48.5876510536],
            [7.7476823617, 48.5876085159],
            [7.7477194795, 48.5876195376],
            [7.7476908723, 48.5876619401],
            [7.7476536633, 48.5876510536]
          ]
        ],
        "type": "Polygon"
      },
      "properties": {
        "geo_point_2d": { "lon": 7.747686584342105, "lat": 48.58763525889302 },
        "nom_enseigne": "LE VERDICT",
        "identifiant": "001586",
        "url_plan": "https:\/\/sig.strasbourg.eu\/datastrasbourg\/occupation_domaine_public\/terrasse\/2025\/plans\/001044.pdf",
        "superficie_autorisee": 16,
        "url_autorisation": "https:\/\/sig.strasbourg.eu\/datastrasbourg\/occupation_domaine_public\/terrasse\/2025\/autorisations\/A001044.pdf",
        "ville": "STRASBOURG",
        "adresse_etablissement": "7 RUE DU FOSSE DES TREIZE"
      }
    },
    {
      "type": "Feature",
      "geometry": {
        "coordinates": [
          [
            [7.7466158509, 48.5821940239],
            [7.7466788838, 48.5822015353],
            [7.7466742818, 48.5822197714],
            [7.7466889947, 48.5822378105],
            [7.7466738241, 48.5822917466],
            [7.7465901919, 48.5822820097],
            [7.7466158509, 48.5821940239]
          ]
        ],
        "type": "Polygon"
      },
      "properties": {
        "geo_point_2d": { "lon": 7.746641492925648, "lat": 48.58224497072724 },
        "nom_enseigne": "LE BISTROT DES COCOTTES",
        "identifiant": "000786",
        "url_plan": "https:\/\/sig.strasbourg.eu\/datastrasbourg\/occupation_domaine_public\/terrasse\/2025\/plans\/001045.pdf",
        "superficie_autorisee": 58,
        "url_autorisation": "https:\/\/sig.strasbourg.eu\/datastrasbourg\/occupation_domaine_public\/terrasse\/2025\/autorisations\/A001045.pdf",
        "ville": "STRASBOURG",
        "adresse_etablissement": "5 RUE DU SAUMON"
      }
    },
    {
      "type": "Feature",
      "geometry": {
        "coordinates": [
          [
            [
              [7.7544276754, 48.5781309142],
              [7.7544393754, 48.5781247493],
              [7.7545206046, 48.5781911595],
              [7.7545090019, 48.5781974613],
              [7.7544276754, 48.5781309142]
            ]
          ],
          [
            [
              [7.7543953866, 48.5781892142],
              [7.7544374924, 48.5781663995],
              [7.7544891498, 48.5782081619],
              [7.7544500974, 48.5782291799],
              [7.7543953866, 48.5781892142]
            ]
          ]
        ],
        "type": "MultiPolygon"
      },
      "properties": {
        "geo_point_2d": { "lon": 7.754452522462615, "lat": 48.57818645974553 },
        "nom_enseigne": "PITAYA",
        "identifiant": "001303",
        "url_plan": "https:\/\/sig.strasbourg.eu\/datastrasbourg\/occupation_domaine_public\/terrasse\/2025\/plans\/001058.pdf",
        "superficie_autorisee": 34,
        "url_autorisation": "https:\/\/sig.strasbourg.eu\/datastrasbourg\/occupation_domaine_public\/terrasse\/2025\/autorisations\/A001058.pdf",
        "ville": "STRASBOURG",
        "adresse_etablissement": "6 A PCE D'AUSTERLITZ"
      }
    },
    {
      "type": "Feature",
      "geometry": {
        "coordinates": [
          [
            [
              [7.7463409538, 48.5870086915],
              [7.7463354348, 48.5870150168],
              [7.7462444335, 48.5869801303],
              [7.7462534274, 48.5869699936],
              [7.7463409538, 48.5870086915]
            ]
          ],
          [
            [
              [7.7463292037, 48.5870611889],
              [7.7463438876, 48.5870360302],
              [7.746351472, 48.5870379786],
              [7.7463367882, 48.5870631372],
              [7.7463292037, 48.5870611889]
            ]
          ]
        ],
        "type": "MultiPolygon"
      },
      "properties": {
        "geo_point_2d": { "lon": 7.746299115631937, "lat": 48.58700236848783 },
        "nom_enseigne": "BRASSERIE PARISIENNE",
        "identifiant": "000060",
        "url_plan": "https:\/\/sig.strasbourg.eu\/datastrasbourg\/occupation_domaine_public\/terrasse\/2025\/plans\/001062.pdf",
        "superficie_autorisee": 10,
        "url_autorisation": "https:\/\/sig.strasbourg.eu\/datastrasbourg\/occupation_domaine_public\/terrasse\/2025\/autorisations\/A001062.pdf",
        "ville": "STRASBOURG",
        "adresse_etablissement": "17 QUAI KLEBER"
      }
    },
    {
      "type": "Feature",
      "geometry": {
        "coordinates": [
          [
            [7.7534321632, 48.5804442109],
            [7.7535030987, 48.5804808938],
            [7.7534822696, 48.5804986266],
            [7.7534122341, 48.5804624088],
            [7.7534321632, 48.5804442109]
          ]
        ],
        "type": "Polygon"
      },
      "properties": {
        "geo_point_2d": { "lon": 7.753457463144658, "lat": 48.58047151594788 },
        "nom_enseigne": "PATISSERIE GILLMANN",
        "identifiant": "011549",
        "url_plan": "https:\/\/sig.strasbourg.eu\/datastrasbourg\/occupation_domaine_public\/terrasse\/2025\/plans\/001073.pdf",
        "superficie_autorisee": 16,
        "url_autorisation": "https:\/\/sig.strasbourg.eu\/datastrasbourg\/occupation_domaine_public\/terrasse\/2025\/autorisations\/A001073.pdf",
        "ville": "STRASBOURG",
        "adresse_etablissement": "20 QUAI DES BATELIERS"
      }
    },
    {
      "type": "Feature",
      "geometry": {
        "coordinates": [
          [
            [7.7537529698, 48.5806094493],
            [7.75373662, 48.5806311721],
            [7.7536665739, 48.5805972207],
            [7.7536776914, 48.5805861355],
            [7.7536983133, 48.5805963722],
            [7.7537019664, 48.5805919968],
            [7.7537410725, 48.5806052525],
            [7.7537528038, 48.5806093907],
            [7.7537529698, 48.5806094493]
          ]
        ],
        "type": "Polygon"
      },
      "properties": {
        "geo_point_2d": { "lon": 7.75371271923149, "lat": 48.58060761072323 },
        "nom_enseigne": "L'OISEAU RARE",
        "identifiant": "011550",
        "url_plan": "https:\/\/sig.strasbourg.eu\/datastrasbourg\/occupation_domaine_public\/terrasse\/2025\/plans\/001074.pdf",
        "superficie_autorisee": 13,
        "url_autorisation": "https:\/\/sig.strasbourg.eu\/datastrasbourg\/occupation_domaine_public\/terrasse\/2025\/autorisations\/A001074.pdf",
        "ville": "STRASBOURG",
        "adresse_etablissement": "23 QUAI DES BATELIERS"
      }
    },
    {
      "type": "Feature",
      "geometry": {
        "coordinates": [
          [
            [
              [7.7542602122, 48.5779343485],
              [7.7543111339, 48.5779703939],
              [7.7542677519, 48.5779975709],
              [7.7542167056, 48.5779614096],
              [7.7542602122, 48.5779343485]
            ]
          ],
          [
            [
              [7.7541630434, 48.5779937289],
              [7.7541933769, 48.577975764],
              [7.7542204507, 48.5779958919],
              [7.7541901172, 48.5780138567],
              [7.7541630434, 48.5779937289]
            ]
          ]
        ],
        "type": "MultiPolygon"
      },
      "properties": {
        "geo_point_2d": { "lon": 7.754244379323286, "lat": 48.57797376216936 },
        "nom_enseigne": "MAY",
        "identifiant": "011562",
        "url_plan": "https:\/\/sig.strasbourg.eu\/datastrasbourg\/occupation_domaine_public\/terrasse\/2025\/plans\/001079.pdf",
        "superficie_autorisee": 33,
        "url_autorisation": "https:\/\/sig.strasbourg.eu\/datastrasbourg\/occupation_domaine_public\/terrasse\/2025\/autorisations\/A001079.pdf",
        "ville": "STRASBOURG",
        "adresse_etablissement": "1 RUE DE BERNE"
      }
    },
    {
      "type": "Feature",
      "geometry": {
        "coordinates": [
          [
            [7.7575280241, 48.5934309464],
            [7.7575178017, 48.5935075637],
            [7.7574988999, 48.5935064553],
            [7.7575091358, 48.5934298374],
            [7.7575280241, 48.5934309464]
          ]
        ],
        "type": "Polygon"
      },
      "properties": {
        "geo_point_2d": { "lon": 7.757513464745895, "lat": 48.593468705197786 },
        "nom_enseigne": "LE REPERE GOURMAND",
        "identifiant": "001790",
        "url_plan": "https:\/\/sig.strasbourg.eu\/datastrasbourg\/occupation_domaine_public\/terrasse\/2025\/plans\/001106.pdf",
        "superficie_autorisee": 12,
        "url_autorisation": "https:\/\/sig.strasbourg.eu\/datastrasbourg\/occupation_domaine_public\/terrasse\/2025\/autorisations\/A001106.pdf",
        "ville": "STRASBOURG",
        "adresse_etablissement": "1 PCE DE BORDEAUX"
      }
    },
    {
      "type": "Feature",
      "geometry": {
        "coordinates": [
          [
            [7.7451508437, 48.5819792829],
            [7.7451507855, 48.5819792909],
            [7.7451459971, 48.5819646576],
            [7.745106435, 48.581969839],
            [7.7451109629, 48.5819845004],
            [7.7451123879, 48.5819884305],
            [7.7451126373, 48.5819891184],
            [7.7450995289, 48.581990854],
            [7.7450981243, 48.581986184],
            [7.745089184, 48.5819564596],
            [7.7451753208, 48.5819448809],
            [7.7451865909, 48.5819791471],
            [7.745152426, 48.5819840939],
            [7.7451508437, 48.5819792829]
          ]
        ],
        "type": "Polygon"
      },
      "properties": {
        "geo_point_2d": { "lon": 7.745140616240199, "lat": 48.58196481560232 },
        "nom_enseigne": "CAFE DES SPORTS",
        "identifiant": "002006",
        "url_plan": "https:\/\/sig.strasbourg.eu\/datastrasbourg\/occupation_domaine_public\/terrasse\/2025\/plans\/001108.pdf",
        "superficie_autorisee": 19,
        "url_autorisation": "https:\/\/sig.strasbourg.eu\/datastrasbourg\/occupation_domaine_public\/terrasse\/2025\/autorisations\/A001108.pdf",
        "ville": "STRASBOURG",
        "adresse_etablissement": "16 RUE SAINTE-HELENE"
      }
    },
    {
      "type": "Feature",
      "geometry": {
        "coordinates": [
          [
            [7.746262929, 48.5806666555],
            [7.7462472375, 48.580663817],
            [7.7462740161, 48.5806060379],
            [7.7462946469, 48.580610471],
            [7.746262929, 48.5806666555]
          ]
        ],
        "type": "Polygon"
      },
      "properties": {
        "geo_point_2d": { "lon": 7.746270393515174, "lat": 48.5806353772582 },
        "nom_enseigne": "SCHLUCK N'SPIEL",
        "identifiant": "001011",
        "url_plan": "https:\/\/sig.strasbourg.eu\/datastrasbourg\/occupation_domaine_public\/terrasse\/2025\/plans\/001110.pdf",
        "superficie_autorisee": 9,
        "url_autorisation": "https:\/\/sig.strasbourg.eu\/datastrasbourg\/occupation_domaine_public\/terrasse\/2025\/autorisations\/A001110.pdf",
        "ville": "STRASBOURG",
        "adresse_etablissement": "5 RUE DE LA CHAINE"
      }
    },
    {
      "type": "Feature",
      "geometry": {
        "coordinates": [
          [
            [
              [7.7406574905, 48.5858534174],
              [7.7406389096, 48.5858795126],
              [7.7405732761, 48.5858571367],
              [7.7405925579, 48.5858316437],
              [7.7406574905, 48.5858534174]
            ]
          ],
          [
            [
              [7.7406512706, 48.5858836389],
              [7.7406698989, 48.5858572384],
              [7.7407526343, 48.58588423],
              [7.7407331564, 48.5859106578],
              [7.7406512706, 48.5858836389]
            ]
          ]
        ],
        "type": "MultiPolygon"
      },
      "properties": {
        "geo_point_2d": { "lon": 7.740663988931541, "lat": 48.58587145515131 },
        "nom_enseigne": "PHILIBAR",
        "identifiant": "000443",
        "url_plan": "https:\/\/sig.strasbourg.eu\/datastrasbourg\/occupation_domaine_public\/terrasse\/2025\/plans\/001112.pdf",
        "superficie_autorisee": 39,
        "url_autorisation": "https:\/\/sig.strasbourg.eu\/datastrasbourg\/occupation_domaine_public\/terrasse\/2025\/autorisations\/A001112.pdf",
        "ville": "STRASBOURG",
        "adresse_etablissement": "15 RUE DU MARAIS VERT"
      }
    },
    {
      "type": "Feature",
      "geometry": {
        "coordinates": [
          [
            [7.7491855952, 48.5800622001],
            [7.7492368387, 48.5799964198],
            [7.7492585122, 48.5800038507],
            [7.7492072686, 48.5800696945],
            [7.7491855952, 48.5800622001]
          ]
        ],
        "type": "Polygon"
      },
      "properties": {
        "geo_point_2d": { "lon": 7.749222047383356, "lat": 48.580033051594675 },
        "nom_enseigne": "LA VIEILLE ENSEIGNE",
        "identifiant": "001176",
        "url_plan": "https:\/\/sig.strasbourg.eu\/datastrasbourg\/occupation_domaine_public\/terrasse\/2025\/plans\/001127.pdf",
        "superficie_autorisee": 15,
        "url_autorisation": "https:\/\/sig.strasbourg.eu\/datastrasbourg\/occupation_domaine_public\/terrasse\/2025\/autorisations\/A001127.pdf",
        "ville": "STRASBOURG",
        "adresse_etablissement": "9 RUE DES TONNELIERS"
      }
    },
    {
      "type": "Feature",
      "geometry": {
        "coordinates": [
          [
            [7.7704573138, 48.5855650724],
            [7.7705369355, 48.5856331628],
            [7.7704852532, 48.5856594999],
            [7.7704054646, 48.5855917762],
            [7.7704573138, 48.5855650724]
          ]
        ],
        "type": "Polygon"
      },
      "properties": {
        "geo_point_2d": { "lon": 7.770471205068986, "lat": 48.58561233133344 },
        "nom_enseigne": "ELODIE ET JIMMY",
        "identifiant": "000025",
        "url_plan": "https:\/\/sig.strasbourg.eu\/datastrasbourg\/occupation_domaine_public\/terrasse\/2025\/plans\/001131.pdf",
        "superficie_autorisee": 46,
        "url_autorisation": "https:\/\/sig.strasbourg.eu\/datastrasbourg\/occupation_domaine_public\/terrasse\/2025\/autorisations\/A001131.pdf",
        "ville": "STRASBOURG",
        "adresse_etablissement": "5 RUE DE VERDUN"
      }
    },
    {
      "type": "Feature",
      "geometry": {
        "coordinates": [
          [
            [
              [7.7431426392, 48.5818864661],
              [7.7431244331, 48.581892425],
              [7.7430777825, 48.5818332992],
              [7.7429541472, 48.5818772485],
              [7.7429412425, 48.58186092],
              [7.7430829254, 48.5818108154],
              [7.7431426392, 48.5818864661]
            ]
          ],
          [
            [
              [7.742926726, 48.5818870872],
              [7.7429541472, 48.5818772485],
              [7.7430144826, 48.5819512777],
              [7.7429870859, 48.5819611466],
              [7.742926726, 48.5818870872]
            ]
          ]
        ],
        "type": "MultiPolygon"
      },
      "properties": {
        "geo_point_2d": { "lon": 7.74301826365328, "lat": 48.581875607533284 },
        "nom_enseigne": "EAST CANTEEN GRAND RUE",
        "identifiant": "000045",
        "url_plan": "https:\/\/sig.strasbourg.eu\/datastrasbourg\/occupation_domaine_public\/terrasse\/2025\/plans\/001138.pdf",
        "superficie_autorisee": 57,
        "url_autorisation": "https:\/\/sig.strasbourg.eu\/datastrasbourg\/occupation_domaine_public\/terrasse\/2025\/autorisations\/A001138.pdf",
        "ville": "STRASBOURG",
        "adresse_etablissement": "69 GRAND'RUE"
      }
    },
    {
      "type": "Feature",
      "geometry": {
        "coordinates": [
          [
            [
              [7.7408860145, 48.5824062718],
              [7.7407932541, 48.5824304418],
              [7.7407829058, 48.5824128489],
              [7.7410962563, 48.5823272855],
              [7.7411066047, 48.5823448784],
              [7.7410107373, 48.5823697678],
              [7.7410131706, 48.5823734526],
              [7.7408845196, 48.5824045039],
              [7.7408860145, 48.5824062718]
            ]
          ],
          [
            [
              [7.741157345, 48.582817699],
              [7.7409528251, 48.5828253183],
              [7.7409523952, 48.5827893067],
              [7.7411569348, 48.5827817281],
              [7.741157345, 48.582817699]
            ]
          ]
        ],
        "type": "MultiPolygon"
      },
      "properties": {
        "geo_point_2d": { "lon": 7.7410028069294015, "lat": 48.5826043106357 },
        "nom_enseigne": "LE METEOR",
        "identifiant": "011667",
        "url_plan": "https:\/\/sig.strasbourg.eu\/datastrasbourg\/occupation_domaine_public\/terrasse\/2025\/plans\/001143.pdf",
        "superficie_autorisee": 114,
        "url_autorisation": "https:\/\/sig.strasbourg.eu\/datastrasbourg\/occupation_domaine_public\/terrasse\/2025\/autorisations\/A001143.pdf",
        "ville": "STRASBOURG",
        "adresse_etablissement": "10 RUE DU VINGT-DEUX NOVEMBRE"
      }
    },
    {
      "type": "Feature",
      "geometry": {
        "coordinates": [
          [
            [7.741863977, 48.5828058425],
            [7.7419534326, 48.5828061802],
            [7.7419545559, 48.5828349308],
            [7.741865137, 48.5828345872],
            [7.741863977, 48.5828058425]
          ]
        ],
        "type": "Polygon"
      },
      "properties": {
        "geo_point_2d": { "lon": 7.741909277151814, "lat": 48.5828203841915 },
        "nom_enseigne": "LES MAINS DANS LA FARINE",
        "identifiant": "011687",
        "url_plan": "https:\/\/sig.strasbourg.eu\/datastrasbourg\/occupation_domaine_public\/terrasse\/2025\/plans\/001144.pdf",
        "superficie_autorisee": 21,
        "url_autorisation": "https:\/\/sig.strasbourg.eu\/datastrasbourg\/occupation_domaine_public\/terrasse\/2025\/autorisations\/A001144.pdf",
        "ville": "STRASBOURG",
        "adresse_etablissement": "16 RUE DU VINGT-DEUX NOVEMBRE"
      }
    },
    {
      "type": "Feature",
      "geometry": {
        "coordinates": [
          [
            [7.7425359942, 48.5800650295],
            [7.7425206207, 48.5800454575],
            [7.7426032112, 48.5800175767],
            [7.7426178736, 48.5800373643],
            [7.7425359942, 48.5800650295]
          ]
        ],
        "type": "Polygon"
      },
      "properties": {
        "geo_point_2d": { "lon": 7.742569407530597, "lat": 48.58004134541223 },
        "nom_enseigne": "LA BEDAINE",
        "identifiant": "000419",
        "url_plan": "https:\/\/sig.strasbourg.eu\/datastrasbourg\/occupation_domaine_public\/terrasse\/2025\/plans\/001145.pdf",
        "superficie_autorisee": 17,
        "url_autorisation": "https:\/\/sig.strasbourg.eu\/datastrasbourg\/occupation_domaine_public\/terrasse\/2025\/autorisations\/A001145.pdf",
        "ville": "STRASBOURG",
        "adresse_etablissement": "22 RUE DES MOULINS"
      }
    },
    {
      "type": "Feature",
      "geometry": {
        "coordinates": [
          [
            [7.7587801757, 48.5788320365],
            [7.7588184258, 48.5787938236],
            [7.7588417327, 48.5788039413],
            [7.75880249, 48.5788421408],
            [7.7587801757, 48.5788320365]
          ]
        ],
        "type": "Polygon"
      },
      "properties": {
        "geo_point_2d": { "lon": 7.758810818949631, "lat": 48.5788178951522 },
        "nom_enseigne": "JABIRU CAFE",
        "identifiant": "001520",
        "url_plan": "https:\/\/sig.strasbourg.eu\/datastrasbourg\/occupation_domaine_public\/terrasse\/2025\/plans\/001153.pdf",
        "superficie_autorisee": 10,
        "url_autorisation": "https:\/\/sig.strasbourg.eu\/datastrasbourg\/occupation_domaine_public\/terrasse\/2025\/autorisations\/A001153.pdf",
        "ville": "STRASBOURG",
        "adresse_etablissement": "60 RUE DE ZURICH"
      }
    },
    {
      "type": "Feature",
      "geometry": {
        "coordinates": [
          [
            [7.7512895925, 48.5784581424],
            [7.751277587, 48.5784623193],
            [7.7512483275, 48.5784270162],
            [7.751260203, 48.5784226826],
            [7.7512895925, 48.5784581424]
          ]
        ],
        "type": "Polygon"
      },
      "properties": {
        "geo_point_2d": { "lon": 7.751268931927708, "lat": 48.578442538578074 },
        "nom_enseigne": "TONTON GATEAU",
        "identifiant": "011704",
        "url_plan": "https:\/\/sig.strasbourg.eu\/datastrasbourg\/occupation_domaine_public\/terrasse\/2025\/plans\/001158.pdf",
        "superficie_autorisee": 4,
        "url_autorisation": "https:\/\/sig.strasbourg.eu\/datastrasbourg\/occupation_domaine_public\/terrasse\/2025\/autorisations\/A001158.pdf",
        "ville": "STRASBOURG",
        "adresse_etablissement": "11 RUE DES BOUCHERS"
      }
    },
    {
      "type": "Feature",
      "geometry": {
        "coordinates": [
          [
            [7.7543111339, 48.5779703939],
            [7.7544165146, 48.5780449913],
            [7.7543727779, 48.5780731559],
            [7.7542677519, 48.5779975709],
            [7.7543111339, 48.5779703939]
          ]
        ],
        "type": "Polygon"
      },
      "properties": {
        "geo_point_2d": {
          "lon": 7.7543422101935855,
          "lat": 48.578021672515646
        },
        "nom_enseigne": "THE GOOD EYE DEER",
        "identifiant": "001791",
        "url_plan": "https:\/\/sig.strasbourg.eu\/datastrasbourg\/occupation_domaine_public\/terrasse\/2025\/plans\/001160.pdf",
        "superficie_autorisee": 51,
        "url_autorisation": "https:\/\/sig.strasbourg.eu\/datastrasbourg\/occupation_domaine_public\/terrasse\/2025\/autorisations\/A001160.pdf",
        "ville": "STRASBOURG",
        "adresse_etablissement": "1 RUE DE BERNE"
      }
    },
    {
      "type": "Feature",
      "geometry": {
        "coordinates": [
          [
            [7.7621013933, 48.5812791324],
            [7.7621191506, 48.581316814],
            [7.7620601727, 48.5813294698],
            [7.7620418742, 48.5812918103],
            [7.7621013933, 48.5812791324]
          ]
        ],
        "type": "Polygon"
      },
      "properties": {
        "geo_point_2d": { "lon": 7.762080623877865, "lat": 48.58130428248276 },
        "nom_enseigne": "JAJA",
        "identifiant": "000867",
        "url_plan": "https:\/\/sig.strasbourg.eu\/datastrasbourg\/occupation_domaine_public\/terrasse\/2025\/plans\/001168.pdf",
        "superficie_autorisee": 20,
        "url_autorisation": "https:\/\/sig.strasbourg.eu\/datastrasbourg\/occupation_domaine_public\/terrasse\/2025\/autorisations\/A001168.pdf",
        "ville": "STRASBOURG",
        "adresse_etablissement": "4 PCE SAINT-NICOLAS-AUX-ONDES"
      }
    },
    {
      "type": "Feature",
      "geometry": {
        "coordinates": [
          [
            [7.7354946598, 48.5831899189],
            [7.735520587, 48.5830534141],
            [7.7355628781, 48.5830566802],
            [7.7355479924, 48.5831943908],
            [7.7354946598, 48.5831899189]
          ]
        ],
        "type": "Polygon"
      },
      "properties": {
        "geo_point_2d": { "lon": 7.735531143942859, "lat": 48.58312625129877 },
        "nom_enseigne": "LE COIN DES KNECKES",
        "identifiant": "000970",
        "url_plan": "https:\/\/sig.strasbourg.eu\/datastrasbourg\/occupation_domaine_public\/terrasse\/2025\/plans\/001169.pdf",
        "superficie_autorisee": 54,
        "url_autorisation": "https:\/\/sig.strasbourg.eu\/datastrasbourg\/occupation_domaine_public\/terrasse\/2025\/autorisations\/A001169.pdf",
        "ville": "STRASBOURG",
        "adresse_etablissement": "9 B PTE RUE DE LA COURSE"
      }
    },
    {
      "type": "Feature",
      "geometry": {
        "coordinates": [
          [
            [7.7840241903, 48.5635939534],
            [7.7840051351, 48.5636700836],
            [7.7839100757, 48.5636907317],
            [7.7838811954, 48.5636877286],
            [7.7839103387, 48.5635866721],
            [7.7840241903, 48.5635939534]
          ]
        ],
        "type": "Polygon"
      },
      "properties": {
        "geo_point_2d": { "lon": 7.783951563995244, "lat": 48.56363688502584 },
        "nom_enseigne": "S'MUSAUEUR STUEBEL",
        "identifiant": "011721",
        "url_plan": "https:\/\/sig.strasbourg.eu\/datastrasbourg\/occupation_domaine_public\/terrasse\/2025\/plans\/001170.pdf",
        "superficie_autorisee": 89,
        "url_autorisation": "https:\/\/sig.strasbourg.eu\/datastrasbourg\/occupation_domaine_public\/terrasse\/2025\/autorisations\/A001170.pdf",
        "ville": "STRASBOURG",
        "adresse_etablissement": "11 RUE DE MURBACH"
      }
    },
    {
      "type": "Feature",
      "geometry": {
        "coordinates": [
          [
            [
              [7.7474378252, 48.5802130619],
              [7.7474562028, 48.5801974795],
              [7.7474690146, 48.5802041274],
              [7.747450637, 48.5802197098],
              [7.7474378252, 48.5802130619]
            ]
          ],
          [
            [
              [7.7475012359, 48.5802162342],
              [7.7475264398, 48.5801950566],
              [7.7476093883, 48.5802385335],
              [7.747584197, 48.5802597016],
              [7.7475012359, 48.5802162342]
            ]
          ]
        ],
        "type": "MultiPolygon"
      },
      "properties": {
        "geo_point_2d": { "lon": 7.74754497985863, "lat": 48.58022547493063 },
        "nom_enseigne": "CHEF ALI",
        "identifiant": "001387",
        "url_plan": "https:\/\/sig.strasbourg.eu\/datastrasbourg\/occupation_domaine_public\/terrasse\/2025\/plans\/001177.pdf",
        "superficie_autorisee": 26,
        "url_autorisation": "https:\/\/sig.strasbourg.eu\/datastrasbourg\/occupation_domaine_public\/terrasse\/2025\/autorisations\/A001177.pdf",
        "ville": "STRASBOURG",
        "adresse_etablissement": "7 RUE DE LA DIVISION LECLERC"
      }
    },
    {
      "type": "Feature",
      "geometry": {
        "coordinates": [
          [
            [7.7401301573, 48.5858767679],
            [7.7401022634, 48.5858676988],
            [7.7401292165, 48.585830477],
            [7.7401571104, 48.585839546],
            [7.7401301573, 48.5858767679]
          ]
        ],
        "type": "Polygon"
      },
      "properties": {
        "geo_point_2d": { "lon": 7.740129686900334, "lat": 48.58585362243317 },
        "nom_enseigne": "BODRUM DONER",
        "identifiant": "000707",
        "url_plan": "https:\/\/sig.strasbourg.eu\/datastrasbourg\/occupation_domaine_public\/terrasse\/2025\/plans\/001190.pdf",
        "superficie_autorisee": 11,
        "url_autorisation": "https:\/\/sig.strasbourg.eu\/datastrasbourg\/occupation_domaine_public\/terrasse\/2025\/autorisations\/A001190.pdf",
        "ville": "STRASBOURG",
        "adresse_etablissement": "22 RUE DU FAUBOURG DE SAVERNE"
      }
    },
    {
      "type": "Feature",
      "geometry": {
        "coordinates": [
          [
            [7.7508984121, 48.5804516589],
            [7.7509133234, 48.5804366322],
            [7.7509438828, 48.5804499865],
            [7.750918587, 48.5804755656],
            [7.7508877585, 48.5804623845],
            [7.7508984121, 48.5804516589]
          ]
        ],
        "type": "Polygon"
      },
      "properties": {
        "geo_point_2d": { "lon": 7.750915864121228, "lat": 48.58045613863337 },
        "nom_enseigne": "AU BON VIVANT",
        "identifiant": "000651",
        "url_plan": "https:\/\/sig.strasbourg.eu\/datastrasbourg\/occupation_domaine_public\/terrasse\/2025\/plans\/001191.pdf",
        "superficie_autorisee": 9,
        "url_autorisation": "https:\/\/sig.strasbourg.eu\/datastrasbourg\/occupation_domaine_public\/terrasse\/2025\/autorisations\/A001191.pdf",
        "ville": "STRASBOURG",
        "adresse_etablissement": "4 PCE DU MARCHE AUX COCHONS DE LAIT"
      }
    },
    {
      "type": "Feature",
      "geometry": {
        "coordinates": [
          [
            [7.7531182219, 48.5824670416],
            [7.7532617786, 48.5825095641],
            [7.7532194024, 48.5825729285],
            [7.7530757091, 48.5825301717],
            [7.7531182219, 48.5824670416]
          ]
        ],
        "type": "Polygon"
      },
      "properties": {
        "geo_point_2d": { "lon": 7.753168802538763, "lat": 48.58251994454301 },
        "nom_enseigne": "LE CORNICHON MASQUE",
        "identifiant": "001408",
        "url_plan": "https:\/\/sig.strasbourg.eu\/datastrasbourg\/occupation_domaine_public\/terrasse\/2025\/plans\/001193.pdf",
        "superficie_autorisee": 89,
        "url_autorisation": "https:\/\/sig.strasbourg.eu\/datastrasbourg\/occupation_domaine_public\/terrasse\/2025\/autorisations\/A001193.pdf",
        "ville": "STRASBOURG",
        "adresse_etablissement": "17 PCE DU MARCHE GAYOT"
      }
    },
    {
      "type": "Feature",
      "geometry": {
        "coordinates": [
          [
            [7.746118341, 48.5911960498],
            [7.7460994281, 48.5911663482],
            [7.7462686877, 48.5911192785],
            [7.7462870006, 48.5911489596],
            [7.746118341, 48.5911960498]
          ]
        ],
        "type": "Polygon"
      },
      "properties": {
        "geo_point_2d": { "lon": 7.746193283992878, "lat": 48.59115767281788 },
        "nom_enseigne": "LE NEW CAPRI",
        "identifiant": "001205",
        "url_plan": "https:\/\/sig.strasbourg.eu\/datastrasbourg\/occupation_domaine_public\/terrasse\/2025\/plans\/001196.pdf",
        "superficie_autorisee": 48,
        "url_autorisation": "https:\/\/sig.strasbourg.eu\/datastrasbourg\/occupation_domaine_public\/terrasse\/2025\/autorisations\/A001196.pdf",
        "ville": "STRASBOURG",
        "adresse_etablissement": "78 AVE DES VOSGES"
      }
    },
    {
      "type": "Feature",
      "geometry": {
        "coordinates": [
          [
            [7.7547274092, 48.578621496],
            [7.7546456267, 48.5785531981],
            [7.7546615436, 48.5785448064],
            [7.7547433586, 48.5786131316],
            [7.7547274092, 48.578621496]
          ]
        ],
        "type": "Polygon"
      },
      "properties": {
        "geo_point_2d": { "lon": 7.7546944850045465, "lat": 48.57858315770495 },
        "nom_enseigne": "LA GROSSE BALOCHE",
        "identifiant": "011758",
        "url_plan": "https:\/\/sig.strasbourg.eu\/datastrasbourg\/occupation_domaine_public\/terrasse\/2025\/plans\/001200.pdf",
        "superficie_autorisee": 15,
        "url_autorisation": "https:\/\/sig.strasbourg.eu\/datastrasbourg\/occupation_domaine_public\/terrasse\/2025\/autorisations\/A001200.pdf",
        "ville": "STRASBOURG",
        "adresse_etablissement": "7 RUE DES ORPHELINS"
      }
    },
    {
      "type": "Feature",
      "geometry": {
        "coordinates": [
          [
            [7.7397495829, 48.589626013],
            [7.7397970366, 48.5896674685],
            [7.7397731944, 48.5896794796],
            [7.7397260815, 48.5896383217],
            [7.7397495829, 48.589626013]
          ]
        ],
        "type": "Polygon"
      },
      "properties": {
        "geo_point_2d": { "lon": 7.739761488079163, "lat": 48.58965281341112 },
        "nom_enseigne": "DOOZ - MALLEUS MALEFICARUM BAR",
        "identifiant": "011779",
        "url_plan": "https:\/\/sig.strasbourg.eu\/datastrasbourg\/occupation_domaine_public\/terrasse\/2025\/plans\/001207.pdf",
        "superficie_autorisee": 13,
        "url_autorisation": "https:\/\/sig.strasbourg.eu\/datastrasbourg\/occupation_domaine_public\/terrasse\/2025\/autorisations\/A001207.pdf",
        "ville": "STRASBOURG",
        "adresse_etablissement": "19 RUE DES MAGASINS Concerne le 12 rue des magasins"
      }
    },
    {
      "type": "Feature",
      "geometry": {
        "coordinates": [
          [
            [
              [7.7577542919, 48.5792641153],
              [7.7577845419, 48.5792268886],
              [7.7578192983, 48.5792393228],
              [7.7577900963, 48.5792769104],
              [7.7577542919, 48.5792641153]
            ]
          ],
          [
            [
              [7.7577126559, 48.579309135],
              [7.7577479901, 48.5792721224],
              [7.7577836612, 48.5792846526],
              [7.7577457673, 48.579323602],
              [7.7577126559, 48.579309135]
            ]
          ]
        ],
        "type": "MultiPolygon"
      },
      "properties": {
        "geo_point_2d": { "lon": 7.7577667599520375, "lat": 48.57927533599358 },
        "nom_enseigne": "BRUNCHIE",
        "identifiant": "001083",
        "url_plan": "https:\/\/sig.strasbourg.eu\/datastrasbourg\/occupation_domaine_public\/terrasse\/2025\/plans\/001217.pdf",
        "superficie_autorisee": 29,
        "url_autorisation": "https:\/\/sig.strasbourg.eu\/datastrasbourg\/occupation_domaine_public\/terrasse\/2025\/autorisations\/A001217.pdf",
        "ville": "STRASBOURG",
        "adresse_etablissement": "7 -9 RUE DU RENARD-PRECHANT"
      }
    },
    {
      "type": "Feature",
      "geometry": {
        "coordinates": [
          [
            [7.749768762, 48.580230004],
            [7.7497227323, 48.5802726946],
            [7.7496667038, 48.5802461015],
            [7.7497171904, 48.5801863526],
            [7.7497185516, 48.5801869726],
            [7.7497281205, 48.5801771384],
            [7.7497927015, 48.5802077964],
            [7.749768762, 48.580230004]
          ]
        ],
        "type": "Polygon"
      },
      "properties": {
        "geo_point_2d": { "lon": 7.749727971989576, "lat": 48.58022486503958 },
        "nom_enseigne": "L'AMBASSADE",
        "identifiant": "000861",
        "url_plan": "https:\/\/sig.strasbourg.eu\/datastrasbourg\/occupation_domaine_public\/terrasse\/2025\/plans\/001224.pdf",
        "superficie_autorisee": 49,
        "url_autorisation": "https:\/\/sig.strasbourg.eu\/datastrasbourg\/occupation_domaine_public\/terrasse\/2025\/autorisations\/A001224.pdf",
        "ville": "STRASBOURG",
        "adresse_etablissement": "7 R.DU VIEUX MARCHE AUX POISSONS"
      }
    },
    {
      "type": "Feature",
      "geometry": {
        "coordinates": [
          [
            [7.7312401181, 48.5774682451],
            [7.7312831734, 48.577325556],
            [7.73129912, 48.5773276746],
            [7.7312560075, 48.5774705539],
            [7.7312401181, 48.5774682451]
          ]
        ],
        "type": "Polygon"
      },
      "properties": {
        "geo_point_2d": { "lon": 7.731269606475378, "lat": 48.57739800778288 },
        "nom_enseigne": "BRASSERIE DU BOULEVARD",
        "identifiant": "011832",
        "url_plan": "https:\/\/sig.strasbourg.eu\/datastrasbourg\/occupation_domaine_public\/terrasse\/2025\/plans\/001228.pdf",
        "superficie_autorisee": 19,
        "url_autorisation": "https:\/\/sig.strasbourg.eu\/datastrasbourg\/occupation_domaine_public\/terrasse\/2025\/autorisations\/A001228.pdf",
        "ville": "STRASBOURG",
        "adresse_etablissement": "1 RUE DE MARLENHEIM"
      }
    },
    {
      "type": "Feature",
      "geometry": {
        "coordinates": [
          [
            [7.7493510521, 48.5799955387],
            [7.7493135719, 48.5800403619],
            [7.7492957948, 48.5800338174],
            [7.7493334051, 48.5799888167],
            [7.7493510521, 48.5799955387]
          ]
        ],
        "type": "Polygon"
      },
      "properties": {
        "geo_point_2d": { "lon": 7.749323452772888, "lat": 48.58001462861196 },
        "nom_enseigne": "TROIS QUATORZE D'WERTSCHAFT",
        "identifiant": "011844",
        "url_plan": "https:\/\/sig.strasbourg.eu\/datastrasbourg\/occupation_domaine_public\/terrasse\/2025\/plans\/001234.pdf",
        "superficie_autorisee": 9,
        "url_autorisation": "https:\/\/sig.strasbourg.eu\/datastrasbourg\/occupation_domaine_public\/terrasse\/2025\/autorisations\/A001234.pdf",
        "ville": "STRASBOURG",
        "adresse_etablissement": "14 RUE DES TONNELIERS"
      }
    },
    {
      "type": "Feature",
      "geometry": {
        "coordinates": [
          [
            [7.6945996157, 48.562762114],
            [7.6946426509, 48.5627630923],
            [7.6946441439, 48.5627444288],
            [7.6946973863, 48.5627459364],
            [7.6946941923, 48.5628348908],
            [7.6946630232, 48.5628343239],
            [7.6946475676, 48.5628313917],
            [7.694636156, 48.56282761],
            [7.6946234328, 48.5628214979],
            [7.6946138756, 48.5628147036],
            [7.6946063794, 48.5628065741],
            [7.694601991, 48.5627987799],
            [7.6945992259, 48.5627892072],
            [7.6945996157, 48.562762114]
          ]
        ],
        "type": "Polygon"
      },
      "properties": {
        "geo_point_2d": { "lon": 7.694653929906791, "lat": 48.56278970414704 },
        "nom_enseigne": "AU COIN DU PETIT WALID",
        "identifiant": "002013",
        "url_plan": "https:\/\/sig.strasbourg.eu\/datastrasbourg\/occupation_domaine_public\/terrasse\/2025\/plans\/001251.pdf",
        "superficie_autorisee": 58,
        "url_autorisation": "https:\/\/sig.strasbourg.eu\/datastrasbourg\/occupation_domaine_public\/terrasse\/2025\/autorisations\/A001251.pdf",
        "ville": "STRASBOURG",
        "adresse_etablissement": "15 RUE DU PETIT-MARAIS"
      }
    },
    {
      "type": "Feature",
      "geometry": {
        "coordinates": [
          [
            [7.7465901994, 48.5906952052],
            [7.74651981, 48.5908009421],
            [7.7465024552, 48.5907958583],
            [7.7465728438, 48.5906901124],
            [7.7465901994, 48.5906952052]
          ]
        ],
        "type": "Polygon"
      },
      "properties": {
        "geo_point_2d": { "lon": 7.746546328920135, "lat": 48.59074552658562 },
        "nom_enseigne": "BRASSERIE DES VOSGES",
        "identifiant": "010895",
        "url_plan": "https:\/\/sig.strasbourg.eu\/datastrasbourg\/occupation_domaine_public\/terrasse\/2025\/plans\/001254.pdf",
        "superficie_autorisee": 18,
        "url_autorisation": "https:\/\/sig.strasbourg.eu\/datastrasbourg\/occupation_domaine_public\/terrasse\/2025\/autorisations\/A001254.pdf",
        "ville": "STRASBOURG",
        "adresse_etablissement": "77 AVE DES VOSGES"
      }
    },
    {
      "type": "Feature",
      "geometry": {
        "coordinates": [
          [
            [7.7526715929, 48.5835446634],
            [7.7526516345, 48.5835568544],
            [7.7526200344, 48.5835358557],
            [7.7526391613, 48.5835231104],
            [7.7526715929, 48.5835446634]
          ]
        ],
        "type": "Polygon"
      },
      "properties": {
        "geo_point_2d": { "lon": 7.752645647956983, "lat": 48.583540093826294 },
        "nom_enseigne": "ROYAL 26",
        "identifiant": "011908",
        "url_plan": "https:\/\/sig.strasbourg.eu\/datastrasbourg\/occupation_domaine_public\/terrasse\/2025\/plans\/001263.pdf",
        "superficie_autorisee": 7,
        "url_autorisation": "https:\/\/sig.strasbourg.eu\/datastrasbourg\/occupation_domaine_public\/terrasse\/2025\/autorisations\/A001263.pdf",
        "ville": "STRASBOURG",
        "adresse_etablissement": "26 RUE DES JUIFS"
      }
    },
    {
      "type": "Feature",
      "geometry": {
        "coordinates": [
          [
            [7.7571276419, 48.5820785769],
            [7.7571276129, 48.5820781407],
            [7.757122418, 48.5819998587],
            [7.757141375, 48.5819993048],
            [7.7571466027, 48.5820780803],
            [7.7571276419, 48.5820785769]
          ]
        ],
        "type": "Polygon"
      },
      "properties": {
        "geo_point_2d": { "lon": 7.757134510537562, "lat": 48.58203895516069 },
        "nom_enseigne": "AL DIWAN",
        "identifiant": "011893",
        "url_plan": "https:\/\/sig.strasbourg.eu\/datastrasbourg\/occupation_domaine_public\/terrasse\/2025\/plans\/001274.pdf",
        "superficie_autorisee": 12,
        "url_autorisation": "https:\/\/sig.strasbourg.eu\/datastrasbourg\/occupation_domaine_public\/terrasse\/2025\/autorisations\/A001274.pdf",
        "ville": "STRASBOURG",
        "adresse_etablissement": "2 RUE MUNCH"
      }
    },
    {
      "type": "Feature",
      "geometry": {
        "coordinates": [
          [
            [7.753145408, 48.5791446873],
            [7.7531291594, 48.5791249726],
            [7.7532643461, 48.5790753349],
            [7.7532808911, 48.5790949544],
            [7.753145408, 48.5791446873]
          ]
        ],
        "type": "Polygon"
      },
      "properties": {
        "geo_point_2d": { "lon": 7.753204960033374, "lat": 48.57910998858929 },
        "nom_enseigne": "PECORA NEGRA",
        "identifiant": "011915",
        "url_plan": "https:\/\/sig.strasbourg.eu\/datastrasbourg\/occupation_domaine_public\/terrasse\/2025\/plans\/001283.pdf",
        "superficie_autorisee": 29,
        "url_autorisation": "https:\/\/sig.strasbourg.eu\/datastrasbourg\/occupation_domaine_public\/terrasse\/2025\/autorisations\/A001283.pdf",
        "ville": "STRASBOURG",
        "adresse_etablissement": "13 RUE DES COUPLES"
      }
    },
    {
      "type": "Feature",
      "geometry": {
        "coordinates": [
          [
            [7.7460697173, 48.5875432299],
            [7.7461078847, 48.5874664573],
            [7.7461207579, 48.5874692741],
            [7.7460825318, 48.5875461647],
            [7.7460697173, 48.5875432299]
          ]
        ],
        "type": "Polygon"
      },
      "properties": {
        "geo_point_2d": { "lon": 7.746095224577052, "lat": 48.587506281851745 },
        "nom_enseigne": "NAMASTE",
        "identifiant": "011917",
        "url_plan": "https:\/\/sig.strasbourg.eu\/datastrasbourg\/occupation_domaine_public\/terrasse\/2025\/plans\/001284.pdf",
        "superficie_autorisee": 9,
        "url_autorisation": "https:\/\/sig.strasbourg.eu\/datastrasbourg\/occupation_domaine_public\/terrasse\/2025\/autorisations\/A001284.pdf",
        "ville": "STRASBOURG",
        "adresse_etablissement": "11 RUE DU FAUBOURG-DE-PIERRE"
      }
    },
    {
      "type": "Feature",
      "geometry": {
        "coordinates": [
          [
            [
              [7.7678567951, 48.5771263169],
              [7.7680024129, 48.5771144051],
              [7.7680043199, 48.5771251224],
              [7.7678587849, 48.5771370274],
              [7.7678567951, 48.5771263169]
            ]
          ],
          [
            [
              [7.7679175435, 48.5771518294],
              [7.7679927565, 48.5771454513],
              [7.7679963621, 48.5771641037],
              [7.7679211342, 48.5771704738],
              [7.7679175435, 48.5771518294]
            ]
          ]
        ],
        "type": "MultiPolygon"
      },
      "properties": {
        "geo_point_2d": { "lon": 7.767943076056284, "lat": 48.57714099843989 },
        "nom_enseigne": "MC DONALD'S",
        "identifiant": "011921",
        "url_plan": "https:\/\/sig.strasbourg.eu\/datastrasbourg\/occupation_domaine_public\/terrasse\/2025\/plans\/001286.pdf",
        "superficie_autorisee": 25,
        "url_autorisation": "https:\/\/sig.strasbourg.eu\/datastrasbourg\/occupation_domaine_public\/terrasse\/2025\/autorisations\/A001286.pdf",
        "ville": "STRASBOURG",
        "adresse_etablissement": "16 RUE DE ROME"
      }
    },
    {
      "type": "Feature",
      "geometry": {
        "coordinates": [
          [
            [
              [7.742113312, 48.5840064736],
              [7.7421080709, 48.5840166902],
              [7.7420824505, 48.5840107078],
              [7.7420878502, 48.5840005283],
              [7.742113312, 48.5840064736]
            ]
          ],
          [
            [
              [7.7421593618, 48.5840284257],
              [7.7421465419, 48.5840254527],
              [7.7421516989, 48.5840152182],
              [7.7421647382, 48.5840182391],
              [7.7421593618, 48.5840284257]
            ]
          ]
        ],
        "type": "MultiPolygon"
      },
      "properties": {
        "geo_point_2d": { "lon": 7.742117291850426, "lat": 48.584013044140384 },
        "nom_enseigne": "LEAF TEA",
        "identifiant": "011946",
        "url_plan": "https:\/\/sig.strasbourg.eu\/datastrasbourg\/occupation_domaine_public\/terrasse\/2025\/plans\/001295.pdf",
        "superficie_autorisee": 4,
        "url_autorisation": "https:\/\/sig.strasbourg.eu\/datastrasbourg\/occupation_domaine_public\/terrasse\/2025\/autorisations\/A001295.pdf",
        "ville": "STRASBOURG",
        "adresse_etablissement": "27 RUE DU VIEUX MARCHE AUX VINS"
      }
    },
    {
      "type": "Feature",
      "geometry": {
        "coordinates": [
          [
            [7.7316642336, 48.5804482285],
            [7.7316490588, 48.5804521179],
            [7.7316339671, 48.5804276965],
            [7.7316490154, 48.5804236024],
            [7.7316642336, 48.5804482285]
          ]
        ],
        "type": "Polygon"
      },
      "properties": {
        "geo_point_2d": { "lon": 7.731649079236478, "lat": 48.580437908548575 },
        "nom_enseigne": "TERANGA",
        "identifiant": "011954",
        "url_plan": "https:\/\/sig.strasbourg.eu\/datastrasbourg\/occupation_domaine_public\/terrasse\/2025\/plans\/001299.pdf",
        "superficie_autorisee": 4,
        "url_autorisation": "https:\/\/sig.strasbourg.eu\/datastrasbourg\/occupation_domaine_public\/terrasse\/2025\/autorisations\/A001299.pdf",
        "ville": "STRASBOURG",
        "adresse_etablissement": "6 BD DE NANCY"
      }
    },
    {
      "type": "Feature",
      "geometry": {
        "coordinates": [
          [
            [7.7433320158, 48.5816793511],
            [7.7433840659, 48.5816647081],
            [7.743396492, 48.5816844768],
            [7.7433441263, 48.5816987482],
            [7.7433320158, 48.5816793511]
          ]
        ],
        "type": "Polygon"
      },
      "properties": {
        "geo_point_2d": { "lon": 7.743364263279575, "lat": 48.58168179919214 },
        "nom_enseigne": "BOULANGERIE PETITE FRANCE",
        "identifiant": "011972",
        "url_plan": "https:\/\/sig.strasbourg.eu\/datastrasbourg\/occupation_domaine_public\/terrasse\/2025\/plans\/001306.pdf",
        "superficie_autorisee": 10,
        "url_autorisation": "https:\/\/sig.strasbourg.eu\/datastrasbourg\/occupation_domaine_public\/terrasse\/2025\/autorisations\/A001306.pdf",
        "ville": "STRASBOURG",
        "adresse_etablissement": "98 GRAND'RUE"
      }
    },
    {
      "type": "Feature",
      "geometry": {
        "coordinates": [
          [
            [7.7362030853, 48.5840687898],
            [7.7362199872, 48.5840798383],
            [7.7362222608, 48.584079896],
            [7.7362668448, 48.5841081747],
            [7.7362679886, 48.5841082785],
            [7.7362733212, 48.5841119737],
            [7.7362478667, 48.5841281443],
            [7.7361772304, 48.5840859475],
            [7.7362030853, 48.5840687898]
          ]
        ],
        "type": "Polygon"
      },
      "properties": {
        "geo_point_2d": { "lon": 7.736225252219273, "lat": 48.58409856657598 },
        "nom_enseigne": "GARE'MANDISE",
        "identifiant": "011976",
        "url_plan": "https:\/\/sig.strasbourg.eu\/datastrasbourg\/occupation_domaine_public\/terrasse\/2025\/plans\/001307.pdf",
        "superficie_autorisee": 19,
        "url_autorisation": "https:\/\/sig.strasbourg.eu\/datastrasbourg\/occupation_domaine_public\/terrasse\/2025\/autorisations\/A001307.pdf",
        "ville": "STRASBOURG",
        "adresse_etablissement": "8 PCE DE LA GARE"
      }
    },
    {
      "type": "Feature",
      "geometry": {
        "coordinates": [
          [
            [7.7414954944, 48.5814948317],
            [7.741465826, 48.5814963232],
            [7.7414576552, 48.5814293522],
            [7.7414819639, 48.5814280527],
            [7.7414954944, 48.5814948317]
          ]
        ],
        "type": "Polygon"
      },
      "properties": {
        "geo_point_2d": { "lon": 7.7414754168260425, "lat": 48.58146324370915 },
        "nom_enseigne": "L'OIGNON",
        "identifiant": "011090",
        "url_plan": "https:\/\/sig.strasbourg.eu\/datastrasbourg\/occupation_domaine_public\/terrasse\/2025\/plans\/001327.pdf",
        "superficie_autorisee": 15,
        "url_autorisation": "https:\/\/sig.strasbourg.eu\/datastrasbourg\/occupation_domaine_public\/terrasse\/2025\/autorisations\/A001327.pdf",
        "ville": "STRASBOURG",
        "adresse_etablissement": "4 RUE DES MOULINS"
      }
    },
    {
      "type": "Feature",
      "geometry": {
        "coordinates": [
          [
            [
              [7.7423046889, 48.5814368435],
              [7.7423360822, 48.581419703],
              [7.7423868839, 48.5814606769],
              [7.7423554906, 48.5814778174],
              [7.7423046889, 48.5814368435]
            ]
          ],
          [
            [
              [7.7423674179, 48.5814873762],
              [7.7423990452, 48.5814704153],
              [7.7424443812, 48.5815076571],
              [7.742413427, 48.5815251401],
              [7.7423674179, 48.5814873762]
            ]
          ]
        ],
        "type": "MultiPolygon"
      },
      "properties": {
        "geo_point_2d": { "lon": 7.742374465863087, "lat": 48.58147204271238 },
        "nom_enseigne": "BRASSERIE L'OKTOBERFEST",
        "identifiant": "001025",
        "url_plan": "https:\/\/sig.strasbourg.eu\/datastrasbourg\/occupation_domaine_public\/terrasse\/2025\/plans\/001328.pdf",
        "superficie_autorisee": 34,
        "url_autorisation": "https:\/\/sig.strasbourg.eu\/datastrasbourg\/occupation_domaine_public\/terrasse\/2025\/autorisations\/A001328.pdf",
        "ville": "STRASBOURG",
        "adresse_etablissement": "52 RUE DU FOSSE DES TANNEURS"
      }
    },
    {
      "type": "Feature",
      "geometry": {
        "coordinates": [
          [
            [7.7432732598, 48.5845177218],
            [7.7433023983, 48.5845291986],
            [7.7432698774, 48.5845655435],
            [7.7432404995, 48.5845543342],
            [7.7432732598, 48.5845177218]
          ]
        ],
        "type": "Polygon"
      },
      "properties": {
        "geo_point_2d": { "lon": 7.743271490866725, "lat": 48.58454169259651 },
        "nom_enseigne": "ICHINISAN & GO",
        "identifiant": "011220",
        "url_plan": "https:\/\/sig.strasbourg.eu\/datastrasbourg\/occupation_domaine_public\/terrasse\/2025\/plans\/001329.pdf",
        "superficie_autorisee": 12,
        "url_autorisation": "https:\/\/sig.strasbourg.eu\/datastrasbourg\/occupation_domaine_public\/terrasse\/2025\/autorisations\/A001329.pdf",
        "ville": "STRASBOURG",
        "adresse_etablissement": "8 RUE DU MARCHE"
      }
    },
    {
      "type": "Feature",
      "geometry": {
        "coordinates": [
          [
            [7.7531490262, 48.5827755124],
            [7.7531698442, 48.582741656],
            [7.7532427077, 48.5827624567],
            [7.7532211691, 48.5827954329],
            [7.7531490262, 48.5827755124]
          ]
        ],
        "type": "Polygon"
      },
      "properties": {
        "geo_point_2d": { "lon": 7.753195609176344, "lat": 48.582768693599114 },
        "nom_enseigne": "VELOCE",
        "identifiant": "001839",
        "url_plan": "https:\/\/sig.strasbourg.eu\/datastrasbourg\/occupation_domaine_public\/terrasse\/2025\/plans\/001331.pdf",
        "superficie_autorisee": 23,
        "url_autorisation": "https:\/\/sig.strasbourg.eu\/datastrasbourg\/occupation_domaine_public\/terrasse\/2025\/autorisations\/A001331.pdf",
        "ville": "STRASBOURG",
        "adresse_etablissement": "14 RUE DES FRERES"
      }
    },
    {
      "type": "Feature",
      "geometry": {
        "coordinates": [
          [
            [7.7350463578, 48.582181424],
            [7.7350463565, 48.5821814249],
            [7.7351197607, 48.5821883707],
            [7.7351161309, 48.5822052868],
            [7.7350226552, 48.5821991669],
            [7.7350268627, 48.5821795803],
            [7.7350463578, 48.582181424]
          ]
        ],
        "type": "Polygon"
      },
      "properties": {
        "geo_point_2d": { "lon": 7.735070215800113, "lat": 48.58219301026459 },
        "nom_enseigne": "GRILL HOUSE",
        "identifiant": "010952",
        "url_plan": "https:\/\/sig.strasbourg.eu\/datastrasbourg\/occupation_domaine_public\/terrasse\/2025\/plans\/001332.pdf",
        "superficie_autorisee": 14,
        "url_autorisation": "https:\/\/sig.strasbourg.eu\/datastrasbourg\/occupation_domaine_public\/terrasse\/2025\/autorisations\/A001332.pdf",
        "ville": "STRASBOURG",
        "adresse_etablissement": "33 RUE DU FAUBOURG NATIONAL"
      }
    },
    {
      "type": "Feature",
      "geometry": {
        "coordinates": [
          [
            [7.7740103963, 48.5807218748],
            [7.7739128852, 48.5807321189],
            [7.7739109783, 48.5807203768],
            [7.77400726, 48.5807091087],
            [7.7740103963, 48.5807218748]
          ]
        ],
        "type": "Polygon"
      },
      "properties": {
        "geo_point_2d": { "lon": 7.773961129711976, "lat": 48.58072079730754 },
        "nom_enseigne": "INDIAN PALACE",
        "identifiant": "012005",
        "url_plan": "https:\/\/sig.strasbourg.eu\/datastrasbourg\/occupation_domaine_public\/terrasse\/2025\/plans\/001335.pdf",
        "superficie_autorisee": 10,
        "url_autorisation": "https:\/\/sig.strasbourg.eu\/datastrasbourg\/occupation_domaine_public\/terrasse\/2025\/autorisations\/A001335.pdf",
        "ville": "STRASBOURG",
        "adresse_etablissement": "27 RUE VAUBAN"
      }
    },
    {
      "type": "Feature",
      "geometry": {
        "coordinates": [
          [
            [7.7411960282, 48.5836684695],
            [7.7412223336, 48.5836736845],
            [7.7412103605, 48.5836994684],
            [7.7411843866, 48.5836943191],
            [7.7411960282, 48.5836684695]
          ]
        ],
        "type": "Polygon"
      },
      "properties": {
        "geo_point_2d": { "lon": 7.741203289704482, "lat": 48.58368395809222 },
        "nom_enseigne": "HADIQA",
        "identifiant": "010960",
        "url_plan": "https:\/\/sig.strasbourg.eu\/datastrasbourg\/occupation_domaine_public\/terrasse\/2025\/plans\/001350.pdf",
        "superficie_autorisee": 6,
        "url_autorisation": "https:\/\/sig.strasbourg.eu\/datastrasbourg\/occupation_domaine_public\/terrasse\/2025\/autorisations\/A001350.pdf",
        "ville": "STRASBOURG",
        "adresse_etablissement": "14 RUE DU VIEUX MARCHE AUX VINS"
      }
    },
    {
      "type": "Feature",
      "geometry": {
        "coordinates": [
          [
            [7.7425936279, 48.5789369995],
            [7.7426012976, 48.5790195751],
            [7.7425590018, 48.5790213033],
            [7.7425513667, 48.5789389818],
            [7.7425936279, 48.5789369995]
          ]
        ],
        "type": "Polygon"
      },
      "properties": {
        "geo_point_2d": { "lon": 7.742576334544307, "lat": 48.578979216230564 },
        "nom_enseigne": "SHAHIPAKWAN",
        "identifiant": "000604",
        "url_plan": "https:\/\/sig.strasbourg.eu\/datastrasbourg\/occupation_domaine_public\/terrasse\/2025\/plans\/001353.pdf",
        "superficie_autorisee": 29,
        "url_autorisation": "https:\/\/sig.strasbourg.eu\/datastrasbourg\/occupation_domaine_public\/terrasse\/2025\/autorisations\/A001353.pdf",
        "ville": "STRASBOURG",
        "adresse_etablissement": "43 RUE FINKWILLER"
      }
    },
    {
      "type": "Feature",
      "geometry": {
        "coordinates": [
          [
            [7.7600263577, 48.5741374125],
            [7.7602730733, 48.5741157078],
            [7.7602870305, 48.5741855713],
            [7.7600394456, 48.5742073525],
            [7.7600263577, 48.5741374125]
          ]
        ],
        "type": "Polygon"
      },
      "properties": {
        "geo_point_2d": { "lon": 7.760156480731732, "lat": 48.57416153151445 },
        "nom_enseigne": "PENICHE MECANIQUE",
        "identifiant": "012082",
        "url_plan": "https:\/\/sig.strasbourg.eu\/datastrasbourg\/occupation_domaine_public\/terrasse\/2025\/plans\/001356.pdf",
        "superficie_autorisee": 144,
        "url_autorisation": "https:\/\/sig.strasbourg.eu\/datastrasbourg\/occupation_domaine_public\/terrasse\/2025\/autorisations\/A001356.pdf",
        "ville": "STRASBOURG",
        "adresse_etablissement": "PRESQU'ILE ANDRE MALRAUX"
      }
    },
    {
      "type": "Feature",
      "geometry": {
        "coordinates": [
          [
            [7.7409194916, 48.5836326753],
            [7.7409114793, 48.5836293085],
            [7.7409375672, 48.5836019516],
            [7.7409740517, 48.5836172648],
            [7.7409479639, 48.5836446218],
            [7.7409194916, 48.5836326753]
          ]
        ],
        "type": "Polygon"
      },
      "properties": {
        "geo_point_2d": {
          "lon": 7.7409427646878175,
          "lat": 48.583623287306104
        },
        "nom_enseigne": "SAIKO CHICKEN",
        "identifiant": "001467",
        "url_plan": "https:\/\/sig.strasbourg.eu\/datastrasbourg\/occupation_domaine_public\/terrasse\/2025\/plans\/001360.pdf",
        "superficie_autorisee": 11,
        "url_autorisation": "https:\/\/sig.strasbourg.eu\/datastrasbourg\/occupation_domaine_public\/terrasse\/2025\/autorisations\/A001360.pdf",
        "ville": "STRASBOURG",
        "adresse_etablissement": "8 RUE DU VIEUX MARCHE AUX VINS"
      }
    },
    {
      "type": "Feature",
      "geometry": {
        "coordinates": [
          [
            [7.7431783358, 48.5821515412],
            [7.7431504617, 48.582161091],
            [7.7431123633, 48.5821147577],
            [7.7431397331, 48.5821047801],
            [7.7431783358, 48.5821515412]
          ]
        ],
        "type": "Polygon"
      },
      "properties": {
        "geo_point_2d": { "lon": 7.7431452602907385, "lat": 48.58213305080828 },
        "nom_enseigne": "BUN TASTIC",
        "identifiant": "011699",
        "url_plan": "https:\/\/sig.strasbourg.eu\/datastrasbourg\/occupation_domaine_public\/terrasse\/2025\/plans\/001362.pdf",
        "superficie_autorisee": 14,
        "url_autorisation": "https:\/\/sig.strasbourg.eu\/datastrasbourg\/occupation_domaine_public\/terrasse\/2025\/autorisations\/A001362.pdf",
        "ville": "STRASBOURG",
        "adresse_etablissement": "51 B RUE DU FOSSE DES TANNEURS"
      }
    },
    {
      "type": "Feature",
      "geometry": {
        "coordinates": [
          [
            [7.7481668167, 48.5798258113],
            [7.7481690247, 48.5798226846],
            [7.7482302691, 48.5798423733],
            [7.7482241566, 48.5798507151],
            [7.7481628115, 48.5798315164],
            [7.7481668167, 48.5798258113]
          ]
        ],
        "type": "Polygon"
      },
      "properties": {
        "geo_point_2d": { "lon": 7.74819631256698, "lat": 48.57983673916366 },
        "nom_enseigne": "JAUNE CITRON",
        "identifiant": "001739",
        "url_plan": "https:\/\/sig.strasbourg.eu\/datastrasbourg\/occupation_domaine_public\/terrasse\/2025\/plans\/001373.pdf",
        "superficie_autorisee": 5,
        "url_autorisation": "https:\/\/sig.strasbourg.eu\/datastrasbourg\/occupation_domaine_public\/terrasse\/2025\/autorisations\/A001373.pdf",
        "ville": "STRASBOURG",
        "adresse_etablissement": "17 RUE DE L'AIL"
      }
    },
    {
      "type": "Feature",
      "geometry": {
        "coordinates": [
          [
            [7.7443357643, 48.5826665487],
            [7.7443442358, 48.5826285946],
            [7.7443916602, 48.5826329283],
            [7.744382794, 48.5826708393],
            [7.7443357643, 48.5826665487]
          ]
        ],
        "type": "Polygon"
      },
      "properties": {
        "geo_point_2d": { "lon": 7.744363618919031, "lat": 48.58264970113523 },
        "nom_enseigne": "CORNER'N STREET",
        "identifiant": "012116",
        "url_plan": "https:\/\/sig.strasbourg.eu\/datastrasbourg\/occupation_domaine_public\/terrasse\/2025\/plans\/001374.pdf",
        "superficie_autorisee": 15,
        "url_autorisation": "https:\/\/sig.strasbourg.eu\/datastrasbourg\/occupation_domaine_public\/terrasse\/2025\/autorisations\/A001374.pdf",
        "ville": "STRASBOURG",
        "adresse_etablissement": "33 RUE DU VINGT-DEUX NOVEMBRE"
      }
    },
    {
      "type": "Feature",
      "geometry": {
        "coordinates": [
          [
            [7.7530165911, 48.5756243878],
            [7.753028876, 48.5756282075],
            [7.7530032132, 48.5756605897],
            [7.7529912185, 48.5756564039],
            [7.7530165911, 48.5756243878]
          ]
        ],
        "type": "Polygon"
      },
      "properties": {
        "geo_point_2d": { "lon": 7.753009986212206, "lat": 48.575642401005965 },
        "nom_enseigne": "CIGKOFTEM ETOILE",
        "identifiant": "011580",
        "url_plan": "https:\/\/sig.strasbourg.eu\/datastrasbourg\/occupation_domaine_public\/terrasse\/2025\/plans\/001378.pdf",
        "superficie_autorisee": 4,
        "url_autorisation": "https:\/\/sig.strasbourg.eu\/datastrasbourg\/occupation_domaine_public\/terrasse\/2025\/autorisations\/A001378.pdf",
        "ville": "STRASBOURG",
        "adresse_etablissement": "38 RUE DE LA 1ERE ARMEE"
      }
    },
    {
      "type": "Feature",
      "geometry": {
        "coordinates": [
          [
            [7.7470273487, 48.5885877754],
            [7.7470481758, 48.588556819],
            [7.7470679815, 48.5885626836],
            [7.7470468562, 48.5885940834],
            [7.7470273487, 48.5885877754]
          ]
        ],
        "type": "Polygon"
      },
      "properties": {
        "geo_point_2d": { "lon": 7.747047613835685, "lat": 48.58857534757497 },
        "nom_enseigne": "WOK & POKE BOWL",
        "identifiant": "011280",
        "url_plan": "https:\/\/sig.strasbourg.eu\/datastrasbourg\/occupation_domaine_public\/terrasse\/2025\/plans\/001383.pdf",
        "superficie_autorisee": 6,
        "url_autorisation": "https:\/\/sig.strasbourg.eu\/datastrasbourg\/occupation_domaine_public\/terrasse\/2025\/autorisations\/A001383.pdf",
        "ville": "STRASBOURG",
        "adresse_etablissement": "10 RUE GRAUMANN"
      }
    },
    {
      "type": "Feature",
      "geometry": {
        "coordinates": [
          [
            [7.7496678376, 48.5822017769],
            [7.7495687832, 48.5821545387],
            [7.7495796333, 48.5821431308],
            [7.749679336, 48.5821906452],
            [7.7496678376, 48.5822017769]
          ]
        ],
        "type": "Polygon"
      },
      "properties": {
        "geo_point_2d": { "lon": 7.749623919789512, "lat": 48.58217252479946 },
        "nom_enseigne": "HAAGEN DAZS",
        "identifiant": "012125",
        "url_plan": "https:\/\/sig.strasbourg.eu\/datastrasbourg\/occupation_domaine_public\/terrasse\/2025\/plans\/001384.pdf",
        "superficie_autorisee": 14,
        "url_autorisation": "https:\/\/sig.strasbourg.eu\/datastrasbourg\/occupation_domaine_public\/terrasse\/2025\/autorisations\/A001384.pdf",
        "ville": "STRASBOURG",
        "adresse_etablissement": "17 RUE DES HALLEBARDES"
      }
    },
    {
      "type": "Feature",
      "geometry": {
        "coordinates": [
          [
            [7.7441462898, 48.5814591618],
            [7.7442047343, 48.581441029],
            [7.7442048953, 48.5814410717],
            [7.7442049606, 48.5814411653],
            [7.7442187669, 48.5814609573],
            [7.7441605216, 48.581479236],
            [7.7441462898, 48.5814591618]
          ]
        ],
        "type": "Polygon"
      },
      "properties": {
        "geo_point_2d": { "lon": 7.744182559767732, "lat": 48.58146009533842 },
        "nom_enseigne": "CAFES DU MONDE",
        "identifiant": "012127",
        "url_plan": "https:\/\/sig.strasbourg.eu\/datastrasbourg\/occupation_domaine_public\/terrasse\/2025\/plans\/001385.pdf",
        "superficie_autorisee": 12,
        "url_autorisation": "https:\/\/sig.strasbourg.eu\/datastrasbourg\/occupation_domaine_public\/terrasse\/2025\/autorisations\/A001385.pdf",
        "ville": "STRASBOURG",
        "adresse_etablissement": "116 GRAND'RUE"
      }
    },
    {
      "type": "Feature",
      "geometry": {
        "coordinates": [
          [
            [7.7573078832, 48.579453853],
            [7.7572623939, 48.5794580691],
            [7.7572448978, 48.5794443231],
            [7.7572411721, 48.579435634],
            [7.7572952749, 48.5794254205],
            [7.7573078832, 48.579453853]
          ]
        ],
        "type": "Polygon"
      },
      "properties": {
        "geo_point_2d": { "lon": 7.757276096508231, "lat": 48.579442770067985 },
        "nom_enseigne": "BELLES RENCONTRES",
        "identifiant": "012162",
        "url_plan": "https:\/\/sig.strasbourg.eu\/datastrasbourg\/occupation_domaine_public\/terrasse\/2025\/plans\/001403.pdf",
        "superficie_autorisee": 12,
        "url_autorisation": "https:\/\/sig.strasbourg.eu\/datastrasbourg\/occupation_domaine_public\/terrasse\/2025\/autorisations\/A001403.pdf",
        "ville": "STRASBOURG",
        "adresse_etablissement": "6 RUE DU RENARD-PRECHANT"
      }
    },
    {
      "type": "Feature",
      "geometry": {
        "coordinates": [
          [
            [7.7580215869, 48.5831256855],
            [7.7580731519, 48.5831730911],
            [7.7580555179, 48.5831814727],
            [7.7580040121, 48.5831341187],
            [7.7580215869, 48.5831256855]
          ]
        ],
        "type": "Polygon"
      },
      "properties": {
        "geo_point_2d": { "lon": 7.758038569321197, "lat": 48.583153591676464 },
        "nom_enseigne": "AU BISTROT DU QUAI",
        "identifiant": "000848",
        "url_plan": "https:\/\/sig.strasbourg.eu\/datastrasbourg\/occupation_domaine_public\/terrasse\/2025\/plans\/001410.pdf",
        "superficie_autorisee": 10,
        "url_autorisation": "https:\/\/sig.strasbourg.eu\/datastrasbourg\/occupation_domaine_public\/terrasse\/2025\/autorisations\/A001410.pdf",
        "ville": "STRASBOURG",
        "adresse_etablissement": "11 QUAI DES PECHEURS"
      }
    },
    {
      "type": "Feature",
      "geometry": {
        "coordinates": [
          [
            [7.7436050939, 48.5841795453],
            [7.7436538578, 48.584187318],
            [7.7436475252, 48.5842048064],
            [7.7435987613, 48.5841970336],
            [7.7436050939, 48.5841795453]
          ]
        ],
        "type": "Polygon"
      },
      "properties": {
        "geo_point_2d": { "lon": 7.7436263095716, "lat": 48.584192175829536 },
        "nom_enseigne": "MIN BUBBLE TEA",
        "identifiant": "011536",
        "url_plan": "https:\/\/sig.strasbourg.eu\/datastrasbourg\/occupation_domaine_public\/terrasse\/2025\/plans\/001412.pdf",
        "superficie_autorisee": 7,
        "url_autorisation": "https:\/\/sig.strasbourg.eu\/datastrasbourg\/occupation_domaine_public\/terrasse\/2025\/autorisations\/A001412.pdf",
        "ville": "STRASBOURG",
        "adresse_etablissement": "46 A RUE DU VIEUX MARCHE AUX VINS"
      }
    },
    {
      "type": "Feature",
      "geometry": {
        "coordinates": [
          [
            [7.7550421152, 48.5831392154],
            [7.7550794848, 48.5831498508],
            [7.7550524355, 48.5831910789],
            [7.7550150403, 48.5831804771],
            [7.7550421152, 48.5831392154]
          ]
        ],
        "type": "Polygon"
      },
      "properties": {
        "geo_point_2d": { "lon": 7.755047266167225, "lat": 48.583165155086306 },
        "nom_enseigne": "WAKE UP",
        "identifiant": "011068",
        "url_plan": "https:\/\/sig.strasbourg.eu\/datastrasbourg\/occupation_domaine_public\/terrasse\/2025\/plans\/001415.pdf",
        "superficie_autorisee": 15,
        "url_autorisation": "https:\/\/sig.strasbourg.eu\/datastrasbourg\/occupation_domaine_public\/terrasse\/2025\/autorisations\/A001415.pdf",
        "ville": "STRASBOURG",
        "adresse_etablissement": "13 PCE SAINT-ETIENNE"
      }
    },
    {
      "type": "Feature",
      "geometry": {
        "coordinates": [
          [
            [7.7500611239, 48.5856347852],
            [7.7501260197, 48.5855764361],
            [7.7501391081, 48.5855828435],
            [7.7500736112, 48.585641733],
            [7.7500611239, 48.5856347852]
          ]
        ],
        "type": "Polygon"
      },
      "properties": {
        "geo_point_2d": { "lon": 7.750099975567592, "lat": 48.585608954563874 },
        "nom_enseigne": "CAOUETTE",
        "identifiant": "011534",
        "url_plan": "https:\/\/sig.strasbourg.eu\/datastrasbourg\/occupation_domaine_public\/terrasse\/2025\/plans\/001427.pdf",
        "superficie_autorisee": 10,
        "url_autorisation": "https:\/\/sig.strasbourg.eu\/datastrasbourg\/occupation_domaine_public\/terrasse\/2025\/autorisations\/A001427.pdf",
        "ville": "STRASBOURG",
        "adresse_etablissement": "18 RUE DE LA FONDERIE"
      }
    },
    {
      "type": "Feature",
      "geometry": {
        "coordinates": [
          [
            [7.7539764785, 48.5847106635],
            [7.753920867, 48.5846625228],
            [7.7539530486, 48.5846460309],
            [7.7540091888, 48.5846942326],
            [7.7539764785, 48.5847106635]
          ]
        ],
        "type": "Polygon"
      },
      "properties": {
        "geo_point_2d": { "lon": 7.753964948730719, "lat": 48.58467839221515 },
        "nom_enseigne": "BOUTIQUE MOKXA STRASBOURG",
        "identifiant": "012190",
        "url_plan": "https:\/\/sig.strasbourg.eu\/datastrasbourg\/occupation_domaine_public\/terrasse\/2025\/plans\/001432.pdf",
        "superficie_autorisee": 20,
        "url_autorisation": "https:\/\/sig.strasbourg.eu\/datastrasbourg\/occupation_domaine_public\/terrasse\/2025\/autorisations\/A001432.pdf",
        "ville": "STRASBOURG",
        "adresse_etablissement": "9 RUE DU PARCHEMIN"
      }
    },
    {
      "type": "Feature",
      "geometry": {
        "coordinates": [
          [
            [7.7514908432, 48.5844491],
            [7.7515015377, 48.5844546159],
            [7.7514029872, 48.5845386926],
            [7.7513922879, 48.5845331715],
            [7.7514908432, 48.5844491]
          ]
        ],
        "type": "Polygon"
      },
      "properties": {
        "geo_point_2d": { "lon": 7.7514469088051765, "lat": 48.58449389945627 },
        "nom_enseigne": "LA PETITE MAIRIE",
        "identifiant": "001079",
        "url_plan": "https:\/\/sig.strasbourg.eu\/datastrasbourg\/occupation_domaine_public\/terrasse\/2025\/plans\/001434.pdf",
        "superficie_autorisee": 12,
        "url_autorisation": "https:\/\/sig.strasbourg.eu\/datastrasbourg\/occupation_domaine_public\/terrasse\/2025\/autorisations\/A001434.pdf",
        "ville": "STRASBOURG",
        "adresse_etablissement": "8 RUE BRULEE"
      }
    },
    {
      "type": "Feature",
      "geometry": {
        "coordinates": [
          [
            [7.7613864275, 48.5813739161],
            [7.761298396, 48.581340858],
            [7.7613101107, 48.5813295529],
            [7.7614058239, 48.5813511847],
            [7.7613864275, 48.5813739161]
          ]
        ],
        "type": "Polygon"
      },
      "properties": {
        "geo_point_2d": { "lon": 7.761355008461975, "lat": 48.581350354880406 },
        "nom_enseigne": "RIVA",
        "identifiant": "000712",
        "url_plan": "https:\/\/sig.strasbourg.eu\/datastrasbourg\/occupation_domaine_public\/terrasse\/2025\/plans\/001443.pdf",
        "superficie_autorisee": 16,
        "url_autorisation": "https:\/\/sig.strasbourg.eu\/datastrasbourg\/occupation_domaine_public\/terrasse\/2025\/autorisations\/A001443.pdf",
        "ville": "STRASBOURG",
        "adresse_etablissement": "3 RUE DES PLANCHES"
      }
    },
    {
      "type": "Feature",
      "geometry": {
        "coordinates": [
          [
            [7.7458974359, 48.5825760318],
            [7.7459228029, 48.5825909422],
            [7.7458509029, 48.5826447892],
            [7.7458255359, 48.5826298788],
            [7.7458974359, 48.5825760318]
          ]
        ],
        "type": "Polygon"
      },
      "properties": {
        "geo_point_2d": { "lon": 7.745874169399998, "lat": 48.5826104105 },
        "nom_enseigne": "BARDU",
        "identifiant": "001340",
        "url_plan": "https:\/\/sig.strasbourg.eu\/datastrasbourg\/occupation_domaine_public\/terrasse\/2025\/plans\/001452.pdf",
        "superficie_autorisee": 20,
        "url_autorisation": "https:\/\/sig.strasbourg.eu\/datastrasbourg\/occupation_domaine_public\/terrasse\/2025\/autorisations\/A001452.pdf",
        "ville": "STRASBOURG",
        "adresse_etablissement": "3 RUE DES FRANCS BOURGEOIS"
      }
    },
    {
      "type": "Feature",
      "geometry": {
        "coordinates": [
          [
            [7.7532286585, 48.5839031786],
            [7.7532081151, 48.5839149263],
            [7.7531534049, 48.583875427],
            [7.753173425, 48.5838633006],
            [7.7532286585, 48.5839031786]
          ]
        ],
        "type": "Polygon"
      },
      "properties": {
        "geo_point_2d": { "lon": 7.753190916832115, "lat": 48.58388919853287 },
        "nom_enseigne": "\u00d4 30",
        "identifiant": "011895",
        "url_plan": "https:\/\/sig.strasbourg.eu\/datastrasbourg\/occupation_domaine_public\/terrasse\/2025\/plans\/001454.pdf",
        "superficie_autorisee": 12,
        "url_autorisation": "https:\/\/sig.strasbourg.eu\/datastrasbourg\/occupation_domaine_public\/terrasse\/2025\/autorisations\/A001454.pdf",
        "ville": "STRASBOURG",
        "adresse_etablissement": "30 RUE DES JUIFS"
      }
    },
    {
      "type": "Feature",
      "geometry": {
        "coordinates": [
          [
            [7.7543983764, 48.5787830955],
            [7.7543844386, 48.5787929157],
            [7.7543285949, 48.5787580187],
            [7.7543425327, 48.5787481986],
            [7.7543983764, 48.5787830955]
          ]
        ],
        "type": "Polygon"
      },
      "properties": {
        "geo_point_2d": { "lon": 7.75436348567355, "lat": 48.5787705571418 },
        "nom_enseigne": "BACHUE",
        "identifiant": "011277",
        "url_plan": "https:\/\/sig.strasbourg.eu\/datastrasbourg\/occupation_domaine_public\/terrasse\/2025\/plans\/001465.pdf",
        "superficie_autorisee": 8,
        "url_autorisation": "https:\/\/sig.strasbourg.eu\/datastrasbourg\/occupation_domaine_public\/terrasse\/2025\/autorisations\/A001465.pdf",
        "ville": "STRASBOURG",
        "adresse_etablissement": "6 PCE DES ORPHELINS"
      }
    },
    {
      "type": "Feature",
      "geometry": {
        "coordinates": [
          [
            [7.7528508331, 48.5815637563],
            [7.7528837407, 48.5815254131],
            [7.7529514257, 48.5815501308],
            [7.7529110164, 48.5815971697],
            [7.7528995111, 48.5815930457],
            [7.7529065997, 48.5815848716],
            [7.7528508331, 48.5815637563]
          ]
        ],
        "type": "Polygon"
      },
      "properties": {
        "geo_point_2d": { "lon": 7.752901338389072, "lat": 48.58155830794364 },
        "nom_enseigne": "BISTROT & CHOCOLAT",
        "identifiant": "000777",
        "url_plan": "https:\/\/sig.strasbourg.eu\/datastrasbourg\/occupation_domaine_public\/terrasse\/2025\/plans\/001471.pdf",
        "superficie_autorisee": 29,
        "url_autorisation": "https:\/\/sig.strasbourg.eu\/datastrasbourg\/occupation_domaine_public\/terrasse\/2025\/autorisations\/A001471.pdf",
        "ville": "STRASBOURG",
        "adresse_etablissement": "8 RUE DE LA RAPE"
      }
    },
    {
      "type": "Feature",
      "geometry": {
        "coordinates": [
          [
            [7.7607351957, 48.5793299879],
            [7.7607028992, 48.5793444214],
            [7.7606740542, 48.5793205766],
            [7.7607048675, 48.5793050866],
            [7.7607351957, 48.5793299879]
          ]
        ],
        "type": "Polygon"
      },
      "properties": {
        "geo_point_2d": { "lon": 7.760704384604314, "lat": 48.57932496918904 },
        "nom_enseigne": "L'OLIVIER",
        "identifiant": "012355",
        "url_plan": "https:\/\/sig.strasbourg.eu\/datastrasbourg\/occupation_domaine_public\/terrasse\/2025\/plans\/001490.pdf",
        "superficie_autorisee": 10,
        "url_autorisation": "https:\/\/sig.strasbourg.eu\/datastrasbourg\/occupation_domaine_public\/terrasse\/2025\/autorisations\/A001490.pdf",
        "ville": "STRASBOURG",
        "adresse_etablissement": "14 RUE DE L'ABREUVOIR"
      }
    },
    {
      "type": "Feature",
      "geometry": {
        "coordinates": [
          [
            [7.7409295743, 48.5823052997],
            [7.7410044909, 48.5822869961],
            [7.7410161998, 48.5823080937],
            [7.7409406235, 48.5823265584],
            [7.7409295743, 48.5823052997]
          ]
        ],
        "type": "Polygon"
      },
      "properties": {
        "geo_point_2d": { "lon": 7.74097273045831, "lat": 48.58230675244194 },
        "nom_enseigne": "FEDERATION FRANCAISE DE L'APERITIF",
        "identifiant": "012370",
        "url_plan": "https:\/\/sig.strasbourg.eu\/datastrasbourg\/occupation_domaine_public\/terrasse\/2025\/plans\/001495.pdf",
        "superficie_autorisee": 15,
        "url_autorisation": "https:\/\/sig.strasbourg.eu\/datastrasbourg\/occupation_domaine_public\/terrasse\/2025\/autorisations\/A001495.pdf",
        "ville": "STRASBOURG",
        "adresse_etablissement": "44 GRAND'RUE"
      }
    },
    {
      "type": "Feature",
      "geometry": {
        "coordinates": [
          [
            [7.7583300235, 48.5834264029],
            [7.7583786892, 48.5834744588],
            [7.7583466824, 48.58348716],
            [7.7583013259, 48.5834383286],
            [7.7583300235, 48.5834264029]
          ]
        ],
        "type": "Polygon"
      },
      "properties": {
        "geo_point_2d": { "lon": 7.758339577656346, "lat": 48.58345696658518 },
        "nom_enseigne": "DAMPF&NUDDLE",
        "identifiant": "000992",
        "url_plan": "https:\/\/sig.strasbourg.eu\/datastrasbourg\/occupation_domaine_public\/terrasse\/2025\/plans\/001503.pdf",
        "superficie_autorisee": 17,
        "url_autorisation": "https:\/\/sig.strasbourg.eu\/datastrasbourg\/occupation_domaine_public\/terrasse\/2025\/autorisations\/A001503.pdf",
        "ville": "STRASBOURG",
        "adresse_etablissement": "16 QUAI DES PECHEURS"
      }
    },
    {
      "type": "Feature",
      "geometry": {
        "coordinates": [
          [
            [7.7485647116, 48.5797667235],
            [7.7485826211, 48.5797731146],
            [7.7485152826, 48.579861021],
            [7.7484971594, 48.5798549088],
            [7.7485647116, 48.5797667235]
          ]
        ],
        "type": "Polygon"
      },
      "properties": {
        "geo_point_2d": { "lon": 7.748539938905234, "lat": 48.57981394034251 },
        "nom_enseigne": "LES GRANGES",
        "identifiant": "011796",
        "url_plan": "https:\/\/sig.strasbourg.eu\/datastrasbourg\/occupation_domaine_public\/terrasse\/2025\/plans\/001505.pdf",
        "superficie_autorisee": 16,
        "url_autorisation": "https:\/\/sig.strasbourg.eu\/datastrasbourg\/occupation_domaine_public\/terrasse\/2025\/autorisations\/A001505.pdf",
        "ville": "STRASBOURG",
        "adresse_etablissement": "26 RUE DE L'AIL"
      }
    },
    {
      "type": "Feature",
      "geometry": {
        "coordinates": [
          [
            [7.707428149, 48.5784095316],
            [7.7074326788, 48.5783982337],
            [7.7075341832, 48.5784161525],
            [7.7075287743, 48.5784272954],
            [7.707428149, 48.5784095316]
          ]
        ],
        "type": "Polygon"
      },
      "properties": {
        "geo_point_2d": { "lon": 7.707480950059284, "lat": 48.57841279519084 },
        "nom_enseigne": "DOY DOY KOENIGSHOFFEN",
        "identifiant": "000414",
        "url_plan": "https:\/\/sig.strasbourg.eu\/datastrasbourg\/occupation_domaine_public\/terrasse\/2025\/plans\/001508.pdf",
        "superficie_autorisee": 10,
        "url_autorisation": "https:\/\/sig.strasbourg.eu\/datastrasbourg\/occupation_domaine_public\/terrasse\/2025\/autorisations\/A001508.pdf",
        "ville": "STRASBOURG",
        "adresse_etablissement": "126 RTE DES ROMAINS"
      }
    },
    {
      "type": "Feature",
      "geometry": {
        "coordinates": [
          [
            [7.7526716258, 48.5916843343],
            [7.7527543394, 48.5916937034],
            [7.7527513942, 48.5917052577],
            [7.7526632512, 48.5916952789],
            [7.7526663027, 48.591683471],
            [7.7526716258, 48.5916843343]
          ]
        ],
        "type": "Polygon"
      },
      "properties": {
        "geo_point_2d": { "lon": 7.752708774893279, "lat": 48.59169448392428 },
        "nom_enseigne": "EMPIRE STEAK BUILDING",
        "identifiant": "010901",
        "url_plan": "https:\/\/sig.strasbourg.eu\/datastrasbourg\/occupation_domaine_public\/terrasse\/2025\/plans\/001509.pdf",
        "superficie_autorisee": 9,
        "url_autorisation": "https:\/\/sig.strasbourg.eu\/datastrasbourg\/occupation_domaine_public\/terrasse\/2025\/autorisations\/A001509.pdf",
        "ville": "STRASBOURG",
        "adresse_etablissement": "68 BD CLEMENCEAU"
      }
    },
    {
      "type": "Feature",
      "geometry": {
        "coordinates": [
          [
            [7.7540628784, 48.5848602274],
            [7.7541847687, 48.5849354422],
            [7.7541674414, 48.5849474236],
            [7.7540456681, 48.5848720058],
            [7.7540628784, 48.5848602274]
          ]
        ],
        "type": "Polygon"
      },
      "properties": {
        "geo_point_2d": { "lon": 7.754115311973163, "lat": 48.58490385212625 },
        "nom_enseigne": "CHEZ ROMAIN",
        "identifiant": "000018",
        "url_plan": "https:\/\/sig.strasbourg.eu\/datastrasbourg\/occupation_domaine_public\/terrasse\/2025\/plans\/001515.pdf",
        "superficie_autorisee": 23,
        "url_autorisation": "https:\/\/sig.strasbourg.eu\/datastrasbourg\/occupation_domaine_public\/terrasse\/2025\/autorisations\/A001515.pdf",
        "ville": "STRASBOURG",
        "adresse_etablissement": "3 RUE DES RECOLLETS"
      }
    },
    {
      "type": "Feature",
      "geometry": {
        "coordinates": [
          [
            [7.7594789445, 48.5786871296],
            [7.7595174526, 48.5786687463],
            [7.7595316986, 48.5786818844],
            [7.7594448412, 48.5787233526],
            [7.7594305065, 48.578710137],
            [7.7594789445, 48.5786871296]
          ]
        ],
        "type": "Polygon"
      },
      "properties": {
        "geo_point_2d": { "lon": 7.759481088317821, "lat": 48.57869606025119 },
        "nom_enseigne": "SNACK VOLKAN",
        "identifiant": "001510",
        "url_plan": "https:\/\/sig.strasbourg.eu\/datastrasbourg\/occupation_domaine_public\/terrasse\/2025\/plans\/001522.pdf",
        "superficie_autorisee": 14,
        "url_autorisation": "https:\/\/sig.strasbourg.eu\/datastrasbourg\/occupation_domaine_public\/terrasse\/2025\/autorisations\/A001522.pdf",
        "ville": "STRASBOURG",
        "adresse_etablissement": "67 RUE DE ZURICH"
      }
    },
    {
      "type": "Feature",
      "geometry": {
        "coordinates": [
          [
            [
              [7.7447029707, 48.5901380262],
              [7.7445927861, 48.5901121392],
              [7.7445973704, 48.5901035401],
              [7.7447073705, 48.5901295201],
              [7.7447029707, 48.5901380262]
            ]
          ],
          [
            [
              [7.7446159639, 48.5901373803],
              [7.7446191118, 48.590131507],
              [7.7446966478, 48.5901499204],
              [7.7446866917, 48.5901694989],
              [7.7446498277, 48.5901855089],
              [7.7446412701, 48.590184133],
              [7.7446159639, 48.5901373803]
            ]
          ]
        ],
        "type": "MultiPolygon"
      },
      "properties": {
        "geo_point_2d": { "lon": 7.744653073347867, "lat": 48.59014662989203 },
        "nom_enseigne": "SOCIAL BAR STRASBOURG",
        "identifiant": "011575",
        "url_plan": "https:\/\/sig.strasbourg.eu\/datastrasbourg\/occupation_domaine_public\/terrasse\/2025\/plans\/001527.pdf",
        "superficie_autorisee": 29,
        "url_autorisation": "https:\/\/sig.strasbourg.eu\/datastrasbourg\/occupation_domaine_public\/terrasse\/2025\/autorisations\/A001527.pdf",
        "ville": "STRASBOURG",
        "adresse_etablissement": "69 RUE DU FAUBOURG-DE-PIERRE"
      }
    },
    {
      "type": "Feature",
      "geometry": {
        "coordinates": [
          [
            [7.7518921077, 48.578776983],
            [7.7518725195, 48.5787633239],
            [7.7518781613, 48.5787598771],
            [7.7518918736, 48.5787525662],
            [7.7519649956, 48.5787070172],
            [7.7519838627, 48.5787199309],
            [7.7518921077, 48.578776983]
          ]
        ],
        "type": "Polygon"
      },
      "properties": {
        "geo_point_2d": { "lon": 7.75192832975379, "lat": 48.578742083966205 },
        "nom_enseigne": "CHILI THAI LANA",
        "identifiant": "011569",
        "url_plan": "https:\/\/sig.strasbourg.eu\/datastrasbourg\/occupation_domaine_public\/terrasse\/2025\/plans\/001529.pdf",
        "superficie_autorisee": 19,
        "url_autorisation": "https:\/\/sig.strasbourg.eu\/datastrasbourg\/occupation_domaine_public\/terrasse\/2025\/autorisations\/A001529.pdf",
        "ville": "STRASBOURG",
        "adresse_etablissement": "8 RUE D'AUSTERLITZ"
      }
    },
    {
      "type": "Feature",
      "geometry": {
        "coordinates": [
          [
            [7.7592505813, 48.5788096452],
            [7.7592704722, 48.5788218671],
            [7.759195538, 48.5788755955],
            [7.7591749375, 48.5788645019],
            [7.7592505813, 48.5788096452]
          ]
        ],
        "type": "Polygon"
      },
      "properties": {
        "geo_point_2d": { "lon": 7.759223003026918, "lat": 48.57884278088998 },
        "nom_enseigne": "LE SPOT",
        "identifiant": "000079",
        "url_plan": "https:\/\/sig.strasbourg.eu\/datastrasbourg\/occupation_domaine_public\/terrasse\/2025\/plans\/001533.pdf",
        "superficie_autorisee": 16,
        "url_autorisation": "https:\/\/sig.strasbourg.eu\/datastrasbourg\/occupation_domaine_public\/terrasse\/2025\/autorisations\/A001533.pdf",
        "ville": "STRASBOURG",
        "adresse_etablissement": "65 RUE DE ZURICH"
      }
    },
    {
      "type": "Feature",
      "geometry": {
        "coordinates": [
          [
            [7.7477085841, 48.5889915619],
            [7.7477306009, 48.5889586889],
            [7.747749182, 48.588964174],
            [7.7477271426, 48.5889970323],
            [7.7477085841, 48.5889915619]
          ]
        ],
        "type": "Polygon"
      },
      "properties": {
        "geo_point_2d": { "lon": 7.747728879762653, "lat": 48.588977860185594 },
        "nom_enseigne": "CHEZ VICTOR",
        "identifiant": "011931",
        "url_plan": "https:\/\/sig.strasbourg.eu\/datastrasbourg\/occupation_domaine_public\/terrasse\/2025\/plans\/001535.pdf",
        "superficie_autorisee": 6,
        "url_autorisation": "https:\/\/sig.strasbourg.eu\/datastrasbourg\/occupation_domaine_public\/terrasse\/2025\/autorisations\/A001535.pdf",
        "ville": "STRASBOURG",
        "adresse_etablissement": "17 RUE GRAUMANN"
      }
    },
    {
      "type": "Feature",
      "geometry": {
        "coordinates": [
          [
            [7.7526328397, 48.5783157718],
            [7.7526546671, 48.5783329712],
            [7.7525721403, 48.5783776134],
            [7.7525507313, 48.5783601877],
            [7.7526328397, 48.5783157718]
          ]
        ],
        "type": "Polygon"
      },
      "properties": {
        "geo_point_2d": { "lon": 7.752602603763301, "lat": 48.578346643353704 },
        "nom_enseigne": "ITALIAN TRATTORIA",
        "identifiant": "013318",
        "url_plan": "https:\/\/sig.strasbourg.eu\/datastrasbourg\/occupation_domaine_public\/terrasse\/2025\/plans\/001562.pdf",
        "superficie_autorisee": 20,
        "url_autorisation": "https:\/\/sig.strasbourg.eu\/datastrasbourg\/occupation_domaine_public\/terrasse\/2025\/autorisations\/A001562.pdf",
        "ville": "STRASBOURG",
        "adresse_etablissement": "20 RUE D'AUSTERLITZ"
      }
    },
    {
      "type": "Feature",
      "geometry": {
        "coordinates": [
          [
            [7.7457105909, 48.5815942165],
            [7.7457076333, 48.5816404267],
            [7.7456665432, 48.5816398063],
            [7.745669426, 48.5815918603],
            [7.7457105909, 48.5815942165]
          ]
        ],
        "type": "Polygon"
      },
      "properties": {
        "geo_point_2d": { "lon": 7.745688423540418, "lat": 48.581616555527575 },
        "nom_enseigne": "DUDE CAFE",
        "identifiant": "001612",
        "url_plan": "https:\/\/sig.strasbourg.eu\/datastrasbourg\/occupation_domaine_public\/terrasse\/2025\/plans\/001570.pdf",
        "superficie_autorisee": 16,
        "url_autorisation": "https:\/\/sig.strasbourg.eu\/datastrasbourg\/occupation_domaine_public\/terrasse\/2025\/autorisations\/A001570.pdf",
        "ville": "STRASBOURG",
        "adresse_etablissement": "15 RUE SAINTE-BARBE"
      }
    },
    {
      "type": "Feature",
      "geometry": {
        "coordinates": [
          [
            [7.7412657632, 48.5828964921],
            [7.7412667017, 48.5828695247],
            [7.7413345293, 48.5828705607],
            [7.7413335935, 48.5828975312],
            [7.7412657632, 48.5828964921]
          ]
        ],
        "type": "Polygon"
      },
      "properties": {
        "geo_point_2d": { "lon": 7.7413001475625, "lat": 48.58288352727778 },
        "nom_enseigne": "MIRINE",
        "identifiant": "011233",
        "url_plan": "https:\/\/sig.strasbourg.eu\/datastrasbourg\/occupation_domaine_public\/terrasse\/2025\/plans\/001575.pdf",
        "superficie_autorisee": 15,
        "url_autorisation": "https:\/\/sig.strasbourg.eu\/datastrasbourg\/occupation_domaine_public\/terrasse\/2025\/autorisations\/A001575.pdf",
        "ville": "STRASBOURG",
        "adresse_etablissement": "3 RUE DU VINGT-DEUX NOVEMBRE"
      }
    },
    {
      "type": "Feature",
      "geometry": {
        "coordinates": [
          [
            [7.7577440479, 48.5832001754],
            [7.7576919517, 48.5832244941],
            [7.7575191962, 48.5830621499],
            [7.7575811692, 48.5830330654],
            [7.7577440479, 48.5832001754]
          ]
        ],
        "type": "Polygon"
      },
      "properties": {
        "geo_point_2d": { "lon": 7.757631648263515, "lat": 48.58312756917915 },
        "nom_enseigne": "CAFE ATLANTICO",
        "identifiant": "001580",
        "url_plan": "https:\/\/sig.strasbourg.eu\/datastrasbourg\/occupation_domaine_public\/terrasse\/2025\/plans\/001578.pdf",
        "superficie_autorisee": 114,
        "url_autorisation": "https:\/\/sig.strasbourg.eu\/datastrasbourg\/occupation_domaine_public\/terrasse\/2025\/autorisations\/A001578.pdf",
        "ville": "STRASBOURG",
        "adresse_etablissement": "2 QUAI DES PECHEURS"
      }
    },
    {
      "type": "Feature",
      "geometry": {
        "coordinates": [
          [
            [7.7607004779, 48.5644962016],
            [7.7606723019, 48.5644837225],
            [7.7607278338, 48.5644292321],
            [7.7607551725, 48.5644428228],
            [7.7607004779, 48.5644962016]
          ]
        ],
        "type": "Polygon"
      },
      "properties": {
        "geo_point_2d": { "lon": 7.760713936300205, "lat": 48.564462941599515 },
        "nom_enseigne": "YUMITY",
        "identifiant": "013417",
        "url_plan": "https:\/\/sig.strasbourg.eu\/datastrasbourg\/occupation_domaine_public\/terrasse\/2025\/plans\/001593.pdf",
        "superficie_autorisee": 18,
        "url_autorisation": "https:\/\/sig.strasbourg.eu\/datastrasbourg\/occupation_domaine_public\/terrasse\/2025\/autorisations\/A001593.pdf",
        "ville": "STRASBOURG",
        "adresse_etablissement": "113 RTE DU POLYGONE"
      }
    },
    {
      "type": "Feature",
      "geometry": {
        "coordinates": [
          [
            [7.7571054349, 48.581403428],
            [7.7571189857, 48.5814032348],
            [7.7571196122, 48.5814273819],
            [7.7571060605, 48.5814275367],
            [7.7571054406, 48.5814036452],
            [7.7571054349, 48.581403428]
          ]
        ],
        "type": "Polygon"
      },
      "properties": {
        "geo_point_2d": { "lon": 7.757112525138016, "lat": 48.581415395321706 },
        "nom_enseigne": "ORIGANO",
        "identifiant": "013419",
        "url_plan": "https:\/\/sig.strasbourg.eu\/datastrasbourg\/occupation_domaine_public\/terrasse\/2025\/plans\/001594.pdf",
        "superficie_autorisee": 3,
        "url_autorisation": "https:\/\/sig.strasbourg.eu\/datastrasbourg\/occupation_domaine_public\/terrasse\/2025\/autorisations\/A001594.pdf",
        "ville": "STRASBOURG",
        "adresse_etablissement": "18 RUE DE LA KRUTENAU"
      }
    },
    {
      "type": "Feature",
      "geometry": {
        "coordinates": [
          [
            [7.7654611751, 48.5736639824],
            [7.7654341235, 48.5736650934],
            [7.7654257525, 48.5735753351],
            [7.765452804, 48.573574224],
            [7.7654611751, 48.5736639824]
          ]
        ],
        "type": "Polygon"
      },
      "properties": {
        "geo_point_2d": { "lon": 7.765443463779934, "lat": 48.57361965874988 },
        "nom_enseigne": "TAIKIN",
        "identifiant": "011763",
        "url_plan": "https:\/\/sig.strasbourg.eu\/datastrasbourg\/occupation_domaine_public\/terrasse\/2025\/plans\/001598.pdf",
        "superficie_autorisee": 20,
        "url_autorisation": "https:\/\/sig.strasbourg.eu\/datastrasbourg\/occupation_domaine_public\/terrasse\/2025\/autorisations\/A001598.pdf",
        "ville": "STRASBOURG",
        "adresse_etablissement": "55 PRESQU'ILE ANDRE MALRAUX"
      }
    },
    {
      "type": "Feature",
      "geometry": {
        "coordinates": [
          [
            [7.7429287791, 48.5848949315],
            [7.7429440294, 48.5848833058],
            [7.7429794854, 48.5848437754],
            [7.743001617, 48.5848525132],
            [7.742954482, 48.5849050646],
            [7.7429287791, 48.5848949315]
          ]
        ],
        "type": "Polygon"
      },
      "properties": {
        "geo_point_2d": { "lon": 7.742966356739711, "lat": 48.584874756715564 },
        "nom_enseigne": "CAFES DU MONDE",
        "identifiant": "001793",
        "url_plan": "https:\/\/sig.strasbourg.eu\/datastrasbourg\/occupation_domaine_public\/terrasse\/2025\/plans\/001601.pdf",
        "superficie_autorisee": 13,
        "url_autorisation": "https:\/\/sig.strasbourg.eu\/datastrasbourg\/occupation_domaine_public\/terrasse\/2025\/autorisations\/A001601.pdf",
        "ville": "STRASBOURG",
        "adresse_etablissement": "2 RUE DU MARCHE"
      }
    },
    {
      "type": "Feature",
      "geometry": {
        "coordinates": [
          [
            [7.7546073732, 48.5763073986],
            [7.7546733899, 48.5763460983],
            [7.7546624786, 48.5763542526],
            [7.7545962246, 48.5763158092],
            [7.7546073732, 48.5763073986]
          ]
        ],
        "type": "Polygon"
      },
      "properties": {
        "geo_point_2d": { "lon": 7.754634719563965, "lat": 48.576330802849434 },
        "nom_enseigne": "A TABLE !",
        "identifiant": "000646",
        "url_plan": "https:\/\/sig.strasbourg.eu\/datastrasbourg\/occupation_domaine_public\/terrasse\/2025\/plans\/001602.pdf",
        "superficie_autorisee": 8,
        "url_autorisation": "https:\/\/sig.strasbourg.eu\/datastrasbourg\/occupation_domaine_public\/terrasse\/2025\/autorisations\/A001602.pdf",
        "ville": "STRASBOURG",
        "adresse_etablissement": "15 RUE JACQUES PEIROTES"
      }
    },
    {
      "type": "Feature",
      "geometry": {
        "coordinates": [
          [
            [7.7622234657, 48.5631504748],
            [7.7621159126, 48.5631003537],
            [7.7621270987, 48.5630890847],
            [7.762235625, 48.5631397771],
            [7.7622234657, 48.5631504748]
          ]
        ],
        "type": "Polygon"
      },
      "properties": {
        "geo_point_2d": { "lon": 7.762175470761027, "lat": 48.56311988364781 },
        "nom_enseigne": "AUX TROIS CIGOGNES",
        "identifiant": "000051",
        "url_plan": "https:\/\/sig.strasbourg.eu\/datastrasbourg\/occupation_domaine_public\/terrasse\/2025\/plans\/001611.pdf",
        "superficie_autorisee": 15,
        "url_autorisation": "https:\/\/sig.strasbourg.eu\/datastrasbourg\/occupation_domaine_public\/terrasse\/2025\/autorisations\/A001611.pdf",
        "ville": "STRASBOURG",
        "adresse_etablissement": "137 RTE DU POLYGONE"
      }
    },
    {
      "type": "Feature",
      "geometry": {
        "coordinates": [
          [
            [7.7508571173, 48.5801426546],
            [7.7509328644, 48.5801742243],
            [7.75090369, 48.5802045303],
            [7.7508282834, 48.5801731178],
            [7.7508571173, 48.5801426546]
          ]
        ],
        "type": "Polygon"
      },
      "properties": {
        "geo_point_2d": { "lon": 7.750880497727, "lat": 48.58017361904494 },
        "nom_enseigne": "AUX QUATRE CIGOGNES",
        "identifiant": "000400",
        "url_plan": "https:\/\/sig.strasbourg.eu\/datastrasbourg\/occupation_domaine_public\/terrasse\/2025\/plans\/001618.pdf",
        "superficie_autorisee": 26,
        "url_autorisation": "https:\/\/sig.strasbourg.eu\/datastrasbourg\/occupation_domaine_public\/terrasse\/2025\/autorisations\/A001618.pdf",
        "ville": "STRASBOURG",
        "adresse_etablissement": "6 PCE DE LA GRANDE BOUCHERIE"
      }
    },
    {
      "type": "Feature",
      "geometry": {
        "coordinates": [
          [
            [7.7431840837, 48.5817219841],
            [7.7431970915, 48.581742745],
            [7.7431623298, 48.5817525863],
            [7.7431490317, 48.5817319076],
            [7.7431840837, 48.5817219841]
          ]
        ],
        "type": "Polygon"
      },
      "properties": {
        "geo_point_2d": { "lon": 7.743173125060957, "lat": 48.581737291389615 },
        "nom_enseigne": "PIKCUP",
        "identifiant": "013479",
        "url_plan": "https:\/\/sig.strasbourg.eu\/datastrasbourg\/occupation_domaine_public\/terrasse\/2025\/plans\/001620.pdf",
        "superficie_autorisee": 7,
        "url_autorisation": "https:\/\/sig.strasbourg.eu\/datastrasbourg\/occupation_domaine_public\/terrasse\/2025\/autorisations\/A001620.pdf",
        "ville": "STRASBOURG",
        "adresse_etablissement": "92 GRAND'RUE"
      }
    },
    {
      "type": "Feature",
      "geometry": {
        "coordinates": [
          [
            [7.7538688207, 48.5782981402],
            [7.7539269135, 48.5783430536],
            [7.7539186256, 48.5783478103],
            [7.7539492014, 48.578371331],
            [7.7539009675, 48.5783989382],
            [7.7538112433, 48.5783295704],
            [7.7538688207, 48.5782981402]
          ]
        ],
        "type": "Polygon"
      },
      "properties": {
        "geo_point_2d": { "lon": 7.753881735762692, "lat": 48.57834788899619 },
        "nom_enseigne": "ROUGE",
        "identifiant": "013490",
        "url_plan": "https:\/\/sig.strasbourg.eu\/datastrasbourg\/occupation_domaine_public\/terrasse\/2025\/plans\/001625.pdf",
        "superficie_autorisee": 53,
        "url_autorisation": "https:\/\/sig.strasbourg.eu\/datastrasbourg\/occupation_domaine_public\/terrasse\/2025\/autorisations\/A001625.pdf",
        "ville": "STRASBOURG",
        "adresse_etablissement": "2 PCE D'AUSTERLITZ"
      }
    },
    {
      "type": "Feature",
      "geometry": {
        "coordinates": [
          [
            [7.7551412179, 48.577409755],
            [7.7551118903, 48.5774271169],
            [7.755102868, 48.5774204063],
            [7.7551321956, 48.5774030444],
            [7.7551412179, 48.577409755]
          ]
        ],
        "type": "Polygon"
      },
      "properties": {
        "geo_point_2d": { "lon": 7.755122042949999, "lat": 48.57741508064999 },
        "nom_enseigne": "COOKERS",
        "identifiant": "013498",
        "url_plan": "https:\/\/sig.strasbourg.eu\/datastrasbourg\/occupation_domaine_public\/terrasse\/2025\/plans\/001628.pdf",
        "superficie_autorisee": 3,
        "url_autorisation": "https:\/\/sig.strasbourg.eu\/datastrasbourg\/occupation_domaine_public\/terrasse\/2025\/autorisations\/A001628.pdf",
        "ville": "STRASBOURG",
        "adresse_etablissement": "9 RUE DE BERNE"
      }
    },
    {
      "type": "Feature",
      "geometry": {
        "coordinates": [
          [
            [7.767760938, 48.5869660991],
            [7.7677530485, 48.5869547146],
            [7.7678256452, 48.5869325712],
            [7.7678330687, 48.586944],
            [7.767760938, 48.5869660991]
          ]
        ],
        "type": "Polygon"
      },
      "properties": {
        "geo_point_2d": { "lon": 7.76779312841725, "lat": 48.58694935398383 },
        "nom_enseigne": "O'KURI",
        "identifiant": "011581",
        "url_plan": "https:\/\/sig.strasbourg.eu\/datastrasbourg\/occupation_domaine_public\/terrasse\/2025\/plans\/001633.pdf",
        "superficie_autorisee": 8,
        "url_autorisation": "https:\/\/sig.strasbourg.eu\/datastrasbourg\/occupation_domaine_public\/terrasse\/2025\/autorisations\/A001633.pdf",
        "ville": "STRASBOURG",
        "adresse_etablissement": "19 RUE GEILER"
      }
    },
    {
      "type": "Feature",
      "geometry": {
        "coordinates": [
          [
            [7.7628188866, 48.5623956564],
            [7.7628081109, 48.562390675],
            [7.7628969471, 48.5623040837],
            [7.7629079275, 48.562309352],
            [7.7628188866, 48.5623956564]
          ]
        ],
        "type": "Polygon"
      },
      "properties": {
        "geo_point_2d": { "lon": 7.762858196070064, "lat": 48.562349718175 },
        "nom_enseigne": "ETOILE D'ISHTAR",
        "identifiant": "013523",
        "url_plan": "https:\/\/sig.strasbourg.eu\/datastrasbourg\/occupation_domaine_public\/terrasse\/2025\/plans\/001635.pdf",
        "superficie_autorisee": 11,
        "url_autorisation": "https:\/\/sig.strasbourg.eu\/datastrasbourg\/occupation_domaine_public\/terrasse\/2025\/autorisations\/A001635.pdf",
        "ville": "STRASBOURG",
        "adresse_etablissement": "149 RTE DU POLYGONE"
      }
    },
    {
      "type": "Feature",
      "geometry": {
        "coordinates": [
          [
            [7.740027265, 48.5814869651],
            [7.7401354646, 48.5815102244],
            [7.7401278648, 48.5815272722],
            [7.7401274832, 48.5815272015],
            [7.7400213036, 48.5815075296],
            [7.7400271101, 48.5814869459],
            [7.7400140712, 48.5814844908],
            [7.7400310812, 48.5814312762],
            [7.7400437513, 48.5814338445],
            [7.740027265, 48.5814869651]
          ]
        ],
        "type": "Polygon"
      },
      "properties": {
        "geo_point_2d": { "lon": 7.740064554680629, "lat": 48.581495479827716 },
        "nom_enseigne": "L'ARGENTORATUM",
        "identifiant": "000421",
        "url_plan": "https:\/\/sig.strasbourg.eu\/datastrasbourg\/occupation_domaine_public\/terrasse\/2025\/plans\/001644.pdf",
        "superficie_autorisee": 24,
        "url_autorisation": "https:\/\/sig.strasbourg.eu\/datastrasbourg\/occupation_domaine_public\/terrasse\/2025\/autorisations\/A001644.pdf",
        "ville": "STRASBOURG",
        "adresse_etablissement": "14 RUE DU BAIN-AUX-PLANTES"
      }
    },
    {
      "type": "Feature",
      "geometry": {
        "coordinates": [
          [
            [7.7344110201, 48.5790354617],
            [7.7344131308, 48.5790445904],
            [7.734383082, 48.5790474624],
            [7.7343811496, 48.5790385613],
            [7.7344110201, 48.5790354617]
          ]
        ],
        "type": "Polygon"
      },
      "properties": {
        "geo_point_2d": { "lon": 7.734397162793501, "lat": 48.579041515447045 },
        "nom_enseigne": "MOUNTAIN",
        "identifiant": "011943",
        "url_plan": "https:\/\/sig.strasbourg.eu\/datastrasbourg\/occupation_domaine_public\/terrasse\/2025\/plans\/001653.pdf",
        "superficie_autorisee": 2,
        "url_autorisation": "https:\/\/sig.strasbourg.eu\/datastrasbourg\/occupation_domaine_public\/terrasse\/2025\/autorisations\/A001653.pdf",
        "ville": "STRASBOURG",
        "adresse_etablissement": "5 RUE DE WASSELONNE"
      }
    },
    {
      "type": "Feature",
      "geometry": {
        "coordinates": [
          [
            [7.752005196, 48.5786811068],
            [7.7520237077, 48.5786942873],
            [7.7519838627, 48.5787199309],
            [7.7519647859, 48.5787070979],
            [7.752005196, 48.5786811068]
          ]
        ],
        "type": "Polygon"
      },
      "properties": {
        "geo_point_2d": { "lon": 7.751994364347088, "lat": 48.578700592164054 },
        "nom_enseigne": "SNACK D'AUSTERLITZ",
        "identifiant": "001170",
        "url_plan": "https:\/\/sig.strasbourg.eu\/datastrasbourg\/occupation_domaine_public\/terrasse\/2025\/plans\/001655.pdf",
        "superficie_autorisee": 8,
        "url_autorisation": "https:\/\/sig.strasbourg.eu\/datastrasbourg\/occupation_domaine_public\/terrasse\/2025\/autorisations\/A001655.pdf",
        "ville": "STRASBOURG",
        "adresse_etablissement": "10 RUE D'AUSTERLITZ"
      }
    },
    {
      "type": "Feature",
      "geometry": {
        "coordinates": [
          [
            [7.7553383474, 48.5772930515],
            [7.7552392324, 48.5773517166],
            [7.7552257003, 48.57734165],
            [7.7553251291, 48.5772827991],
            [7.7553383474, 48.5772930515]
          ]
        ],
        "type": "Polygon"
      },
      "properties": {
        "geo_point_2d": { "lon": 7.75528209880597, "lat": 48.577317301605774 },
        "nom_enseigne": "L'EPICURIEN",
        "identifiant": "012209",
        "url_plan": "https:\/\/sig.strasbourg.eu\/datastrasbourg\/occupation_domaine_public\/terrasse\/2025\/plans\/001662.pdf",
        "superficie_autorisee": 15,
        "url_autorisation": "https:\/\/sig.strasbourg.eu\/datastrasbourg\/occupation_domaine_public\/terrasse\/2025\/autorisations\/A001662.pdf",
        "ville": "STRASBOURG",
        "adresse_etablissement": "9 RUE DE BERNE"
      }
    },
    {
      "type": "Feature",
      "geometry": {
        "coordinates": [
          [
            [7.7390278919, 48.582648347],
            [7.7390272233, 48.5826571127],
            [7.7389676482, 48.5826551045],
            [7.7389693666, 48.5826325609],
            [7.7390337708, 48.5826349662],
            [7.7390326206, 48.5826485235],
            [7.7390278919, 48.582648347]
          ]
        ],
        "type": "Polygon"
      },
      "properties": {
        "geo_point_2d": { "lon": 7.738999751821811, "lat": 48.58264473803305 },
        "nom_enseigne": "LACOCINA",
        "identifiant": "001681",
        "url_plan": "https:\/\/sig.strasbourg.eu\/datastrasbourg\/occupation_domaine_public\/terrasse\/2025\/plans\/000005.pdf",
        "superficie_autorisee": 12,
        "url_autorisation": "https:\/\/sig.strasbourg.eu\/datastrasbourg\/occupation_domaine_public\/terrasse\/2025\/autorisations\/A000005.pdf",
        "ville": "STRASBOURG",
        "adresse_etablissement": "2 GRAND'RUE"
      }
    },
    {
      "type": "Feature",
      "geometry": {
        "coordinates": [
          [
            [7.7405191898, 48.582397371],
            [7.7405530627, 48.5823896714],
            [7.7405536501, 48.5823910259],
            [7.7405554921, 48.5823906804],
            [7.740555803, 48.5823913975],
            [7.7405594996, 48.5823906969],
            [7.7405684537, 48.5824113875],
            [7.7405292915, 48.5824203304],
            [7.7405191898, 48.582397371]
          ]
        ],
        "type": "Polygon"
      },
      "properties": {
        "geo_point_2d": { "lon": 7.740543705532599, "lat": 48.58240454388214 },
        "nom_enseigne": "LA CASE DE L'ILE BOURBON",
        "identifiant": "001063",
        "url_plan": "https:\/\/sig.strasbourg.eu\/datastrasbourg\/occupation_domaine_public\/terrasse\/2025\/plans\/000015.pdf",
        "superficie_autorisee": 8,
        "url_autorisation": "https:\/\/sig.strasbourg.eu\/datastrasbourg\/occupation_domaine_public\/terrasse\/2025\/autorisations\/A000015.pdf",
        "ville": "STRASBOURG",
        "adresse_etablissement": "34 GRAND'RUE"
      }
    },
    {
      "type": "Feature",
      "geometry": {
        "coordinates": [
          [
            [7.7432182591, 48.581736797],
            [7.743204642, 48.581716207],
            [7.743261696, 48.5816996032],
            [7.7432753131, 48.5817201931],
            [7.7432182591, 48.581736797]
          ]
        ],
        "type": "Polygon"
      },
      "properties": {
        "geo_point_2d": { "lon": 7.743239977531738, "lat": 48.58171820008231 },
        "nom_enseigne": "GRILL ISTANBUL",
        "identifiant": "001355",
        "url_plan": "https:\/\/sig.strasbourg.eu\/datastrasbourg\/occupation_domaine_public\/terrasse\/2025\/plans\/000020.pdf",
        "superficie_autorisee": 11,
        "url_autorisation": "https:\/\/sig.strasbourg.eu\/datastrasbourg\/occupation_domaine_public\/terrasse\/2025\/autorisations\/A000020.pdf",
        "ville": "STRASBOURG",
        "adresse_etablissement": "94 GRAND'RUE"
      }
    },
    {
      "type": "Feature",
      "geometry": {
        "coordinates": [
          [
            [7.7571195341, 48.58125015],
            [7.7571196811, 48.5812667767],
            [7.7571202135, 48.581325888],
            [7.7571039527, 48.5813260929],
            [7.757103417, 48.5812668414],
            [7.7569980756, 48.5812563286],
            [7.7570021075, 48.5812385427],
            [7.7571079667, 48.5812491072],
            [7.7571195341, 48.58125015]
          ]
        ],
        "type": "Polygon"
      },
      "properties": {
        "geo_point_2d": { "lon": 7.757075633857504, "lat": 48.58126662513228 },
        "nom_enseigne": "LE TARBOUCHE",
        "identifiant": "001439",
        "url_plan": "https:\/\/sig.strasbourg.eu\/datastrasbourg\/occupation_domaine_public\/terrasse\/2025\/plans\/000034.pdf",
        "superficie_autorisee": 26,
        "url_autorisation": "https:\/\/sig.strasbourg.eu\/datastrasbourg\/occupation_domaine_public\/terrasse\/2025\/autorisations\/A000034.pdf",
        "ville": "STRASBOURG",
        "adresse_etablissement": "22 RUE DE LA KRUTENAU"
      }
    },
    {
      "type": "Feature",
      "geometry": {
        "coordinates": [
          [
            [7.7608477653, 48.5796070283],
            [7.7607347267, 48.5796766579],
            [7.7606328977, 48.5796425282],
            [7.7607352583, 48.5795146805],
            [7.7608477653, 48.5796070283]
          ]
        ],
        "type": "Polygon"
      },
      "properties": {
        "geo_point_2d": { "lon": 7.760738584660842, "lat": 48.579605072760806 },
        "nom_enseigne": "PUBLIC HOUSE",
        "identifiant": "000590",
        "url_plan": "https:\/\/sig.strasbourg.eu\/datastrasbourg\/occupation_domaine_public\/terrasse\/2025\/plans\/000040.pdf",
        "superficie_autorisee": 143,
        "url_autorisation": "https:\/\/sig.strasbourg.eu\/datastrasbourg\/occupation_domaine_public\/terrasse\/2025\/autorisations\/A000040.pdf",
        "ville": "STRASBOURG",
        "adresse_etablissement": "14 RUE PAUL JANET"
      }
    },
    {
      "type": "Feature",
      "geometry": {
        "coordinates": [
          [
            [7.7611673999, 48.5795629143],
            [7.761181699, 48.5795862316],
            [7.7610823277, 48.5796129062],
            [7.7610681471, 48.579589548],
            [7.7611673999, 48.5795629143]
          ]
        ],
        "type": "Polygon"
      },
      "properties": {
        "geo_point_2d": { "lon": 7.761124892126185, "lat": 48.579587903182855 },
        "nom_enseigne": "LE CHARIOT",
        "identifiant": "013030",
        "url_plan": "https:\/\/sig.strasbourg.eu\/datastrasbourg\/occupation_domaine_public\/terrasse\/2025\/plans\/000042.pdf",
        "superficie_autorisee": 22,
        "url_autorisation": "https:\/\/sig.strasbourg.eu\/datastrasbourg\/occupation_domaine_public\/terrasse\/2025\/autorisations\/A000042.pdf",
        "ville": "STRASBOURG",
        "adresse_etablissement": "18 RUE DE L'ABREUVOIR"
      }
    },
    {
      "type": "Feature",
      "geometry": {
        "coordinates": [
          [
            [7.7514899413, 48.579136737],
            [7.7514732863, 48.5790856399],
            [7.7515552638, 48.5789976154],
            [7.7517293263, 48.5789039731],
            [7.7517658303, 48.5789305898],
            [7.7517069359, 48.5789677894],
            [7.751583859, 48.5790430503],
            [7.7516184146, 48.5790971831],
            [7.75158318, 48.5791093383],
            [7.7514899413, 48.579136737]
          ]
        ],
        "type": "Polygon"
      },
      "properties": {
        "geo_point_2d": { "lon": 7.751596439775449, "lat": 48.57902574446279 },
        "nom_enseigne": "AU CANON",
        "identifiant": "000158",
        "url_plan": "https:\/\/sig.strasbourg.eu\/datastrasbourg\/occupation_domaine_public\/terrasse\/2025\/plans\/000045.pdf",
        "superficie_autorisee": 167,
        "url_autorisation": "https:\/\/sig.strasbourg.eu\/datastrasbourg\/occupation_domaine_public\/terrasse\/2025\/autorisations\/A000045.pdf",
        "ville": "STRASBOURG",
        "adresse_etablissement": "1 RUE D'AUSTERLITZ"
      }
    },
    {
      "type": "Feature",
      "geometry": {
        "coordinates": [
          [
            [
              [7.7580376323, 48.5835499274],
              [7.7577716964, 48.5832995994],
              [7.7578171412, 48.5832783736],
              [7.7580710252, 48.5835338808],
              [7.7580376323, 48.5835499274]
            ]
          ],
          [
            [
              [7.7581317209, 48.5836381984],
              [7.7580534121, 48.5835647958],
              [7.7580766358, 48.5835538785],
              [7.7581549709, 48.5836272709],
              [7.7581317209, 48.5836381984]
            ]
          ]
        ],
        "type": "MultiPolygon"
      },
      "properties": {
        "geo_point_2d": { "lon": 7.75794539714089, "lat": 48.583436736549196 },
        "nom_enseigne": "PENICHE LE RAFIOT",
        "identifiant": "001617",
        "url_plan": "https:\/\/sig.strasbourg.eu\/datastrasbourg\/occupation_domaine_public\/terrasse\/2025\/plans\/000066.pdf",
        "superficie_autorisee": 143,
        "url_autorisation": "https:\/\/sig.strasbourg.eu\/datastrasbourg\/occupation_domaine_public\/terrasse\/2025\/autorisations\/A000066.pdf",
        "ville": "STRASBOURG",
        "adresse_etablissement": "QUAI DES PECHEURS"
      }
    },
    {
      "type": "Feature",
      "geometry": {
        "coordinates": [
          [
            [
              [7.7582506253, 48.5837606984],
              [7.7582583662, 48.5837570563],
              [7.7582740457, 48.5837717216],
              [7.7582663183, 48.5837753632],
              [7.7582506253, 48.5837606984]
            ]
          ],
          [
            [
              [7.7582763688, 48.5837848532],
              [7.7582841098, 48.5837812111],
              [7.758346843, 48.5838398899],
              [7.758339102, 48.583843532],
              [7.7582763688, 48.5837848532]
            ]
          ]
        ],
        "type": "MultiPolygon"
      },
      "properties": {
        "geo_point_2d": { "lon": 7.758301758133239, "lat": 48.583803144546685 },
        "nom_enseigne": "ILL VINO",
        "identifiant": "001705",
        "url_plan": "https:\/\/sig.strasbourg.eu\/datastrasbourg\/occupation_domaine_public\/terrasse\/2025\/plans\/000069.pdf",
        "superficie_autorisee": 7,
        "url_autorisation": "https:\/\/sig.strasbourg.eu\/datastrasbourg\/occupation_domaine_public\/terrasse\/2025\/autorisations\/A000069.pdf",
        "ville": "STRASBOURG",
        "adresse_etablissement": "1 QUAI DES PECHEURS"
      }
    },
    {
      "type": "Feature",
      "geometry": {
        "coordinates": [
          [
            [7.7478291175, 48.5802408466],
            [7.7479137762, 48.5802692606],
            [7.7478709397, 48.580325434],
            [7.7477862937, 48.5802970105],
            [7.7478291175, 48.5802408466]
          ]
        ],
        "type": "Polygon"
      },
      "properties": {
        "geo_point_2d": { "lon": 7.747850033334439, "lat": 48.58028313814684 },
        "nom_enseigne": "VILLA CASELLA",
        "identifiant": "001490",
        "url_plan": "https:\/\/sig.strasbourg.eu\/datastrasbourg\/occupation_domaine_public\/terrasse\/2025\/plans\/000101.pdf",
        "superficie_autorisee": 49,
        "url_autorisation": "https:\/\/sig.strasbourg.eu\/datastrasbourg\/occupation_domaine_public\/terrasse\/2025\/autorisations\/A000101.pdf",
        "ville": "STRASBOURG",
        "adresse_etablissement": "3 -5 RUE DE L'EPINE"
      }
    },
    {
      "type": "Feature",
      "geometry": {
        "coordinates": [
          [
            [7.747997687, 48.5796846354],
            [7.7479803287, 48.5796775887],
            [7.7480847793, 48.5795747076],
            [7.7481016402, 48.5795822442],
            [7.747997687, 48.5796846354]
          ]
        ],
        "type": "Polygon"
      },
      "properties": {
        "geo_point_2d": { "lon": 7.748041101984947, "lat": 48.5796297910838 },
        "nom_enseigne": "CINNAMON",
        "identifiant": "000184",
        "url_plan": "https:\/\/sig.strasbourg.eu\/datastrasbourg\/occupation_domaine_public\/terrasse\/2025\/plans\/000107.pdf",
        "superficie_autorisee": 21,
        "url_autorisation": "https:\/\/sig.strasbourg.eu\/datastrasbourg\/occupation_domaine_public\/terrasse\/2025\/autorisations\/A000107.pdf",
        "ville": "STRASBOURG",
        "adresse_etablissement": "15 RUE DE LA DIVISION LECLERC"
      }
    },
    {
      "type": "Feature",
      "geometry": {
        "coordinates": [
          [
            [7.7433924614, 48.5838211228],
            [7.7433693474, 48.5838617747],
            [7.7432264406, 48.5838264058],
            [7.7432176683, 48.5838139764],
            [7.7432343079, 48.5837858703],
            [7.7433924614, 48.5838211228]
          ]
        ],
        "type": "Polygon"
      },
      "properties": {
        "geo_point_2d": {
          "lon": 7.7433041501421105,
          "lat": 48.583823232437716
        },
        "nom_enseigne": "OSAKA",
        "identifiant": "011112",
        "url_plan": "https:\/\/sig.strasbourg.eu\/datastrasbourg\/occupation_domaine_public\/terrasse\/2025\/plans\/000132.pdf",
        "superficie_autorisee": 56,
        "url_autorisation": "https:\/\/sig.strasbourg.eu\/datastrasbourg\/occupation_domaine_public\/terrasse\/2025\/autorisations\/A000132.pdf",
        "ville": "STRASBOURG",
        "adresse_etablissement": "50 RUE DU JEU DES ENFANTS"
      }
    },
    {
      "type": "Feature",
      "geometry": {
        "coordinates": [
          [
            [7.7493978812, 48.5783633832],
            [7.749399792, 48.5783742973],
            [7.7492523693, 48.578388332],
            [7.7492500466, 48.57837766],
            [7.7493978812, 48.5783633832]
          ]
        ],
        "type": "Polygon"
      },
      "properties": {
        "geo_point_2d": { "lon": 7.749325248410241, "lat": 48.57837589364269 },
        "nom_enseigne": "MADO",
        "identifiant": "001351",
        "url_plan": "https:\/\/sig.strasbourg.eu\/datastrasbourg\/occupation_domaine_public\/terrasse\/2025\/plans\/000135.pdf",
        "superficie_autorisee": 13,
        "url_autorisation": "https:\/\/sig.strasbourg.eu\/datastrasbourg\/occupation_domaine_public\/terrasse\/2025\/autorisations\/A000135.pdf",
        "ville": "STRASBOURG",
        "adresse_etablissement": "3 RUE DE LA 1ERE ARMEE"
      }
    },
    {
      "type": "Feature",
      "geometry": {
        "coordinates": [
          [
            [
              [7.7507469398, 48.5805917421],
              [7.7507425828, 48.5805962981],
              [7.7507357194, 48.580593404],
              [7.7507400733, 48.5805888512],
              [7.7507469398, 48.5805917421]
            ]
          ],
          [
            [
              [7.7507680348, 48.5806070053],
              [7.75079729, 48.580619176],
              [7.7507303391, 48.5806946789],
              [7.7506913046, 48.5806800917],
              [7.7507335152, 48.5806491981],
              [7.7507680348, 48.5806070053]
            ]
          ]
        ],
        "type": "MultiPolygon"
      },
      "properties": {
        "geo_point_2d": { "lon": 7.750746703715178, "lat": 48.5806517160493 },
        "nom_enseigne": "AU TIRE BOUCHON",
        "identifiant": "001406",
        "url_plan": "https:\/\/sig.strasbourg.eu\/datastrasbourg\/occupation_domaine_public\/terrasse\/2025\/plans\/000161.pdf",
        "superficie_autorisee": 26,
        "url_autorisation": "https:\/\/sig.strasbourg.eu\/datastrasbourg\/occupation_domaine_public\/terrasse\/2025\/autorisations\/A000161.pdf",
        "ville": "STRASBOURG",
        "adresse_etablissement": "7 RUE DU MAROQUIN"
      }
    },
    {
      "type": "Feature",
      "geometry": {
        "coordinates": [
          [
            [7.7543775471, 48.5831088032],
            [7.7543807639, 48.5830963816],
            [7.7544382073, 48.5831029483],
            [7.7544346784, 48.5831156879],
            [7.7543775471, 48.5831088032]
          ]
        ],
        "type": "Polygon"
      },
      "properties": {
        "geo_point_2d": { "lon": 7.754407930722803, "lat": 48.58310596654274 },
        "nom_enseigne": "231 EAST ST",
        "identifiant": "001782",
        "url_plan": "https:\/\/sig.strasbourg.eu\/datastrasbourg\/occupation_domaine_public\/terrasse\/2025\/plans\/000171.pdf",
        "superficie_autorisee": 6,
        "url_autorisation": "https:\/\/sig.strasbourg.eu\/datastrasbourg\/occupation_domaine_public\/terrasse\/2025\/autorisations\/A000171.pdf",
        "ville": "STRASBOURG",
        "adresse_etablissement": "3 PCE SAINT-ETIENNE"
      }
    },
    {
      "type": "Feature",
      "geometry": {
        "coordinates": [
          [
            [7.7497155982, 48.5813575367],
            [7.7497145995, 48.5813571492],
            [7.7497397916, 48.5813305363],
            [7.7497833177, 48.5813406572],
            [7.7498324978, 48.581351853],
            [7.7498316072, 48.5813555656],
            [7.7498321065, 48.5813585996],
            [7.7498339809, 48.5813613791],
            [7.7498324886, 48.5813641702],
            [7.7498354378, 48.5813653649],
            [7.7498108933, 48.581394508],
            [7.7497155982, 48.5813575367]
          ]
        ],
        "type": "Polygon"
      },
      "properties": {
        "geo_point_2d": { "lon": 7.749779229196632, "lat": 48.581360317664675 },
        "nom_enseigne": "CHRISTIAN",
        "identifiant": "001560",
        "url_plan": "https:\/\/sig.strasbourg.eu\/datastrasbourg\/occupation_domaine_public\/terrasse\/2025\/plans\/000173.pdf",
        "superficie_autorisee": 34,
        "url_autorisation": "https:\/\/sig.strasbourg.eu\/datastrasbourg\/occupation_domaine_public\/terrasse\/2025\/autorisations\/A000173.pdf",
        "ville": "STRASBOURG",
        "adresse_etablissement": "10 RUE MERCIERE"
      }
    },
    {
      "type": "Feature",
      "geometry": {
        "coordinates": [
          [
            [7.7495722375, 48.5820781793],
            [7.7495157577, 48.5820533254],
            [7.7496405068, 48.5819321267],
            [7.7497327933, 48.5818705123],
            [7.7498466483, 48.5818418773],
            [7.7499202526, 48.581869541],
            [7.7498557233, 48.5819285785],
            [7.7497966052, 48.581901346],
            [7.7496886078, 48.5819608087],
            [7.7495722375, 48.5820781793]
          ]
        ],
        "type": "Polygon"
      },
      "properties": {
        "geo_point_2d": { "lon": 7.749712299159666, "lat": 48.58193940037241 },
        "nom_enseigne": "MAISON KAMMERZELL",
        "identifiant": "000008",
        "url_plan": "https:\/\/sig.strasbourg.eu\/datastrasbourg\/occupation_domaine_public\/terrasse\/2025\/plans\/000176.pdf",
        "superficie_autorisee": 197,
        "url_autorisation": "https:\/\/sig.strasbourg.eu\/datastrasbourg\/occupation_domaine_public\/terrasse\/2025\/autorisations\/A000176.pdf",
        "ville": "STRASBOURG",
        "adresse_etablissement": "16 PCE DE LA CATHEDRALE"
      }
    },
    {
      "type": "Feature",
      "geometry": {
        "coordinates": [
          [
            [7.7498586038, 48.5816079809],
            [7.7498594618, 48.5816070553],
            [7.7498581311, 48.581606275],
            [7.7498602317, 48.5816043894],
            [7.7499704775, 48.5816474126],
            [7.7499078865, 48.5817179284],
            [7.7497981871, 48.5816736064],
            [7.7498387241, 48.5816290979],
            [7.7498586038, 48.5816079809]
          ]
        ],
        "type": "Polygon"
      },
      "properties": {
        "geo_point_2d": { "lon": 7.749884485929973, "lat": 48.58166104759634 },
        "nom_enseigne": "IL PINOCCHIO",
        "identifiant": "000409",
        "url_plan": "https:\/\/sig.strasbourg.eu\/datastrasbourg\/occupation_domaine_public\/terrasse\/2025\/plans\/000178.pdf",
        "superficie_autorisee": 85,
        "url_autorisation": "https:\/\/sig.strasbourg.eu\/datastrasbourg\/occupation_domaine_public\/terrasse\/2025\/autorisations\/A000178.pdf",
        "ville": "STRASBOURG",
        "adresse_etablissement": "11 PCE DE LA CATHEDRALE"
      }
    },
    {
      "type": "Feature",
      "geometry": {
        "coordinates": [
          [
            [7.7581233159, 48.579440991],
            [7.758131152, 48.5794459586],
            [7.7581041998, 48.5794698954],
            [7.7580924115, 48.5794624409],
            [7.7581233159, 48.579440991]
          ]
        ],
        "type": "Polygon"
      },
      "properties": {
        "geo_point_2d": { "lon": 7.758111801083416, "lat": 48.579455580984266 },
        "nom_enseigne": "LE GANESHA",
        "identifiant": "001471",
        "url_plan": "https:\/\/sig.strasbourg.eu\/datastrasbourg\/occupation_domaine_public\/terrasse\/2025\/plans\/000195.pdf",
        "superficie_autorisee": 3,
        "url_autorisation": "https:\/\/sig.strasbourg.eu\/datastrasbourg\/occupation_domaine_public\/terrasse\/2025\/autorisations\/A000195.pdf",
        "ville": "STRASBOURG",
        "adresse_etablissement": "46 RUE DE ZURICH"
      }
    },
    {
      "type": "Feature",
      "geometry": {
        "coordinates": [
          [
            [7.7572668922, 48.5795378461],
            [7.7573074471, 48.5795359106],
            [7.7574831462, 48.5794744759],
            [7.7573821564, 48.5795593892],
            [7.7573822954, 48.5795594204],
            [7.7573822934, 48.5795594016],
            [7.7575587917, 48.5795987481],
            [7.7575614272, 48.5796229674],
            [7.7573181427, 48.5796345786],
            [7.7572775878, 48.5796365141],
            [7.7572668922, 48.5795378461]
          ]
        ],
        "type": "Polygon"
      },
      "properties": {
        "geo_point_2d": { "lon": 7.757386445984108, "lat": 48.57958084798804 },
        "nom_enseigne": "LE PURGATOIRE",
        "identifiant": "000152",
        "url_plan": "https:\/\/sig.strasbourg.eu\/datastrasbourg\/occupation_domaine_public\/terrasse\/2025\/plans\/000197.pdf",
        "superficie_autorisee": 187,
        "url_autorisation": "https:\/\/sig.strasbourg.eu\/datastrasbourg\/occupation_domaine_public\/terrasse\/2025\/autorisations\/A000197.pdf",
        "ville": "STRASBOURG",
        "adresse_etablissement": "34 RUE DE ZURICH"
      }
    },
    {
      "type": "Feature",
      "geometry": {
        "coordinates": [
          [
            [7.7567081213, 48.5813414274],
            [7.7567484169, 48.5813449836],
            [7.7567017583, 48.5813998306],
            [7.7566547266, 48.5813956855],
            [7.7567081213, 48.5813414274]
          ]
        ],
        "type": "Polygon"
      },
      "properties": {
        "geo_point_2d": { "lon": 7.756702612729708, "lat": 48.58137118262192 },
        "nom_enseigne": "CAPRICIOSA",
        "identifiant": "001721",
        "url_plan": "https:\/\/sig.strasbourg.eu\/datastrasbourg\/occupation_domaine_public\/terrasse\/2025\/plans\/000201.pdf",
        "superficie_autorisee": 21,
        "url_autorisation": "https:\/\/sig.strasbourg.eu\/datastrasbourg\/occupation_domaine_public\/terrasse\/2025\/autorisations\/A000201.pdf",
        "ville": "STRASBOURG",
        "adresse_etablissement": "1 PCE DU PONT-AUX-CHATS"
      }
    },
    {
      "type": "Feature",
      "geometry": {
        "coordinates": [
          [
            [7.7437267847, 48.5828490536],
            [7.7437493829, 48.5828763101],
            [7.7437189645, 48.5828871525],
            [7.7436966521, 48.5828605069],
            [7.7437267847, 48.5828490536]
          ]
        ],
        "type": "Polygon"
      },
      "properties": {
        "geo_point_2d": { "lon": 7.743722986794106, "lat": 48.58286822421526 },
        "nom_enseigne": "LE PETIT CREUX",
        "identifiant": "001749",
        "url_plan": "https:\/\/sig.strasbourg.eu\/datastrasbourg\/occupation_domaine_public\/terrasse\/2025\/plans\/000209.pdf",
        "superficie_autorisee": 9,
        "url_autorisation": "https:\/\/sig.strasbourg.eu\/datastrasbourg\/occupation_domaine_public\/terrasse\/2025\/autorisations\/A000209.pdf",
        "ville": "STRASBOURG",
        "adresse_etablissement": "33 RUE DU FOSSE DES TANNEURS"
      }
    },
    {
      "type": "Feature",
      "geometry": {
        "coordinates": [
          [
            [
              [7.7432121902, 48.5819733235],
              [7.7431942194, 48.5819796936],
              [7.7431368512, 48.581908164],
              [7.7431547724, 48.5819018126],
              [7.7432121902, 48.5819733235]
            ]
          ],
          [
            [
              [7.7430413745, 48.5820273988],
              [7.7430688414, 48.5820176163],
              [7.7431006981, 48.5820573988],
              [7.743073179, 48.5820671851],
              [7.7430413745, 48.5820273988]
            ]
          ]
        ],
        "type": "MultiPolygon"
      },
      "properties": {
        "geo_point_2d": { "lon": 7.743126898098183, "lat": 48.58198753556015 },
        "nom_enseigne": "LA BOLEE DE CIDRE",
        "identifiant": "001199",
        "url_plan": "https:\/\/sig.strasbourg.eu\/datastrasbourg\/occupation_domaine_public\/terrasse\/2025\/plans\/000213.pdf",
        "superficie_autorisee": 25,
        "url_autorisation": "https:\/\/sig.strasbourg.eu\/datastrasbourg\/occupation_domaine_public\/terrasse\/2025\/autorisations\/A000213.pdf",
        "ville": "STRASBOURG",
        "adresse_etablissement": "55 RUE DU FOSSE DES TANNEURS"
      }
    },
    {
      "type": "Feature",
      "geometry": {
        "coordinates": [
          [
            [7.7545040546, 48.5831248381],
            [7.7544582537, 48.5831189028],
            [7.7544621933, 48.5831055335],
            [7.7545083415, 48.5831113461],
            [7.7545040546, 48.5831248381]
          ]
        ],
        "type": "Polygon"
      },
      "properties": {
        "geo_point_2d": { "lon": 7.754483258861618, "lat": 48.58311515372882 },
        "nom_enseigne": "LE SAINT ETIENNE",
        "identifiant": "000255",
        "url_plan": "https:\/\/sig.strasbourg.eu\/datastrasbourg\/occupation_domaine_public\/terrasse\/2025\/plans\/000217.pdf",
        "superficie_autorisee": 5,
        "url_autorisation": "https:\/\/sig.strasbourg.eu\/datastrasbourg\/occupation_domaine_public\/terrasse\/2025\/autorisations\/A000217.pdf",
        "ville": "STRASBOURG",
        "adresse_etablissement": "4 PCE SAINT-ETIENNE"
      }
    },
    {
      "type": "Feature",
      "geometry": {
        "coordinates": [
          [
            [7.7432964507, 48.5807436088],
            [7.7433283518, 48.5807644155],
            [7.7431992413, 48.5808605228],
            [7.7431605893, 48.5808353067],
            [7.7432964507, 48.5807436088]
          ]
        ],
        "type": "Polygon"
      },
      "properties": {
        "geo_point_2d": { "lon": 7.74324404423116, "lat": 48.580802461955635 },
        "nom_enseigne": "LE THOMASIEN",
        "identifiant": "000771",
        "url_plan": "https:\/\/sig.strasbourg.eu\/datastrasbourg\/occupation_domaine_public\/terrasse\/2025\/plans\/000220.pdf",
        "superficie_autorisee": 52,
        "url_autorisation": "https:\/\/sig.strasbourg.eu\/datastrasbourg\/occupation_domaine_public\/terrasse\/2025\/autorisations\/A000220.pdf",
        "ville": "STRASBOURG",
        "adresse_etablissement": "12 RUE DES DENTELLES"
      }
    },
    {
      "type": "Feature",
      "geometry": {
        "coordinates": [
          [
            [7.7546910746, 48.5835227029],
            [7.7545958768, 48.58349978],
            [7.7545001826, 48.5834743777],
            [7.754535945, 48.5834464898],
            [7.7547095399, 48.5834898343],
            [7.7546910746, 48.5835227029]
          ]
        ],
        "type": "Polygon"
      },
      "properties": {
        "geo_point_2d": { "lon": 7.754609002528906, "lat": 48.58348391180371 },
        "nom_enseigne": "PIANO GRILL",
        "identifiant": "000744",
        "url_plan": "https:\/\/sig.strasbourg.eu\/datastrasbourg\/occupation_domaine_public\/terrasse\/2025\/plans\/000227.pdf",
        "superficie_autorisee": 57,
        "url_autorisation": "https:\/\/sig.strasbourg.eu\/datastrasbourg\/occupation_domaine_public\/terrasse\/2025\/autorisations\/A000227.pdf",
        "ville": "STRASBOURG",
        "adresse_etablissement": "8 PCE SAINT-ETIENNE"
      }
    },
    {
      "type": "Feature",
      "geometry": {
        "coordinates": [
          [
            [7.7424004469, 48.5811589316],
            [7.7424246586, 48.5811408741],
            [7.7424932092, 48.5811957549],
            [7.7424970795, 48.5811934163],
            [7.7425884558, 48.5812700785],
            [7.7424049592, 48.5813653811],
            [7.7422708685, 48.5812545613],
            [7.7424004469, 48.5811589316]
          ]
        ],
        "type": "Polygon"
      },
      "properties": {
        "geo_point_2d": { "lon": 7.74242555456174, "lat": 48.58125630943322 },
        "nom_enseigne": "LA CORDE A LINGE",
        "identifiant": "000209",
        "url_plan": "https:\/\/sig.strasbourg.eu\/datastrasbourg\/occupation_domaine_public\/terrasse\/2025\/plans\/000228.pdf",
        "superficie_autorisee": 295,
        "url_autorisation": "https:\/\/sig.strasbourg.eu\/datastrasbourg\/occupation_domaine_public\/terrasse\/2025\/autorisations\/A000228.pdf",
        "ville": "STRASBOURG",
        "adresse_etablissement": "2 PCE BENJAMIN ZIX"
      }
    },
    {
      "type": "Feature",
      "geometry": {
        "coordinates": [
          [
            [7.7418922249, 48.5818431643],
            [7.7419243119, 48.5819058021],
            [7.7419185796, 48.5819226415],
            [7.7418864762, 48.5819298349],
            [7.7418693078, 48.5818957037],
            [7.7418650533, 48.5818871739],
            [7.7418473642, 48.5818529919],
            [7.7417571795, 48.5818725436],
            [7.7417521279, 48.5818622857],
            [7.7417469584, 48.5818511953],
            [7.7418368736, 48.581831614],
            [7.7418922249, 48.5818431643]
          ]
        ],
        "type": "Polygon"
      },
      "properties": {
        "geo_point_2d": { "lon": 7.741855567411578, "lat": 48.58187089370644 },
        "nom_enseigne": "POIDS PLUME",
        "identifiant": "001732",
        "url_plan": "https:\/\/sig.strasbourg.eu\/datastrasbourg\/occupation_domaine_public\/terrasse\/2025\/plans\/000231.pdf",
        "superficie_autorisee": 52,
        "url_autorisation": "https:\/\/sig.strasbourg.eu\/datastrasbourg\/occupation_domaine_public\/terrasse\/2025\/autorisations\/A000231.pdf",
        "ville": "STRASBOURG",
        "adresse_etablissement": "7 PCE DES MEUNIERS"
      }
    },
    {
      "type": "Feature",
      "geometry": {
        "coordinates": [
          [
            [7.7535274376, 48.5772747088],
            [7.7535492335, 48.5771921811],
            [7.7535867428, 48.5771968543],
            [7.7535648322, 48.5772792214],
            [7.7535274376, 48.5772747088]
          ]
        ],
        "type": "Polygon"
      },
      "properties": {
        "geo_point_2d": { "lon": 7.753557063559109, "lat": 48.577235712798384 },
        "nom_enseigne": "VERT OLIVE",
        "identifiant": "000220",
        "url_plan": "https:\/\/sig.strasbourg.eu\/datastrasbourg\/occupation_domaine_public\/terrasse\/2025\/plans\/000244.pdf",
        "superficie_autorisee": 26,
        "url_autorisation": "https:\/\/sig.strasbourg.eu\/datastrasbourg\/occupation_domaine_public\/terrasse\/2025\/autorisations\/A000244.pdf",
        "ville": "STRASBOURG",
        "adresse_etablissement": "3 R.D.L BRIGADE ALSACE-LORRAINE"
      }
    },
    {
      "type": "Feature",
      "geometry": {
        "coordinates": [
          [
            [
              [7.7535357237, 48.5763086071],
              [7.7535795839, 48.5762578228],
              [7.7537692647, 48.5763796877],
              [7.7537486977, 48.5764039566],
              [7.7536168821, 48.5763537351],
              [7.7536271798, 48.5763418347],
              [7.7535837763, 48.5763252943],
              [7.7535824618, 48.5763268103],
              [7.7535750738, 48.5763239929],
              [7.7535701253, 48.576329714],
              [7.7535380399, 48.5763174936],
              [7.7535432448, 48.5763114676],
              [7.7535357237, 48.5763086071]
            ]
          ],
          [
            [
              [7.7537479119, 48.5764102508],
              [7.7537448886, 48.5764091642],
              [7.7537692647, 48.5763796877],
              [7.7537924658, 48.5763889866],
              [7.7536590232, 48.576572384],
              [7.7536349914, 48.5765640735],
              [7.753719973, 48.5764444174],
              [7.7537231445, 48.5764452224],
              [7.7537479119, 48.5764102508]
            ]
          ]
        ],
        "type": "MultiPolygon"
      },
      "properties": {
        "geo_point_2d": { "lon": 7.7536685841907955, "lat": 48.5763798214085 },
        "nom_enseigne": "BRASSERIE LOUISE",
        "identifiant": "013410",
        "url_plan": "https:\/\/sig.strasbourg.eu\/datastrasbourg\/occupation_domaine_public\/terrasse\/2025\/plans\/000255.pdf",
        "superficie_autorisee": 141,
        "url_autorisation": "https:\/\/sig.strasbourg.eu\/datastrasbourg\/occupation_domaine_public\/terrasse\/2025\/autorisations\/A000255.pdf",
        "ville": "STRASBOURG",
        "adresse_etablissement": "1 PCE D MAL D LATTRE DE TASSIGNY"
      }
    },
    {
      "type": "Feature",
      "geometry": {
        "coordinates": [
          [
            [7.7393077011, 48.5791309727],
            [7.7392843312, 48.5791471421],
            [7.7393089825, 48.5791624754],
            [7.7392548827, 48.5792049649],
            [7.739230263, 48.5791894099],
            [7.739207108, 48.5792060026],
            [7.7390919461, 48.5791309287],
            [7.7391707519, 48.5790756371],
            [7.7392084741, 48.5790989058],
            [7.739231296, 48.579083211],
            [7.7393077011, 48.5791309727]
          ]
        ],
        "type": "Polygon"
      },
      "properties": {
        "geo_point_2d": { "lon": 7.739207746770421, "lat": 48.57914081574864 },
        "nom_enseigne": "COCO LOBO BODEGA",
        "identifiant": "000150",
        "url_plan": "https:\/\/sig.strasbourg.eu\/datastrasbourg\/occupation_domaine_public\/terrasse\/2025\/plans\/000261.pdf",
        "superficie_autorisee": 135,
        "url_autorisation": "https:\/\/sig.strasbourg.eu\/datastrasbourg\/occupation_domaine_public\/terrasse\/2025\/autorisations\/A000261.pdf",
        "ville": "STRASBOURG",
        "adresse_etablissement": "2 RUE DES GLACIERES"
      }
    },
    {
      "type": "Feature",
      "geometry": {
        "coordinates": [
          [
            [7.7545482252, 48.5784574752],
            [7.7545697757, 48.5784745584],
            [7.7545565566, 48.578482218],
            [7.7545119266, 48.5784470871],
            [7.754525416, 48.5784395606],
            [7.7545482252, 48.5784574752]
          ]
        ],
        "type": "Polygon"
      },
      "properties": {
        "geo_point_2d": { "lon": 7.754540912413145, "lat": 48.57846083804738 },
        "nom_enseigne": "LA MAISON DES MEZZES",
        "identifiant": "012976",
        "url_plan": "https:\/\/sig.strasbourg.eu\/datastrasbourg\/occupation_domaine_public\/terrasse\/2025\/plans\/000272.pdf",
        "superficie_autorisee": 7,
        "url_autorisation": "https:\/\/sig.strasbourg.eu\/datastrasbourg\/occupation_domaine_public\/terrasse\/2025\/autorisations\/A000272.pdf",
        "ville": "STRASBOURG",
        "adresse_etablissement": "5 RUE DES ORPHELINS"
      }
    },
    {
      "type": "Feature",
      "geometry": {
        "coordinates": [
          [
            [7.7543054842, 48.5789733672],
            [7.75436954, 48.5790129081],
            [7.7543383097, 48.5790338573],
            [7.754276184, 48.5789937037],
            [7.7543054842, 48.5789733672]
          ]
        ],
        "type": "Polygon"
      },
      "properties": {
        "geo_point_2d": { "lon": 7.754322643116793, "lat": 48.57900359745444 },
        "nom_enseigne": "A L'ANCIENNE CHAPELLE",
        "identifiant": "000953",
        "url_plan": "https:\/\/sig.strasbourg.eu\/datastrasbourg\/occupation_domaine_public\/terrasse\/2025\/plans\/000280.pdf",
        "superficie_autorisee": 21,
        "url_autorisation": "https:\/\/sig.strasbourg.eu\/datastrasbourg\/occupation_domaine_public\/terrasse\/2025\/autorisations\/A000280.pdf",
        "ville": "STRASBOURG",
        "adresse_etablissement": "2 B PCE DES ORPHELINS"
      }
    },
    {
      "type": "Feature",
      "geometry": {
        "coordinates": [
          [
            [7.748045394, 48.5817992464],
            [7.7480127836, 48.5817903809],
            [7.7480476931, 48.5817310262],
            [7.7481025354, 48.5817441175],
            [7.748045394, 48.5817992464]
          ]
        ],
        "type": "Polygon"
      },
      "properties": {
        "geo_point_2d": { "lon": 7.7480540438438, "lat": 48.581763884443745 },
        "nom_enseigne": "DREHER",
        "identifiant": "001821",
        "url_plan": "https:\/\/sig.strasbourg.eu\/datastrasbourg\/occupation_domaine_public\/terrasse\/2025\/plans\/000289.pdf",
        "superficie_autorisee": 25,
        "url_autorisation": "https:\/\/sig.strasbourg.eu\/datastrasbourg\/occupation_domaine_public\/terrasse\/2025\/autorisations\/A000289.pdf",
        "ville": "STRASBOURG",
        "adresse_etablissement": "50 RUE DES GRANDES ARCADES"
      }
    },
    {
      "type": "Feature",
      "geometry": {
        "coordinates": [
          [
            [7.7469008254, 48.5806603622],
            [7.7468956576, 48.5806646642],
            [7.7468978214, 48.580665738],
            [7.7468755867, 48.5806838026],
            [7.7468740902, 48.5806831881],
            [7.7468699985, 48.5806863558],
            [7.7468576985, 48.5806793716],
            [7.7469652882, 48.5805960785],
            [7.746980844, 48.5806049298],
            [7.7469617419, 48.5806195867],
            [7.7469603779, 48.580619228],
            [7.7469055229, 48.580662837],
            [7.7469008254, 48.5806603622]
          ]
        ],
        "type": "Polygon"
      },
      "properties": {
        "geo_point_2d": { "lon": 7.746920483537721, "lat": 48.58064045044161 },
        "nom_enseigne": "SCHLOSSERSTUB",
        "identifiant": "001367",
        "url_plan": "https:\/\/sig.strasbourg.eu\/datastrasbourg\/occupation_domaine_public\/terrasse\/2025\/plans\/000313.pdf",
        "superficie_autorisee": 17,
        "url_autorisation": "https:\/\/sig.strasbourg.eu\/datastrasbourg\/occupation_domaine_public\/terrasse\/2025\/autorisations\/A000313.pdf",
        "ville": "STRASBOURG",
        "adresse_etablissement": "25 RUE DES SERRURIERS"
      }
    },
    {
      "type": "Feature",
      "geometry": {
        "coordinates": [
          [
            [7.7422039455, 48.5810031048],
            [7.7422214996, 48.5810272165],
            [7.7422185397, 48.5810339508],
            [7.7419977316, 48.5811168109],
            [7.741978783, 48.5811139721],
            [7.7419572502, 48.5810881193],
            [7.7422039455, 48.5810031048]
          ]
        ],
        "type": "Polygon"
      },
      "properties": {
        "geo_point_2d": { "lon": 7.742089357794794, "lat": 48.58106213887892 },
        "nom_enseigne": "REGENT PETITE FRANCE",
        "identifiant": "001194",
        "url_plan": "https:\/\/sig.strasbourg.eu\/datastrasbourg\/occupation_domaine_public\/terrasse\/2025\/plans\/000317.pdf",
        "superficie_autorisee": 79,
        "url_autorisation": "https:\/\/sig.strasbourg.eu\/datastrasbourg\/occupation_domaine_public\/terrasse\/2025\/autorisations\/A000317.pdf",
        "ville": "STRASBOURG",
        "adresse_etablissement": "5 RUE DES MOULINS"
      }
    },
    {
      "type": "Feature",
      "geometry": {
        "coordinates": [
          [
            [7.7421148047, 48.5801846445],
            [7.7421463705, 48.5801925368],
            [7.742097731, 48.5802823145],
            [7.7420648489, 48.5802743376],
            [7.7421148047, 48.5801846445]
          ]
        ],
        "type": "Polygon"
      },
      "properties": {
        "geo_point_2d": { "lon": 7.742105779426506, "lat": 48.58023373536158 },
        "nom_enseigne": "LE BAECKEOFFE D'ALSACE",
        "identifiant": "000592",
        "url_plan": "https:\/\/sig.strasbourg.eu\/datastrasbourg\/occupation_domaine_public\/terrasse\/2025\/plans\/000320.pdf",
        "superficie_autorisee": 27,
        "url_autorisation": "https:\/\/sig.strasbourg.eu\/datastrasbourg\/occupation_domaine_public\/terrasse\/2025\/autorisations\/A000320.pdf",
        "ville": "STRASBOURG",
        "adresse_etablissement": "14 RUE DES MOULINS"
      }
    },
    {
      "type": "Feature",
      "geometry": {
        "coordinates": [
          [
            [7.7425157041, 48.5800471173],
            [7.7425307902, 48.5800679199],
            [7.7424157121, 48.5801054992],
            [7.7424017614, 48.580085069],
            [7.7425157041, 48.5800471173]
          ]
        ],
        "type": "Polygon"
      },
      "properties": {
        "geo_point_2d": { "lon": 7.742466279972179, "lat": 48.58007631946049 },
        "nom_enseigne": "LA PETITE VENISE",
        "identifiant": "001088",
        "url_plan": "https:\/\/sig.strasbourg.eu\/datastrasbourg\/occupation_domaine_public\/terrasse\/2025\/plans\/000323.pdf",
        "superficie_autorisee": 24,
        "url_autorisation": "https:\/\/sig.strasbourg.eu\/datastrasbourg\/occupation_domaine_public\/terrasse\/2025\/autorisations\/A000323.pdf",
        "ville": "STRASBOURG",
        "adresse_etablissement": "20 RUE DES MOULINS"
      }
    },
    {
      "type": "Feature",
      "geometry": {
        "coordinates": [
          [
            [7.7530309201, 48.5827411904],
            [7.7529241372, 48.5827101991],
            [7.7529633997, 48.582646007],
            [7.7530726878, 48.5826775083],
            [7.7530309201, 48.5827411904]
          ]
        ],
        "type": "Polygon"
      },
      "properties": {
        "geo_point_2d": { "lon": 7.752997886432816, "lat": 48.58269361570001 },
        "nom_enseigne": "LE SAXO",
        "identifiant": "000945",
        "url_plan": "https:\/\/sig.strasbourg.eu\/datastrasbourg\/occupation_domaine_public\/terrasse\/2025\/plans\/000325.pdf",
        "superficie_autorisee": 67,
        "url_autorisation": "https:\/\/sig.strasbourg.eu\/datastrasbourg\/occupation_domaine_public\/terrasse\/2025\/autorisations\/A000325.pdf",
        "ville": "STRASBOURG",
        "adresse_etablissement": "8 - 10 RUE DES FRERES"
      }
    },
    {
      "type": "Feature",
      "geometry": {
        "coordinates": [
          [
            [7.7530726878, 48.5826775083],
            [7.7531509789, 48.5827004581],
            [7.7531091481, 48.5827638995],
            [7.7530309201, 48.5827411904],
            [7.7530726878, 48.5826775083]
          ]
        ],
        "type": "Polygon"
      },
      "properties": {
        "geo_point_2d": { "lon": 7.753090922855971, "lat": 48.582720745920206 },
        "nom_enseigne": "QG",
        "identifiant": "000066",
        "url_plan": "https:\/\/sig.strasbourg.eu\/datastrasbourg\/occupation_domaine_public\/terrasse\/2025\/plans\/000326.pdf",
        "superficie_autorisee": 49,
        "url_autorisation": "https:\/\/sig.strasbourg.eu\/datastrasbourg\/occupation_domaine_public\/terrasse\/2025\/autorisations\/A000326.pdf",
        "ville": "STRASBOURG",
        "adresse_etablissement": "12 RUE DES FRERES"
      }
    },
    {
      "type": "Feature",
      "geometry": {
        "coordinates": [
          [
            [7.7451753208, 48.5819448809],
            [7.7452978022, 48.5819278533],
            [7.7453085645, 48.5819615073],
            [7.7451865909, 48.5819791471],
            [7.7451753208, 48.5819448809]
          ]
        ],
        "type": "Polygon"
      },
      "properties": {
        "geo_point_2d": { "lon": 7.745241871189417, "lat": 48.58195336812827 },
        "nom_enseigne": "MAMAMA BISTRO",
        "identifiant": "001015",
        "url_plan": "https:\/\/sig.strasbourg.eu\/datastrasbourg\/occupation_domaine_public\/terrasse\/2025\/plans\/000338.pdf",
        "superficie_autorisee": 36,
        "url_autorisation": "https:\/\/sig.strasbourg.eu\/datastrasbourg\/occupation_domaine_public\/terrasse\/2025\/autorisations\/A000338.pdf",
        "ville": "STRASBOURG",
        "adresse_etablissement": "18 RUE SAINTE-HELENE"
      }
    },
    {
      "type": "Feature",
      "geometry": {
        "coordinates": [
          [
            [
              [7.7416402512, 48.581571503],
              [7.7417537448, 48.5815471789],
              [7.7417671978, 48.581569812],
              [7.7416489243, 48.5815951603],
              [7.7416402512, 48.581571503]
            ]
          ],
          [
            [
              [7.741775145, 48.5817484925],
              [7.7418502895, 48.5817283989],
              [7.7418807155, 48.5817870649],
              [7.7418037787, 48.5818037612],
              [7.741775145, 48.5817484925]
            ]
          ]
        ],
        "type": "MultiPolygon"
      },
      "properties": {
        "geo_point_2d": { "lon": 7.741780557567119, "lat": 48.58169289867751 },
        "nom_enseigne": "LE LOHKAS",
        "identifiant": "000263",
        "url_plan": "https:\/\/sig.strasbourg.eu\/datastrasbourg\/occupation_domaine_public\/terrasse\/2025\/plans\/000343.pdf",
        "superficie_autorisee": 64,
        "url_autorisation": "https:\/\/sig.strasbourg.eu\/datastrasbourg\/occupation_domaine_public\/terrasse\/2025\/autorisations\/A000343.pdf",
        "ville": "STRASBOURG",
        "adresse_etablissement": "1 RUE DES MEUNIERS"
      }
    },
    {
      "type": "Feature",
      "geometry": {
        "coordinates": [
          [
            [7.7413381831, 48.5815576167],
            [7.7412752391, 48.5815520001],
            [7.7412764566, 48.581545165],
            [7.7413395149, 48.5815513903],
            [7.7413381831, 48.5815576167]
          ]
        ],
        "type": "Polygon"
      },
      "properties": {
        "geo_point_2d": { "lon": 7.741306876768893, "lat": 48.58155149668435 },
        "nom_enseigne": "CAFE BRETELLES",
        "identifiant": "011164",
        "url_plan": "https:\/\/sig.strasbourg.eu\/datastrasbourg\/occupation_domaine_public\/terrasse\/2025\/plans\/000344.pdf",
        "superficie_autorisee": 3,
        "url_autorisation": "https:\/\/sig.strasbourg.eu\/datastrasbourg\/occupation_domaine_public\/terrasse\/2025\/autorisations\/A000344.pdf",
        "ville": "STRASBOURG",
        "adresse_etablissement": "36 B RUE DU BAIN-AUX-PLANTES"
      }
    },
    {
      "type": "Feature",
      "geometry": {
        "coordinates": [
          [
            [7.7475808068, 48.5837731004],
            [7.7473886544, 48.5837268375],
            [7.7473896814, 48.5837257593],
            [7.7473860505, 48.5837246772],
            [7.747391768, 48.5837157667],
            [7.7475858736, 48.5837646399],
            [7.7475808068, 48.5837731004]
          ]
        ],
        "type": "Polygon"
      },
      "properties": {
        "geo_point_2d": { "lon": 7.74748291029427, "lat": 48.58374412780609 },
        "nom_enseigne": "BIERSTUB LE SCHLUCH",
        "identifiant": "001145",
        "url_plan": "https:\/\/sig.strasbourg.eu\/datastrasbourg\/occupation_domaine_public\/terrasse\/2025\/plans\/000357.pdf",
        "superficie_autorisee": 17,
        "url_autorisation": "https:\/\/sig.strasbourg.eu\/datastrasbourg\/occupation_domaine_public\/terrasse\/2025\/autorisations\/A000357.pdf",
        "ville": "STRASBOURG",
        "adresse_etablissement": "3 RUE DE L'OUTRE"
      }
    },
    {
      "type": "Feature",
      "geometry": {
        "coordinates": [
          [
            [7.7472669669, 48.583654536],
            [7.747191956, 48.5836255106],
            [7.7472033085, 48.5836122069],
            [7.7472672569, 48.5836366122],
            [7.7473215876, 48.5836558697],
            [7.747310372, 48.5836699156],
            [7.7472669669, 48.583654536]
          ]
        ],
        "type": "Polygon"
      },
      "properties": {
        "geo_point_2d": { "lon": 7.747257011146861, "lat": 48.58364138401656 },
        "nom_enseigne": "BRASSERIE FLODERER",
        "identifiant": "001444",
        "url_plan": "https:\/\/sig.strasbourg.eu\/datastrasbourg\/occupation_domaine_public\/terrasse\/2025\/plans\/000360.pdf",
        "superficie_autorisee": 17,
        "url_autorisation": "https:\/\/sig.strasbourg.eu\/datastrasbourg\/occupation_domaine_public\/terrasse\/2025\/autorisations\/A000360.pdf",
        "ville": "STRASBOURG",
        "adresse_etablissement": "6 -8 RUE DE L'OUTRE"
      }
    },
    {
      "type": "Feature",
      "geometry": {
        "coordinates": [
          [
            [7.7480752911, 48.5828596498],
            [7.7479803582, 48.5828203846],
            [7.7480261431, 48.5827722448],
            [7.7481130967, 48.5827929779],
            [7.7480752911, 48.5828596498]
          ]
        ],
        "type": "Polygon"
      },
      "properties": {
        "geo_point_2d": { "lon": 7.748049751780355, "lat": 48.5828127833447 },
        "nom_enseigne": "PORCUS",
        "identifiant": "001479",
        "url_plan": "https:\/\/sig.strasbourg.eu\/datastrasbourg\/occupation_domaine_public\/terrasse\/2025\/plans\/000365.pdf",
        "superficie_autorisee": 53,
        "url_autorisation": "https:\/\/sig.strasbourg.eu\/datastrasbourg\/occupation_domaine_public\/terrasse\/2025\/autorisations\/A000365.pdf",
        "ville": "STRASBOURG",
        "adresse_etablissement": "6 PCE DU TEMPLE-NEUF"
      }
    },
    {
      "type": "Feature",
      "geometry": {
        "coordinates": [
          [
            [7.7493336013, 48.5832771445],
            [7.7494216666, 48.5833005077],
            [7.7493901769, 48.5833341091],
            [7.7493560241, 48.5833448408],
            [7.7493202857, 48.5833076933],
            [7.7493336013, 48.5832771445]
          ]
        ],
        "type": "Polygon"
      },
      "properties": {
        "geo_point_2d": { "lon": 7.749365536315747, "lat": 48.5833099451701 },
        "nom_enseigne": "WINE STUB VINO STRADA",
        "identifiant": "001277",
        "url_plan": "https:\/\/sig.strasbourg.eu\/datastrasbourg\/occupation_domaine_public\/terrasse\/2025\/plans\/000366.pdf",
        "superficie_autorisee": 32,
        "url_autorisation": "https:\/\/sig.strasbourg.eu\/datastrasbourg\/occupation_domaine_public\/terrasse\/2025\/autorisations\/A000366.pdf",
        "ville": "STRASBOURG",
        "adresse_etablissement": "8 RUE DU TEMPLE-NEUF"
      }
    },
    {
      "type": "Feature",
      "geometry": {
        "coordinates": [
          [
            [7.7424476978, 48.5827751614],
            [7.7423346036, 48.5827839185],
            [7.7423325709, 48.5827661167],
            [7.7423627939, 48.5827645934],
            [7.742482366, 48.5827552562],
            [7.7424853807, 48.582772225],
            [7.7424476978, 48.5827751614]
          ]
        ],
        "type": "Polygon"
      },
      "properties": {
        "geo_point_2d": { "lon": 7.742408497871832, "lat": 48.58276957693258 },
        "nom_enseigne": "CAFE DU 7EME ART",
        "identifiant": "000170",
        "url_plan": "https:\/\/sig.strasbourg.eu\/datastrasbourg\/occupation_domaine_public\/terrasse\/2025\/plans\/000378.pdf",
        "superficie_autorisee": 21,
        "url_autorisation": "https:\/\/sig.strasbourg.eu\/datastrasbourg\/occupation_domaine_public\/terrasse\/2025\/autorisations\/A000378.pdf",
        "ville": "STRASBOURG",
        "adresse_etablissement": "18 RUE DU VINGT-DEUX NOVEMBRE"
      }
    },
    {
      "type": "Feature",
      "geometry": {
        "coordinates": [
          [
            [
              [7.753285024, 48.5840447181],
              [7.753404648, 48.5841540387],
              [7.7533882148, 48.5841619818],
              [7.7532685712, 48.5840526432],
              [7.753285024, 48.5840447181]
            ]
          ],
          [
            [
              [7.7533248238, 48.5842362895],
              [7.7533036011, 48.5842234814],
              [7.7533882148, 48.5841619818],
              [7.7534019394, 48.5841800255],
              [7.7533248238, 48.5842362895]
            ]
          ]
        ],
        "type": "MultiPolygon"
      },
      "properties": {
        "geo_point_2d": { "lon": 7.753344700574174, "lat": 48.584147311348026 },
        "nom_enseigne": "ACADEMIE DE LA BIERE CATHEDRALE",
        "identifiant": "000800",
        "url_plan": "https:\/\/sig.strasbourg.eu\/datastrasbourg\/occupation_domaine_public\/terrasse\/2025\/plans\/000385.pdf",
        "superficie_autorisee": 41,
        "url_autorisation": "https:\/\/sig.strasbourg.eu\/datastrasbourg\/occupation_domaine_public\/terrasse\/2025\/autorisations\/A000385.pdf",
        "ville": "STRASBOURG",
        "adresse_etablissement": "29 RUE DES JUIFS"
      }
    },
    {
      "type": "Feature",
      "geometry": {
        "coordinates": [
          [
            [7.7444031995, 48.5826338686],
            [7.7444850174, 48.5826412167],
            [7.7444770868, 48.5826795272],
            [7.744395185, 48.5826723149],
            [7.7444031995, 48.5826338686]
          ]
        ],
        "type": "Polygon"
      },
      "properties": {
        "geo_point_2d": { "lon": 7.744440096728779, "lat": 48.58265673176269 },
        "nom_enseigne": "PATISSERIE RISS",
        "identifiant": "000600",
        "url_plan": "https:\/\/sig.strasbourg.eu\/datastrasbourg\/occupation_domaine_public\/terrasse\/2025\/plans\/000391.pdf",
        "superficie_autorisee": 26,
        "url_autorisation": "https:\/\/sig.strasbourg.eu\/datastrasbourg\/occupation_domaine_public\/terrasse\/2025\/autorisations\/A000391.pdf",
        "ville": "STRASBOURG",
        "adresse_etablissement": "35 RUE DU VINGT-DEUX NOVEMBRE"
      }
    },
    {
      "type": "Feature",
      "geometry": {
        "coordinates": [
          [
            [7.7392428818, 48.5827968794],
            [7.7393501302, 48.5828805633],
            [7.7393295133, 48.5828922443],
            [7.7392223951, 48.5828086451],
            [7.7392428818, 48.5827968794]
          ]
        ],
        "type": "Polygon"
      },
      "properties": {
        "geo_point_2d": { "lon": 7.739286237418845, "lat": 48.5828445861962 },
        "nom_enseigne": "YUME SUSHI",
        "identifiant": "001802",
        "url_plan": "https:\/\/sig.strasbourg.eu\/datastrasbourg\/occupation_domaine_public\/terrasse\/2025\/plans\/000395.pdf",
        "superficie_autorisee": 24,
        "url_autorisation": "https:\/\/sig.strasbourg.eu\/datastrasbourg\/occupation_domaine_public\/terrasse\/2025\/autorisations\/A000395.pdf",
        "ville": "STRASBOURG",
        "adresse_etablissement": "2 PCE SAINT-PIERRE-LE-VIEUX"
      }
    },
    {
      "type": "Feature",
      "geometry": {
        "coordinates": [
          [
            [
              [7.7457013314, 48.5817481714],
              [7.7456987111, 48.5817879408],
              [7.7456521191, 48.5817867646],
              [7.7456538768, 48.5817472107],
              [7.7457013314, 48.5817481714]
            ]
          ],
          [
            [
              [7.7457066126, 48.5817939157],
              [7.745918076, 48.5818049363],
              [7.7459158849, 48.5818183421],
              [7.7457050222, 48.5818073638],
              [7.7457066126, 48.5817939157]
            ]
          ]
        ],
        "type": "MultiPolygon"
      },
      "properties": {
        "geo_point_2d": { "lon": 7.745758073912084, "lat": 48.5817908466251 },
        "nom_enseigne": "AU PETIT MEZZE",
        "identifiant": "001558",
        "url_plan": "https:\/\/sig.strasbourg.eu\/datastrasbourg\/occupation_domaine_public\/terrasse\/2025\/plans\/000396.pdf",
        "superficie_autorisee": 39,
        "url_autorisation": "https:\/\/sig.strasbourg.eu\/datastrasbourg\/occupation_domaine_public\/terrasse\/2025\/autorisations\/A000396.pdf",
        "ville": "STRASBOURG",
        "adresse_etablissement": "2 RUE DE LA DEMI-LUNE"
      }
    },
    {
      "type": "Feature",
      "geometry": {
        "coordinates": [
          [
            [7.744155987, 48.5830098071],
            [7.744173258, 48.5829931083],
            [7.7442631103, 48.5830012383],
            [7.7442586905, 48.5830219348],
            [7.7441928444, 48.583015968],
            [7.7441700333, 48.5830374974],
            [7.744202753, 48.583083039],
            [7.7442293793, 48.5831178015],
            [7.7442199896, 48.5831213929],
            [7.7442146687, 48.5831152763],
            [7.7441453955, 48.583020052],
            [7.744155987, 48.5830098071]
          ]
        ],
        "type": "Polygon"
      },
      "properties": {
        "geo_point_2d": { "lon": 7.744198503246424, "lat": 48.58302919324697 },
        "nom_enseigne": "LA MANDRAGORE",
        "identifiant": "000507",
        "url_plan": "https:\/\/sig.strasbourg.eu\/datastrasbourg\/occupation_domaine_public\/terrasse\/2025\/plans\/000400.pdf",
        "superficie_autorisee": 31,
        "url_autorisation": "https:\/\/sig.strasbourg.eu\/datastrasbourg\/occupation_domaine_public\/terrasse\/2025\/autorisations\/A000400.pdf",
        "ville": "STRASBOURG",
        "adresse_etablissement": "1 RUE DE LA GRANGE"
      }
    },
    {
      "type": "Feature",
      "geometry": {
        "coordinates": [
          [
            [7.7712399493, 48.5832233617],
            [7.771240904, 48.5832242775],
            [7.7712393865, 48.5832250427],
            [7.7712982731, 48.5832756739],
            [7.7712800115, 48.5832850205],
            [7.7712198133, 48.5832337224],
            [7.7712399493, 48.5832233617]
          ]
        ],
        "type": "Polygon"
      },
      "properties": {
        "geo_point_2d": { "lon": 7.771259000117539, "lat": 48.58325452548401 },
        "nom_enseigne": "SNACK CASSIN",
        "identifiant": "001535",
        "url_plan": "https:\/\/sig.strasbourg.eu\/datastrasbourg\/occupation_domaine_public\/terrasse\/2025\/plans\/000436.pdf",
        "superficie_autorisee": 12,
        "url_autorisation": "https:\/\/sig.strasbourg.eu\/datastrasbourg\/occupation_domaine_public\/terrasse\/2025\/autorisations\/A000436.pdf",
        "ville": "STRASBOURG",
        "adresse_etablissement": "1 RUE STIMMER"
      }
    },
    {
      "type": "Feature",
      "geometry": {
        "coordinates": [
          [
            [7.7474522777, 48.5819768789],
            [7.7474296499, 48.5819993386],
            [7.7473814013, 48.5819788773],
            [7.747398774, 48.5819542269],
            [7.7474522777, 48.5819768789]
          ]
        ],
        "type": "Polygon"
      },
      "properties": {
        "geo_point_2d": { "lon": 7.747415701901496, "lat": 48.581977130551735 },
        "nom_enseigne": "RAMEN SHOP",
        "identifiant": "001837",
        "url_plan": "https:\/\/sig.strasbourg.eu\/datastrasbourg\/occupation_domaine_public\/terrasse\/2025\/plans\/000447.pdf",
        "superficie_autorisee": 13,
        "url_autorisation": "https:\/\/sig.strasbourg.eu\/datastrasbourg\/occupation_domaine_public\/terrasse\/2025\/autorisations\/A000447.pdf",
        "ville": "STRASBOURG",
        "adresse_etablissement": "22 RUE DU VIEUX MARCHE AUX GRAINS"
      }
    },
    {
      "type": "Feature",
      "geometry": {
        "coordinates": [
          [
            [7.7513367474, 48.5685365754],
            [7.7513660078, 48.5684389727],
            [7.7513846135, 48.5684414296],
            [7.7513556307, 48.5685392034],
            [7.7513367474, 48.5685365754]
          ]
        ],
        "type": "Polygon"
      },
      "properties": {
        "geo_point_2d": { "lon": 7.751360711010521, "lat": 48.568489182719745 },
        "nom_enseigne": "RESTAURANT BRASSERIE SCHLUTHFELD",
        "identifiant": "000011",
        "url_plan": "https:\/\/sig.strasbourg.eu\/datastrasbourg\/occupation_domaine_public\/terrasse\/2025\/plans\/000454.pdf",
        "superficie_autorisee": 16,
        "url_autorisation": "https:\/\/sig.strasbourg.eu\/datastrasbourg\/occupation_domaine_public\/terrasse\/2025\/autorisations\/A000454.pdf",
        "ville": "STRASBOURG",
        "adresse_etablissement": "70 RTE DE L'HOPITAL"
      }
    },
    {
      "type": "Feature",
      "geometry": {
        "coordinates": [
          [
            [7.7592754068, 48.5655540654],
            [7.7592864324, 48.5655431575],
            [7.7593121474, 48.5655177365],
            [7.7593405194, 48.5655299945],
            [7.7593035308, 48.5655665882],
            [7.7592754068, 48.5655540654]
          ]
        ],
        "type": "Polygon"
      },
      "properties": {
        "geo_point_2d": { "lon": 7.7593079151238955, "lat": 48.56554210467562 },
        "nom_enseigne": "BRASSERIE DU SCALA",
        "identifiant": "001511",
        "url_plan": "https:\/\/sig.strasbourg.eu\/datastrasbourg\/occupation_domaine_public\/terrasse\/2025\/plans\/000471.pdf",
        "superficie_autorisee": 12,
        "url_autorisation": "https:\/\/sig.strasbourg.eu\/datastrasbourg\/occupation_domaine_public\/terrasse\/2025\/autorisations\/A000471.pdf",
        "ville": "STRASBOURG",
        "adresse_etablissement": "96 RTE DU POLYGONE"
      }
    },
    {
      "type": "Feature",
      "geometry": {
        "coordinates": [
          [
            [7.7377848326, 48.5824805068],
            [7.7378245096, 48.5823605498],
            [7.7378265423, 48.5823493755],
            [7.7378821405, 48.5823556255],
            [7.7378609399, 48.5824264032],
            [7.7378562672, 48.5824442535],
            [7.7378964251, 48.5824486778],
            [7.7378841558, 48.5824988935],
            [7.7377848326, 48.5824805068]
          ]
        ],
        "type": "Polygon"
      },
      "properties": {
        "geo_point_2d": { "lon": 7.737841664423716, "lat": 48.582430841174904 },
        "nom_enseigne": "KITSCH'N BAR",
        "identifiant": "000034",
        "url_plan": "https:\/\/sig.strasbourg.eu\/datastrasbourg\/occupation_domaine_public\/terrasse\/2025\/plans\/000476.pdf",
        "superficie_autorisee": 81,
        "url_autorisation": "https:\/\/sig.strasbourg.eu\/datastrasbourg\/occupation_domaine_public\/terrasse\/2025\/autorisations\/A000476.pdf",
        "ville": "STRASBOURG",
        "adresse_etablissement": "8 QUAI CHARLES ALTORFFER"
      }
    },
    {
      "type": "Feature",
      "geometry": {
        "coordinates": [
          [
            [7.7342945845, 48.5821226657],
            [7.7343687633, 48.5821275718],
            [7.7343658056, 48.5821472588],
            [7.7342916267, 48.5821423527],
            [7.7342945845, 48.5821226657]
          ]
        ],
        "type": "Polygon"
      },
      "properties": {
        "geo_point_2d": { "lon": 7.734330195022614, "lat": 48.58213496225206 },
        "nom_enseigne": "GRILL NATIONAL",
        "identifiant": "001164",
        "url_plan": "https:\/\/sig.strasbourg.eu\/datastrasbourg\/occupation_domaine_public\/terrasse\/2025\/plans\/000480.pdf",
        "superficie_autorisee": 12,
        "url_autorisation": "https:\/\/sig.strasbourg.eu\/datastrasbourg\/occupation_domaine_public\/terrasse\/2025\/autorisations\/A000480.pdf",
        "ville": "STRASBOURG",
        "adresse_etablissement": "39 RUE DU FAUBOURG NATIONAL"
      }
    },
    {
      "type": "Feature",
      "geometry": {
        "coordinates": [
          [
            [7.7355778719, 48.582452309],
            [7.7354903573, 48.5824455765],
            [7.7354958211, 48.5824143105],
            [7.7355830739, 48.5824210229],
            [7.7355778719, 48.582452309]
          ]
        ],
        "type": "Polygon"
      },
      "properties": {
        "geo_point_2d": { "lon": 7.735536779709323, "lat": 48.58243331253262 },
        "nom_enseigne": "BRASSERIE LA CHOPE",
        "identifiant": "001601",
        "url_plan": "https:\/\/sig.strasbourg.eu\/datastrasbourg\/occupation_domaine_public\/terrasse\/2025\/plans\/000485.pdf",
        "superficie_autorisee": 23,
        "url_autorisation": "https:\/\/sig.strasbourg.eu\/datastrasbourg\/occupation_domaine_public\/terrasse\/2025\/autorisations\/A000485.pdf",
        "ville": "STRASBOURG",
        "adresse_etablissement": "52 RUE DU FAUBOURG NATIONAL"
      }
    },
    {
      "type": "Feature",
      "geometry": {
        "coordinates": [
          [
            [
              [7.7364607501, 48.5844231799],
              [7.7364411409, 48.5843778476],
              [7.7364948642, 48.5843675425],
              [7.7364979847, 48.5843740877],
              [7.736523396, 48.5844388594],
              [7.7365312331, 48.5844638263],
              [7.7365368536, 48.5844858533],
              [7.736514112, 48.5844896104],
              [7.7365135858, 48.5844883101],
              [7.7364907938, 48.584492655],
              [7.7364738175, 48.5844533886],
              [7.7364791244, 48.584446766],
              [7.7364705347, 48.5844269162],
              [7.7364607501, 48.5844231799]
            ]
          ],
          [
            [
              [7.73639927, 48.5843859399],
              [7.7364411409, 48.5843778476],
              [7.7364607256, 48.5844231923],
              [7.7364705102, 48.5844269286],
              [7.7364790999, 48.5844467783],
              [7.7364737929, 48.584453401],
              [7.7364907692, 48.5844926674],
              [7.7364463943, 48.5845009228],
              [7.73639927, 48.5843859399]
            ]
          ]
        ],
        "type": "MultiPolygon"
      },
      "properties": {
        "geo_point_2d": { "lon": 7.736470096448526, "lat": 48.584434090174035 },
        "nom_enseigne": "BRASSERIE LE DIX",
        "identifiant": "001283",
        "url_plan": "https:\/\/sig.strasbourg.eu\/datastrasbourg\/occupation_domaine_public\/terrasse\/2025\/plans\/000490.pdf",
        "superficie_autorisee": 97,
        "url_autorisation": "https:\/\/sig.strasbourg.eu\/datastrasbourg\/occupation_domaine_public\/terrasse\/2025\/autorisations\/A000490.pdf",
        "ville": "STRASBOURG",
        "adresse_etablissement": "10 PCE DE LA GARE"
      }
    },
    {
      "type": "Feature",
      "geometry": {
        "coordinates": [
          [
            [7.7366611802, 48.5841084209],
            [7.7365465647, 48.5841537671],
            [7.7365297029, 48.5841355787],
            [7.7366453882, 48.5840908709],
            [7.7366611802, 48.5841084209]
          ]
        ],
        "type": "Polygon"
      },
      "properties": {
        "geo_point_2d": { "lon": 7.736595286673802, "lat": 48.58412231824994 },
        "nom_enseigne": "L'EXPRESSO",
        "identifiant": "001330",
        "url_plan": "https:\/\/sig.strasbourg.eu\/datastrasbourg\/occupation_domaine_public\/terrasse\/2025\/plans\/000497.pdf",
        "superficie_autorisee": 23,
        "url_autorisation": "https:\/\/sig.strasbourg.eu\/datastrasbourg\/occupation_domaine_public\/terrasse\/2025\/autorisations\/A000497.pdf",
        "ville": "STRASBOURG",
        "adresse_etablissement": "17 RUE DU MAIRE KUSS"
      }
    },
    {
      "type": "Feature",
      "geometry": {
        "coordinates": [
          [
            [7.755233993, 48.5901302524],
            [7.7552415123, 48.5901421677],
            [7.7551899744, 48.5901571264],
            [7.7551822036, 48.5901450723],
            [7.755233993, 48.5901302524]
          ]
        ],
        "type": "Polygon"
      },
      "properties": {
        "geo_point_2d": { "lon": 7.755211855014731, "lat": 48.590143670516085 },
        "nom_enseigne": "CAFE DE LA PAIX",
        "identifiant": "000791",
        "url_plan": "https:\/\/sig.strasbourg.eu\/datastrasbourg\/occupation_domaine_public\/terrasse\/2025\/plans\/000508.pdf",
        "superficie_autorisee": 6,
        "url_autorisation": "https:\/\/sig.strasbourg.eu\/datastrasbourg\/occupation_domaine_public\/terrasse\/2025\/autorisations\/A000508.pdf",
        "ville": "STRASBOURG",
        "adresse_etablissement": "4 RUE STRAUSS-DURKHEIM"
      }
    },
    {
      "type": "Feature",
      "geometry": {
        "coordinates": [
          [
            [7.7458946122, 48.5884217409],
            [7.7458771888, 48.5884176965],
            [7.7459136233, 48.5883500953],
            [7.7459374685, 48.5883558912],
            [7.7459243802, 48.5883641209],
            [7.7459251451, 48.5883643149],
            [7.7458946122, 48.5884217409]
          ]
        ],
        "type": "Polygon"
      },
      "properties": {
        "geo_point_2d": { "lon": 7.745904625785238, "lat": 48.58838533147306 },
        "nom_enseigne": "MONT LIBAN",
        "identifiant": "001223",
        "url_plan": "https:\/\/sig.strasbourg.eu\/datastrasbourg\/occupation_domaine_public\/terrasse\/2025\/plans\/000522.pdf",
        "superficie_autorisee": 11,
        "url_autorisation": "https:\/\/sig.strasbourg.eu\/datastrasbourg\/occupation_domaine_public\/terrasse\/2025\/autorisations\/A000522.pdf",
        "ville": "STRASBOURG",
        "adresse_etablissement": "26 RUE DU FAUBOURG-DE-PIERRE"
      }
    },
    {
      "type": "Feature",
      "geometry": {
        "coordinates": [
          [
            [7.7451444463, 48.5892936312],
            [7.7451478428, 48.5892923769],
            [7.7451484532, 48.5892925141],
            [7.7451512594, 48.5892869033],
            [7.7451507319, 48.5892867807],
            [7.7452116161, 48.5891712609],
            [7.7452120194, 48.5891713615],
            [7.7452136586, 48.5891683933],
            [7.7452144228, 48.5891685783],
            [7.7452153882, 48.5891668359],
            [7.7452333028, 48.5891709913],
            [7.7451650728, 48.5893004489],
            [7.7451444463, 48.5892936312]
          ]
        ],
        "type": "Polygon"
      },
      "properties": {
        "geo_point_2d": { "lon": 7.745189799556738, "lat": 48.58923316995623 },
        "nom_enseigne": "FAUBOURG 53",
        "identifiant": "000133",
        "url_plan": "https:\/\/sig.strasbourg.eu\/datastrasbourg\/occupation_domaine_public\/terrasse\/2025\/plans\/000523.pdf",
        "superficie_autorisee": 23,
        "url_autorisation": "https:\/\/sig.strasbourg.eu\/datastrasbourg\/occupation_domaine_public\/terrasse\/2025\/autorisations\/A000523.pdf",
        "ville": "STRASBOURG",
        "adresse_etablissement": "53 RUE DU FAUBOURG-DE-PIERRE"
      }
    },
    {
      "type": "Feature",
      "geometry": {
        "coordinates": [
          [
            [7.7448443853, 48.5898729362],
            [7.7448648783, 48.5898329425],
            [7.7448648973, 48.5898329364],
            [7.7448802924, 48.5898363913],
            [7.7448597869, 48.5898764093],
            [7.7448443853, 48.5898729362]
          ]
        ],
        "type": "Polygon"
      },
      "properties": {
        "geo_point_2d": { "lon": 7.7448623374020285, "lat": 48.58985466760253 },
        "nom_enseigne": "IL PANZEROTTO",
        "identifiant": "001772",
        "url_plan": "https:\/\/sig.strasbourg.eu\/datastrasbourg\/occupation_domaine_public\/terrasse\/2025\/plans\/000526.pdf",
        "superficie_autorisee": 6,
        "url_autorisation": "https:\/\/sig.strasbourg.eu\/datastrasbourg\/occupation_domaine_public\/terrasse\/2025\/autorisations\/A000526.pdf",
        "ville": "STRASBOURG",
        "adresse_etablissement": "63 RUE DU FAUBOURG-DE-PIERRE"
      }
    },
    {
      "type": "Feature",
      "geometry": {
        "coordinates": [
          [
            [
              [7.7435610829, 48.5910960175],
              [7.7435666381, 48.5910832184],
              [7.7436573356, 48.5911002979],
              [7.7436568555, 48.5911014167],
              [7.7436692769, 48.5911038373],
              [7.7436639164, 48.5911152919],
              [7.7435610829, 48.5910960175]
            ]
          ],
          [
            [
              [7.7437414452, 48.5911120329],
              [7.743794495, 48.5910724556],
              [7.743842664, 48.5911008605],
              [7.7438220319, 48.5911146413],
              [7.743810694, 48.591120817],
              [7.7437955692, 48.5911269382],
              [7.7437747573, 48.5911325848],
              [7.7437414452, 48.5911120329]
            ]
          ]
        ],
        "type": "MultiPolygon"
      },
      "properties": {
        "geo_point_2d": { "lon": 7.743736730033626, "lat": 48.591102864736506 },
        "nom_enseigne": "LE CERF",
        "identifiant": "001694",
        "url_plan": "https:\/\/sig.strasbourg.eu\/datastrasbourg\/occupation_domaine_public\/terrasse\/2025\/plans\/000541.pdf",
        "superficie_autorisee": 37,
        "url_autorisation": "https:\/\/sig.strasbourg.eu\/datastrasbourg\/occupation_domaine_public\/terrasse\/2025\/autorisations\/A000541.pdf",
        "ville": "STRASBOURG",
        "adresse_etablissement": "9 RUE DE HAGUENAU"
      }
    },
    {
      "type": "Feature",
      "geometry": {
        "coordinates": [
          [
            [
              [7.7827421844, 48.6023360518],
              [7.7827316013, 48.6023376303],
              [7.7827232895, 48.6023130571],
              [7.7827338738, 48.6023114823],
              [7.7827421844, 48.6023360518]
            ]
          ],
          [
            [
              [7.7827812547, 48.6024228019],
              [7.782761409, 48.6024257547],
              [7.7827335086, 48.6023432692],
              [7.782753355, 48.6023403186],
              [7.7827812547, 48.6024228019]
            ]
          ]
        ],
        "type": "MultiPolygon"
      },
      "properties": {
        "geo_point_2d": { "lon": 7.7827540031549605, "lat": 48.602375018777 },
        "nom_enseigne": "CAFES HENRI",
        "identifiant": "000485",
        "url_plan": "https:\/\/sig.strasbourg.eu\/datastrasbourg\/occupation_domaine_public\/terrasse\/2025\/plans\/000547.pdf",
        "superficie_autorisee": 16,
        "url_autorisation": "https:\/\/sig.strasbourg.eu\/datastrasbourg\/occupation_domaine_public\/terrasse\/2025\/autorisations\/A000547.pdf",
        "ville": "STRASBOURG",
        "adresse_etablissement": "99 RUE BOECKLIN"
      }
    },
    {
      "type": "Feature",
      "geometry": {
        "coordinates": [
          [
            [7.7170539586, 48.5925237703],
            [7.7169494422, 48.5925417909],
            [7.7169450911, 48.5925314533],
            [7.7170501554, 48.5925132361],
            [7.7170539586, 48.5925237703]
          ]
        ],
        "type": "Polygon"
      },
      "properties": {
        "geo_point_2d": { "lon": 7.7169997397721435, "lat": 48.59252754398798 },
        "nom_enseigne": "GOOD SNACK",
        "identifiant": "001599",
        "url_plan": "https:\/\/sig.strasbourg.eu\/datastrasbourg\/occupation_domaine_public\/terrasse\/2025\/plans\/000559.pdf",
        "superficie_autorisee": 10,
        "url_autorisation": "https:\/\/sig.strasbourg.eu\/datastrasbourg\/occupation_domaine_public\/terrasse\/2025\/autorisations\/A000559.pdf",
        "ville": "STRASBOURG",
        "adresse_etablissement": "62 RTE D'OBERHAUSBERGEN"
      }
    },
    {
      "type": "Feature",
      "geometry": {
        "coordinates": [
          [
            [7.7615771866, 48.5858577645],
            [7.7618167892, 48.5857943302],
            [7.7618525351, 48.5858543582],
            [7.7618340697, 48.5858589883],
            [7.7618332804, 48.5858576602],
            [7.7618241351, 48.5858602249],
            [7.7618249506, 48.5858615429],
            [7.7617869954, 48.5858719211],
            [7.7617861664, 48.5858706036],
            [7.7617770103, 48.5858730516],
            [7.7617778401, 48.5858743781],
            [7.7617374398, 48.5858854783],
            [7.7617361473, 48.585883414],
            [7.7617270081, 48.5858858973],
            [7.7617273698, 48.5858868646],
            [7.7616938042, 48.5858959634],
            [7.7616930315, 48.585894959],
            [7.761686152, 48.5858969171],
            [7.7616841483, 48.5858975489],
            [7.761681832, 48.585903879],
            [7.761683702, 48.5859042708],
            [7.7616752286, 48.5859275943],
            [7.7616734955, 48.5859273591],
            [7.7615771866, 48.5858577645]
          ]
        ],
        "type": "Polygon"
      },
      "properties": {
        "geo_point_2d": { "lon": 7.761721032404465, "lat": 48.58585481958203 },
        "nom_enseigne": "CAFE BRANT",
        "identifiant": "000083",
        "url_plan": "https:\/\/sig.strasbourg.eu\/datastrasbourg\/occupation_domaine_public\/terrasse\/2025\/plans\/000575.pdf",
        "superficie_autorisee": 130,
        "url_autorisation": "https:\/\/sig.strasbourg.eu\/datastrasbourg\/occupation_domaine_public\/terrasse\/2025\/autorisations\/A000575.pdf",
        "ville": "STRASBOURG",
        "adresse_etablissement": "11 PCE DE L'UNIVERSITE"
      }
    },
    {
      "type": "Feature",
      "geometry": {
        "coordinates": [
          [
            [7.7578010495, 48.591713762],
            [7.7578933678, 48.5918439671],
            [7.7578786379, 48.5918485623],
            [7.7577863332, 48.5917183567],
            [7.7578010495, 48.591713762]
          ]
        ],
        "type": "Polygon"
      },
      "properties": {
        "geo_point_2d": { "lon": 7.757839853098969, "lat": 48.59178117043677 },
        "nom_enseigne": "CHEZ FRANCHI",
        "identifiant": "012973",
        "url_plan": "https:\/\/sig.strasbourg.eu\/datastrasbourg\/occupation_domaine_public\/terrasse\/2025\/plans\/000590.pdf",
        "superficie_autorisee": 19,
        "url_autorisation": "https:\/\/sig.strasbourg.eu\/datastrasbourg\/occupation_domaine_public\/terrasse\/2025\/autorisations\/A000590.pdf",
        "ville": "STRASBOURG",
        "adresse_etablissement": "4 -5 RUE RENE HIRSCHLER"
      }
    },
    {
      "type": "Feature",
      "geometry": {
        "coordinates": [
          [
            [7.768730286, 48.5872664143],
            [7.7687365037, 48.5872745495],
            [7.7686409824, 48.5873060725],
            [7.7686348907, 48.5872978953],
            [7.768730286, 48.5872664143]
          ]
        ],
        "type": "Polygon"
      },
      "properties": {
        "geo_point_2d": { "lon": 7.768685666051176, "lat": 48.587286233906916 },
        "nom_enseigne": "LE JASMIN",
        "identifiant": "000193",
        "url_plan": "https:\/\/sig.strasbourg.eu\/datastrasbourg\/occupation_domaine_public\/terrasse\/2025\/plans\/000611.pdf",
        "superficie_autorisee": 8,
        "url_autorisation": "https:\/\/sig.strasbourg.eu\/datastrasbourg\/occupation_domaine_public\/terrasse\/2025\/autorisations\/A000611.pdf",
        "ville": "STRASBOURG",
        "adresse_etablissement": "1 RUE SCHIMPER"
      }
    },
    {
      "type": "Feature",
      "geometry": {
        "coordinates": [
          [
            [7.758923911, 48.5672608591],
            [7.7589178895, 48.5672708835],
            [7.758739119, 48.5672235814],
            [7.7587452512, 48.5672135867],
            [7.758923911, 48.5672608591]
          ]
        ],
        "type": "Polygon"
      },
      "properties": {
        "geo_point_2d": { "lon": 7.758831542885365, "lat": 48.567242228331494 },
        "nom_enseigne": "LARD ET CREME",
        "identifiant": "001621",
        "url_plan": "https:\/\/sig.strasbourg.eu\/datastrasbourg\/occupation_domaine_public\/terrasse\/2025\/plans\/000616.pdf",
        "superficie_autorisee": 17,
        "url_autorisation": "https:\/\/sig.strasbourg.eu\/datastrasbourg\/occupation_domaine_public\/terrasse\/2025\/autorisations\/A000616.pdf",
        "ville": "STRASBOURG",
        "adresse_etablissement": "4 RUE DE THANN"
      }
    },
    {
      "type": "Feature",
      "geometry": {
        "coordinates": [
          [
            [7.7376805511, 48.5848424063],
            [7.7376756592, 48.5847993534],
            [7.7377026901, 48.5847979865],
            [7.7377076346, 48.5848410279],
            [7.7376805511, 48.5848424063]
          ]
        ],
        "type": "Polygon"
      },
      "properties": {
        "geo_point_2d": { "lon": 7.737691634102035, "lat": 48.58482020065508 },
        "nom_enseigne": "LE KUHN",
        "identifiant": "001485",
        "url_plan": "https:\/\/sig.strasbourg.eu\/datastrasbourg\/occupation_domaine_public\/terrasse\/2025\/plans\/000635.pdf",
        "superficie_autorisee": 10,
        "url_autorisation": "https:\/\/sig.strasbourg.eu\/datastrasbourg\/occupation_domaine_public\/terrasse\/2025\/autorisations\/A000635.pdf",
        "ville": "STRASBOURG",
        "adresse_etablissement": "15 RUE KUHN"
      }
    },
    {
      "type": "Feature",
      "geometry": {
        "coordinates": [
          [
            [7.7627261741, 48.5691466192],
            [7.7627636322, 48.5692054314],
            [7.7627508388, 48.5692084427],
            [7.7627136929, 48.5691501206],
            [7.7627261741, 48.5691466192]
          ]
        ],
        "type": "Polygon"
      },
      "properties": {
        "geo_point_2d": { "lon": 7.762738593323451, "lat": 48.569177651220876 },
        "nom_enseigne": "CAFE TABAC DE LA MUSAU",
        "identifiant": "011061",
        "url_plan": "https:\/\/sig.strasbourg.eu\/datastrasbourg\/occupation_domaine_public\/terrasse\/2025\/plans\/000650.pdf",
        "superficie_autorisee": 7,
        "url_autorisation": "https:\/\/sig.strasbourg.eu\/datastrasbourg\/occupation_domaine_public\/terrasse\/2025\/autorisations\/A000650.pdf",
        "ville": "STRASBOURG",
        "adresse_etablissement": "4 RUE DE RATHSAMHAUSEN"
      }
    },
    {
      "type": "Feature",
      "geometry": {
        "coordinates": [
          [
            [7.7465095929, 48.5823590732],
            [7.7463740663, 48.582358183],
            [7.7463746911, 48.5823168193],
            [7.7465097851, 48.5823240162],
            [7.746530238, 48.5823259368],
            [7.7466181402, 48.5823391002],
            [7.7466175054, 48.5823600385],
            [7.7465095929, 48.5823590732]
          ]
        ],
        "type": "Polygon"
      },
      "properties": {
        "geo_point_2d": { "lon": 7.746484577087797, "lat": 48.582341520943885 },
        "nom_enseigne": "IL FORNO",
        "identifiant": "000379",
        "url_plan": "https:\/\/sig.strasbourg.eu\/datastrasbourg\/occupation_domaine_public\/terrasse\/2025\/plans\/000665.pdf",
        "superficie_autorisee": 68,
        "url_autorisation": "https:\/\/sig.strasbourg.eu\/datastrasbourg\/occupation_domaine_public\/terrasse\/2025\/autorisations\/A000665.pdf",
        "ville": "STRASBOURG",
        "adresse_etablissement": "4 RUE DU SAUMON"
      }
    },
    {
      "type": "Feature",
      "geometry": {
        "coordinates": [
          [
            [7.7582954461, 48.5833897799],
            [7.7583300235, 48.5834264029],
            [7.7583013259, 48.5834383286],
            [7.7582667079, 48.5834017072],
            [7.7582954461, 48.5833897799]
          ]
        ],
        "type": "Polygon"
      },
      "properties": {
        "geo_point_2d": { "lon": 7.758298372097275, "lat": 48.583414051733314 },
        "nom_enseigne": "AUX QUAIS DES SAVEURS",
        "identifiant": "001797",
        "url_plan": "https:\/\/sig.strasbourg.eu\/datastrasbourg\/occupation_domaine_public\/terrasse\/2025\/plans\/000755.pdf",
        "superficie_autorisee": 12,
        "url_autorisation": "https:\/\/sig.strasbourg.eu\/datastrasbourg\/occupation_domaine_public\/terrasse\/2025\/autorisations\/A000755.pdf",
        "ville": "STRASBOURG",
        "adresse_etablissement": "15 QUAI DES PECHEURS"
      }
    },
    {
      "type": "Feature",
      "geometry": {
        "coordinates": [
          [
            [
              [7.746061408, 48.583748047],
              [7.7460715122, 48.5836764275],
              [7.7462199567, 48.5836856467],
              [7.7462151153, 48.5837243086],
              [7.7461708212, 48.5837218673],
              [7.7461464209, 48.5837533282],
              [7.746061408, 48.583748047]
            ]
          ],
          [
            [
              [7.7462352721, 48.5837588487],
              [7.7462442424, 48.5836871583],
              [7.7463333894, 48.583692063],
              [7.7463244201, 48.5837637624],
              [7.7462352721, 48.5837588487]
            ]
          ]
        ],
        "type": "MultiPolygon"
      },
      "properties": {
        "geo_point_2d": { "lon": 7.746195670370525, "lat": 48.58371775599872 },
        "nom_enseigne": "STARBUCKS COFFEE",
        "identifiant": "011054",
        "url_plan": "https:\/\/sig.strasbourg.eu\/datastrasbourg\/occupation_domaine_public\/terrasse\/2025\/plans\/000771.pdf",
        "superficie_autorisee": 126,
        "url_autorisation": "https:\/\/sig.strasbourg.eu\/datastrasbourg\/occupation_domaine_public\/terrasse\/2025\/autorisations\/A000771.pdf",
        "ville": "STRASBOURG",
        "adresse_etablissement": "31 PCE KLEBER"
      }
    },
    {
      "type": "Feature",
      "geometry": {
        "coordinates": [
          [
            [
              [7.7491581315, 48.5801303101],
              [7.7491389909, 48.5801235469],
              [7.7491876572, 48.5800629086],
              [7.7492072686, 48.5800696945],
              [7.7491581315, 48.5801303101]
            ]
          ],
          [
            [
              [7.7490501522, 48.5800832612],
              [7.7491389909, 48.5801235469],
              [7.7491311279, 48.5801308738],
              [7.7490425048, 48.5800906859],
              [7.7490501522, 48.5800832612]
            ]
          ]
        ],
        "type": "MultiPolygon"
      },
      "properties": {
        "geo_point_2d": { "lon": 7.7491408850027526, "lat": 48.58010064992496 },
        "nom_enseigne": "LA CREPE GOURMANDE",
        "identifiant": "001175",
        "url_plan": "https:\/\/sig.strasbourg.eu\/datastrasbourg\/occupation_domaine_public\/terrasse\/2025\/plans\/000772.pdf",
        "superficie_autorisee": 20,
        "url_autorisation": "https:\/\/sig.strasbourg.eu\/datastrasbourg\/occupation_domaine_public\/terrasse\/2025\/autorisations\/A000772.pdf",
        "ville": "STRASBOURG",
        "adresse_etablissement": "11 RUE DES TONNELIERS"
      }
    },
    {
      "type": "Feature",
      "geometry": {
        "coordinates": [
          [
            [7.7581177864, 48.5832153081],
            [7.7580998684, 48.5832235014],
            [7.7580708888, 48.5831961614],
            [7.75808843, 48.5831876641],
            [7.7581177864, 48.5832153081]
          ]
        ],
        "type": "Polygon"
      },
      "properties": {
        "geo_point_2d": { "lon": 7.758094265614912, "lat": 48.58320565530581 },
        "nom_enseigne": "COFFEE STUB",
        "identifiant": "010949",
        "url_plan": "https:\/\/sig.strasbourg.eu\/datastrasbourg\/occupation_domaine_public\/terrasse\/2025\/plans\/000819.pdf",
        "superficie_autorisee": 6,
        "url_autorisation": "https:\/\/sig.strasbourg.eu\/datastrasbourg\/occupation_domaine_public\/terrasse\/2025\/autorisations\/A000819.pdf",
        "ville": "STRASBOURG",
        "adresse_etablissement": "12 QUAI DES PECHEURS"
      }
    },
    {
      "type": "Feature",
      "geometry": {
        "coordinates": [
          [
            [7.741731717, 48.5826455746],
            [7.741711386, 48.582645631],
            [7.7417109913, 48.58260066],
            [7.741731322, 48.5826005814],
            [7.741731717, 48.5826455746]
          ]
        ],
        "type": "Polygon"
      },
      "properties": {
        "geo_point_2d": { "lon": 7.74172135491134, "lat": 48.5826231117666 },
        "nom_enseigne": "AEDAEN",
        "identifiant": "010964",
        "url_plan": "https:\/\/sig.strasbourg.eu\/datastrasbourg\/occupation_domaine_public\/terrasse\/2025\/plans\/000831.pdf",
        "superficie_autorisee": 8,
        "url_autorisation": "https:\/\/sig.strasbourg.eu\/datastrasbourg\/occupation_domaine_public\/terrasse\/2025\/autorisations\/A000831.pdf",
        "ville": "STRASBOURG",
        "adresse_etablissement": "6 RUE DES AVEUGLES"
      }
    },
    {
      "type": "Feature",
      "geometry": {
        "coordinates": [
          [
            [7.7361480221, 48.5829935274],
            [7.7361452399, 48.5830023289],
            [7.7361054433, 48.5829967911],
            [7.7361082255, 48.5829879897],
            [7.7361480221, 48.5829935274]
          ]
        ],
        "type": "Polygon"
      },
      "properties": {
        "geo_point_2d": { "lon": 7.736126732735917, "lat": 48.582995159280586 },
        "nom_enseigne": "SONAR BANGLA",
        "identifiant": "011036",
        "url_plan": "https:\/\/sig.strasbourg.eu\/datastrasbourg\/occupation_domaine_public\/terrasse\/2025\/plans\/000835.pdf",
        "superficie_autorisee": 3,
        "url_autorisation": "https:\/\/sig.strasbourg.eu\/datastrasbourg\/occupation_domaine_public\/terrasse\/2025\/autorisations\/A000835.pdf",
        "ville": "STRASBOURG",
        "adresse_etablissement": "19 RUE DE LA COURSE"
      }
    },
    {
      "type": "Feature",
      "geometry": {
        "coordinates": [
          [
            [7.7442045343, 48.5814405543],
            [7.7442670792, 48.5814218153],
            [7.7442809133, 48.5814423378],
            [7.7442187669, 48.5814609573],
            [7.7442045343, 48.5814405543]
          ]
        ],
        "type": "Polygon"
      },
      "properties": {
        "geo_point_2d": { "lon": 7.744242815971398, "lat": 48.581441405267185 },
        "nom_enseigne": "L'ATELIER 116",
        "identifiant": "010977",
        "url_plan": "https:\/\/sig.strasbourg.eu\/datastrasbourg\/occupation_domaine_public\/terrasse\/2025\/plans\/000836.pdf",
        "superficie_autorisee": 13,
        "url_autorisation": "https:\/\/sig.strasbourg.eu\/datastrasbourg\/occupation_domaine_public\/terrasse\/2025\/autorisations\/A000836.pdf",
        "ville": "STRASBOURG",
        "adresse_etablissement": "116 GRAND'RUE"
      }
    },
    {
      "type": "Feature",
      "geometry": {
        "coordinates": [
          [
            [7.694396493, 48.5849173269],
            [7.6943845482, 48.5849246531],
            [7.6942754984, 48.5848444013],
            [7.6942875793, 48.5848371753],
            [7.694396493, 48.5849173269]
          ]
        ],
        "type": "Polygon"
      },
      "properties": {
        "geo_point_2d": { "lon": 7.6943360284979185, "lat": 48.58488088992459 },
        "nom_enseigne": "ROYAL KEBAB",
        "identifiant": "010978",
        "url_plan": "https:\/\/sig.strasbourg.eu\/datastrasbourg\/occupation_domaine_public\/terrasse\/2025\/plans\/000837.pdf",
        "superficie_autorisee": 14,
        "url_autorisation": "https:\/\/sig.strasbourg.eu\/datastrasbourg\/occupation_domaine_public\/terrasse\/2025\/autorisations\/A000837.pdf",
        "ville": "STRASBOURG",
        "adresse_etablissement": "2 RUE JEAN-PHILIPPE SCHOENFELD"
      }
    },
    {
      "type": "Feature",
      "geometry": {
        "coordinates": [
          [
            [7.7660387334, 48.5492463288],
            [7.7660049747, 48.5492480924],
            [7.7659964748, 48.5491763694],
            [7.7660302334, 48.5491746059],
            [7.7660387334, 48.5492463288]
          ]
        ],
        "type": "Polygon"
      },
      "properties": {
        "geo_point_2d": { "lon": 7.766017604073639, "lat": 48.54921134914487 },
        "nom_enseigne": "LOUNGE CAFFE",
        "identifiant": "010974",
        "url_plan": "https:\/\/sig.strasbourg.eu\/datastrasbourg\/occupation_domaine_public\/terrasse\/2025\/plans\/000857.pdf",
        "superficie_autorisee": 20,
        "url_autorisation": "https:\/\/sig.strasbourg.eu\/datastrasbourg\/occupation_domaine_public\/terrasse\/2025\/autorisations\/A000857.pdf",
        "ville": "STRASBOURG",
        "adresse_etablissement": "95 AVE DU NEUHOF"
      }
    },
    {
      "type": "Feature",
      "geometry": {
        "coordinates": [
          [
            [7.7416130489, 48.5835837396],
            [7.7416917379, 48.58359868],
            [7.7416739017, 48.5836415623],
            [7.7415941938, 48.5836269831],
            [7.7416130489, 48.5835837396]
          ]
        ],
        "type": "Polygon"
      },
      "properties": {
        "geo_point_2d": { "lon": 7.741643126857544, "lat": 48.58361276297952 },
        "nom_enseigne": "FALAFEL ET CARAMEL",
        "identifiant": "001389",
        "url_plan": "https:\/\/sig.strasbourg.eu\/datastrasbourg\/occupation_domaine_public\/terrasse\/2025\/plans\/000862.pdf",
        "superficie_autorisee": 30,
        "url_autorisation": "https:\/\/sig.strasbourg.eu\/datastrasbourg\/occupation_domaine_public\/terrasse\/2025\/autorisations\/A000862.pdf",
        "ville": "STRASBOURG",
        "adresse_etablissement": "6 PCE DU VIEUX MARCHE AUX VINS"
      }
    },
    {
      "type": "Feature",
      "geometry": {
        "coordinates": [
          [
            [7.7611214777, 48.573306467],
            [7.7610745398, 48.5733102491],
            [7.7610527053, 48.5731926341],
            [7.7610997725, 48.5731887836],
            [7.7611214777, 48.573306467]
          ]
        ],
        "type": "Polygon"
      },
      "properties": {
        "geo_point_2d": { "lon": 7.761087120326184, "lat": 48.573249504123815 },
        "nom_enseigne": "KFC",
        "identifiant": "001758",
        "url_plan": "https:\/\/sig.strasbourg.eu\/datastrasbourg\/occupation_domaine_public\/terrasse\/2025\/plans\/000865.pdf",
        "superficie_autorisee": 46,
        "url_autorisation": "https:\/\/sig.strasbourg.eu\/datastrasbourg\/occupation_domaine_public\/terrasse\/2025\/autorisations\/A000865.pdf",
        "ville": "STRASBOURG",
        "adresse_etablissement": "3 PCE DAUPHINE"
      }
    },
    {
      "type": "Feature",
      "geometry": {
        "coordinates": [
          [
            [7.7477827463, 48.5798833521],
            [7.7477996876, 48.5798909825],
            [7.7477756133, 48.5799145215],
            [7.7477731515, 48.5799134581],
            [7.7477708574, 48.5799158044],
            [7.7477734498, 48.5799169598],
            [7.7477577466, 48.5799324019],
            [7.7477405425, 48.579924705],
            [7.7477827463, 48.5798833521]
          ]
        ],
        "type": "Polygon"
      },
      "properties": {
        "geo_point_2d": { "lon": 7.747770067231988, "lat": 48.57990785373957 },
        "nom_enseigne": "HOUMOUS & CO",
        "identifiant": "001221",
        "url_plan": "https:\/\/sig.strasbourg.eu\/datastrasbourg\/occupation_domaine_public\/terrasse\/2025\/plans\/000866.pdf",
        "superficie_autorisee": 8,
        "url_autorisation": "https:\/\/sig.strasbourg.eu\/datastrasbourg\/occupation_domaine_public\/terrasse\/2025\/autorisations\/A000866.pdf",
        "ville": "STRASBOURG",
        "adresse_etablissement": "11 RUE DE LA DIVISION LECLERC"
      }
    },
    {
      "type": "Feature",
      "geometry": {
        "coordinates": [
          [
            [7.7395436775, 48.5825783836],
            [7.7395729263, 48.5825745581],
            [7.7395794812, 48.5825966172],
            [7.7395502324, 48.5826004426],
            [7.7395436775, 48.5825783836]
          ]
        ],
        "type": "Polygon"
      },
      "properties": {
        "geo_point_2d": { "lon": 7.739561579360102, "lat": 48.582587500371815 },
        "nom_enseigne": "MOMO TIBETAIN",
        "identifiant": "001700",
        "url_plan": "https:\/\/sig.strasbourg.eu\/datastrasbourg\/occupation_domaine_public\/terrasse\/2025\/plans\/000870.pdf",
        "superficie_autorisee": 5,
        "url_autorisation": "https:\/\/sig.strasbourg.eu\/datastrasbourg\/occupation_domaine_public\/terrasse\/2025\/autorisations\/A000870.pdf",
        "ville": "STRASBOURG",
        "adresse_etablissement": "12 GRAND'RUE"
      }
    },
    {
      "type": "Feature",
      "geometry": {
        "coordinates": [
          [
            [7.7440330457, 48.5814887316],
            [7.7440463586, 48.581509406],
            [7.7439483448, 48.5815363433],
            [7.7439354024, 48.5815155636],
            [7.7440330457, 48.5814887316]
          ]
        ],
        "type": "Polygon"
      },
      "properties": {
        "geo_point_2d": { "lon": 7.743990790872815, "lat": 48.5815125180202 },
        "nom_enseigne": "LE TROQUET DES KNECKES",
        "identifiant": "000901",
        "url_plan": "https:\/\/sig.strasbourg.eu\/datastrasbourg\/occupation_domaine_public\/terrasse\/2025\/plans\/000872.pdf",
        "superficie_autorisee": 20,
        "url_autorisation": "https:\/\/sig.strasbourg.eu\/datastrasbourg\/occupation_domaine_public\/terrasse\/2025\/autorisations\/A000872.pdf",
        "ville": "STRASBOURG",
        "adresse_etablissement": "112 GRAND'RUE"
      }
    },
    {
      "type": "Feature",
      "geometry": {
        "coordinates": [
          [
            [7.7536875045, 48.5782376346],
            [7.7535083704, 48.57822825],
            [7.7535042777, 48.5782246875],
            [7.7534667864, 48.5782453247],
            [7.75344635, 48.5782301459],
            [7.7535162372, 48.5781916762],
            [7.753691878, 48.5782008777],
            [7.7536875045, 48.5782376346]
          ]
        ],
        "type": "Polygon"
      },
      "properties": {
        "geo_point_2d": { "lon": 7.753579267841533, "lat": 48.57821591657798 },
        "nom_enseigne": "SUPERTONIC",
        "identifiant": "011118",
        "url_plan": "https:\/\/sig.strasbourg.eu\/datastrasbourg\/occupation_domaine_public\/terrasse\/2025\/plans\/000887.pdf",
        "superficie_autorisee": 66,
        "url_autorisation": "https:\/\/sig.strasbourg.eu\/datastrasbourg\/occupation_domaine_public\/terrasse\/2025\/autorisations\/A000887.pdf",
        "ville": "STRASBOURG",
        "adresse_etablissement": "1 PCE D'AUSTERLITZ"
      }
    },
    {
      "type": "Feature",
      "geometry": {
        "coordinates": [
          [
            [7.7421867052, 48.5830480788],
            [7.742226522, 48.5830535526],
            [7.7422108467, 48.5831037464],
            [7.7421816477, 48.5830997323],
            [7.7421867052, 48.5830480788]
          ]
        ],
        "type": "Polygon"
      },
      "properties": {
        "geo_point_2d": { "lon": 7.742201696203485, "lat": 48.58307497179146 },
        "nom_enseigne": "LES FINES GUEULES",
        "identifiant": "011117",
        "url_plan": "https:\/\/sig.strasbourg.eu\/datastrasbourg\/occupation_domaine_public\/terrasse\/2025\/plans\/000889.pdf",
        "superficie_autorisee": 15,
        "url_autorisation": "https:\/\/sig.strasbourg.eu\/datastrasbourg\/occupation_domaine_public\/terrasse\/2025\/autorisations\/A000889.pdf",
        "ville": "STRASBOURG",
        "adresse_etablissement": "5 RUE GUSTAVE DORE"
      }
    },
    {
      "type": "Feature",
      "geometry": {
        "coordinates": [
          [
            [7.7769537661, 48.56848548],
            [7.776962153, 48.5684782757],
            [7.7770493181, 48.568518702],
            [7.7770411328, 48.5685264778],
            [7.7769537661, 48.56848548]
          ]
        ],
        "type": "Polygon"
      },
      "properties": {
        "geo_point_2d": { "lon": 7.77700189390292, "lat": 48.56850238045217 },
        "nom_enseigne": "MON POTE JACK",
        "identifiant": "000573",
        "url_plan": "https:\/\/sig.strasbourg.eu\/datastrasbourg\/occupation_domaine_public\/terrasse\/2025\/plans\/000895.pdf",
        "superficie_autorisee": 8,
        "url_autorisation": "https:\/\/sig.strasbourg.eu\/datastrasbourg\/occupation_domaine_public\/terrasse\/2025\/autorisations\/A000895.pdf",
        "ville": "STRASBOURG",
        "adresse_etablissement": "32 A AVE ARISTIDE BRIAND"
      }
    },
    {
      "type": "Feature",
      "geometry": {
        "coordinates": [
          [
            [7.7553285279, 48.5835593582],
            [7.7553451207, 48.5835654629],
            [7.75530652, 48.5836129601],
            [7.7552898459, 48.5836070029],
            [7.7553285279, 48.5835593582]
          ]
        ],
        "type": "Polygon"
      },
      "properties": {
        "geo_point_2d": { "lon": 7.755317505400935, "lat": 48.583586187490226 },
        "nom_enseigne": "LE BISTROT D'ANTOINE",
        "identifiant": "001682",
        "url_plan": "https:\/\/sig.strasbourg.eu\/datastrasbourg\/occupation_domaine_public\/terrasse\/2025\/plans\/000897.pdf",
        "superficie_autorisee": 8,
        "url_autorisation": "https:\/\/sig.strasbourg.eu\/datastrasbourg\/occupation_domaine_public\/terrasse\/2025\/autorisations\/A000897.pdf",
        "ville": "STRASBOURG",
        "adresse_etablissement": "3 RUE DE LA COURTINE"
      }
    },
    {
      "type": "Feature",
      "geometry": {
        "coordinates": [
          [
            [7.7489679172, 48.5785045534],
            [7.7489750204, 48.5784928829],
            [7.7490378516, 48.5785097103],
            [7.7489965801, 48.5785775784],
            [7.7489341704, 48.5785603193],
            [7.7489679172, 48.5785045534]
          ]
        ],
        "type": "Polygon"
      },
      "properties": {
        "geo_point_2d": { "lon": 7.748985943078348, "lat": 48.57853511659256 },
        "nom_enseigne": "IL GIRASOLE",
        "identifiant": "000403",
        "url_plan": "https:\/\/sig.strasbourg.eu\/datastrasbourg\/occupation_domaine_public\/terrasse\/2025\/plans\/000901.pdf",
        "superficie_autorisee": 41,
        "url_autorisation": "https:\/\/sig.strasbourg.eu\/datastrasbourg\/occupation_domaine_public\/terrasse\/2025\/autorisations\/A000901.pdf",
        "ville": "STRASBOURG",
        "adresse_etablissement": "12 QUAI SAINT-NICOLAS"
      }
    },
    {
      "type": "Feature",
      "geometry": {
        "coordinates": [
          [
            [7.75241822, 48.5777710298],
            [7.7525065316, 48.5776388838],
            [7.7525749135, 48.5776589289],
            [7.7524888928, 48.5777916014],
            [7.75241822, 48.5777710298]
          ]
        ],
        "type": "Polygon"
      },
      "properties": {
        "geo_point_2d": { "lon": 7.752496903127407, "lat": 48.57771546051535 },
        "nom_enseigne": "MILANO TORINO",
        "identifiant": "000977",
        "url_plan": "https:\/\/sig.strasbourg.eu\/datastrasbourg\/occupation_domaine_public\/terrasse\/2025\/plans\/000913.pdf",
        "superficie_autorisee": 90,
        "url_autorisation": "https:\/\/sig.strasbourg.eu\/datastrasbourg\/occupation_domaine_public\/terrasse\/2025\/autorisations\/A000913.pdf",
        "ville": "STRASBOURG",
        "adresse_etablissement": "8 PCE D'AUSTERLITZ"
      }
    },
    {
      "type": "Feature",
      "geometry": {
        "coordinates": [
          [
            [7.7526353673, 48.5759332962],
            [7.7527120101, 48.5759597104],
            [7.7526999146, 48.5759758062],
            [7.7526228745, 48.5759492578],
            [7.7526353673, 48.5759332962]
          ]
        ],
        "type": "Polygon"
      },
      "properties": {
        "geo_point_2d": { "lon": 7.75266753549086, "lat": 48.57595452423151 },
        "nom_enseigne": "MADAME JULIA",
        "identifiant": "011238",
        "url_plan": "https:\/\/sig.strasbourg.eu\/datastrasbourg\/occupation_domaine_public\/terrasse\/2025\/plans\/000930.pdf",
        "superficie_autorisee": 13,
        "url_autorisation": "https:\/\/sig.strasbourg.eu\/datastrasbourg\/occupation_domaine_public\/terrasse\/2025\/autorisations\/A000930.pdf",
        "ville": "STRASBOURG",
        "adresse_etablissement": "34 RUE DE LA 1ERE ARMEE"
      }
    },
    {
      "type": "Feature",
      "geometry": {
        "coordinates": [
          [
            [7.7418786975, 48.5828720107],
            [7.7420063369, 48.5828739387],
            [7.7420050985, 48.5829097451],
            [7.7418774316, 48.5829078156],
            [7.7418786975, 48.5828720107]
          ]
        ],
        "type": "Polygon"
      },
      "properties": {
        "geo_point_2d": { "lon": 7.74194189142452, "lat": 48.582890878173544 },
        "nom_enseigne": "BOMA",
        "identifiant": "011239",
        "url_plan": "https:\/\/sig.strasbourg.eu\/datastrasbourg\/occupation_domaine_public\/terrasse\/2025\/plans\/000939.pdf",
        "superficie_autorisee": 38,
        "url_autorisation": "https:\/\/sig.strasbourg.eu\/datastrasbourg\/occupation_domaine_public\/terrasse\/2025\/autorisations\/A000939.pdf",
        "ville": "STRASBOURG",
        "adresse_etablissement": "5 -7 RUE DU VINGT-DEUX NOVEMBRE"
      }
    },
    {
      "type": "Feature",
      "geometry": {
        "coordinates": [
          [
            [7.7497512254, 48.5814269436],
            [7.7497855059, 48.5814397134],
            [7.7497589675, 48.5814710734],
            [7.7496569569, 48.5814330814],
            [7.7496702194, 48.5814174017],
            [7.7496536771, 48.5814112401],
            [7.7496669387, 48.5813955514],
            [7.7497512254, 48.5814269436]
          ]
        ],
        "type": "Polygon"
      },
      "properties": {
        "geo_point_2d": { "lon": 7.7497172792105715, "lat": 48.58143415029904 },
        "nom_enseigne": "AUX 12 APOTRES",
        "identifiant": "000468",
        "url_plan": "https:\/\/sig.strasbourg.eu\/datastrasbourg\/occupation_domaine_public\/terrasse\/2025\/plans\/000946.pdf",
        "superficie_autorisee": 37,
        "url_autorisation": "https:\/\/sig.strasbourg.eu\/datastrasbourg\/occupation_domaine_public\/terrasse\/2025\/autorisations\/A000946.pdf",
        "ville": "STRASBOURG",
        "adresse_etablissement": "7 RUE MERCIERE"
      }
    },
    {
      "type": "Feature",
      "geometry": {
        "coordinates": [
          [
            [7.7423532786, 48.5816918798],
            [7.7422818817, 48.5817135743],
            [7.7422212541, 48.5816539367],
            [7.7423172494, 48.5816052431],
            [7.7423783939, 48.5816844924],
            [7.7423532786, 48.5816918798]
          ]
        ],
        "type": "Polygon"
      },
      "properties": {
        "geo_point_2d": { "lon": 7.742300700375351, "lat": 48.58166285565567 },
        "nom_enseigne": "BLOOM",
        "identifiant": "000745",
        "url_plan": "https:\/\/sig.strasbourg.eu\/datastrasbourg\/occupation_domaine_public\/terrasse\/2025\/plans\/000948.pdf",
        "superficie_autorisee": 74,
        "url_autorisation": "https:\/\/sig.strasbourg.eu\/datastrasbourg\/occupation_domaine_public\/terrasse\/2025\/autorisations\/A000948.pdf",
        "ville": "STRASBOURG",
        "adresse_etablissement": "2 PCE DES MEUNIERS"
      }
    },
    {
      "type": "Feature",
      "geometry": {
        "coordinates": [
          [
            [7.7595468719, 48.580641745],
            [7.7596388006, 48.5806573014],
            [7.7596301067, 48.5806813186],
            [7.7595382257, 48.5806702113],
            [7.7595468719, 48.580641745]
          ]
        ],
        "type": "Polygon"
      },
      "properties": {
        "geo_point_2d": { "lon": 7.759587275439742, "lat": 48.58066243014952 },
        "nom_enseigne": "BLUE MOON",
        "identifiant": "001165",
        "url_plan": "https:\/\/sig.strasbourg.eu\/datastrasbourg\/occupation_domaine_public\/terrasse\/2025\/plans\/000953.pdf",
        "superficie_autorisee": 21,
        "url_autorisation": "https:\/\/sig.strasbourg.eu\/datastrasbourg\/occupation_domaine_public\/terrasse\/2025\/autorisations\/A000953.pdf",
        "ville": "STRASBOURG",
        "adresse_etablissement": "24 RUE DES POULES"
      }
    },
    {
      "type": "Feature",
      "geometry": {
        "coordinates": [
          [
            [7.7466316599, 48.5805440408],
            [7.7466726507, 48.5805679629],
            [7.7466177901, 48.5806125361],
            [7.7465766301, 48.580590336],
            [7.7466316599, 48.5805440408]
          ]
        ],
        "type": "Polygon"
      },
      "properties": {
        "geo_point_2d": { "lon": 7.746624728196757, "lat": 48.580578568134456 },
        "nom_enseigne": "COMME A LA MAISON",
        "identifiant": "000014",
        "url_plan": "https:\/\/sig.strasbourg.eu\/datastrasbourg\/occupation_domaine_public\/terrasse\/2025\/plans\/000956.pdf",
        "superficie_autorisee": 26,
        "url_autorisation": "https:\/\/sig.strasbourg.eu\/datastrasbourg\/occupation_domaine_public\/terrasse\/2025\/autorisations\/A000956.pdf",
        "ville": "STRASBOURG",
        "adresse_etablissement": "8 RUE DE LA DIVISION LECLERC"
      }
    },
    {
      "type": "Feature",
      "geometry": {
        "coordinates": [
          [
            [7.7371217843, 48.5839006587],
            [7.7371279567, 48.5839075836],
            [7.7371279567, 48.5839075836],
            [7.73713975, 48.5839205129],
            [7.7370459523, 48.5839573355],
            [7.7370335535, 48.5839430072],
            [7.7370284487, 48.58393728],
            [7.7371217843, 48.5839006587]
          ]
        ],
        "type": "Polygon"
      },
      "properties": {
        "geo_point_2d": { "lon": 7.73708398892868, "lat": 48.58392895748927 },
        "nom_enseigne": "LA POTENCE",
        "identifiant": "001333",
        "url_plan": "https:\/\/sig.strasbourg.eu\/datastrasbourg\/occupation_domaine_public\/terrasse\/2025\/plans\/000972.pdf",
        "superficie_autorisee": 21,
        "url_autorisation": "https:\/\/sig.strasbourg.eu\/datastrasbourg\/occupation_domaine_public\/terrasse\/2025\/autorisations\/A000972.pdf",
        "ville": "STRASBOURG",
        "adresse_etablissement": "11 RUE DU MAIRE KUSS"
      }
    },
    {
      "type": "Feature",
      "geometry": {
        "coordinates": [
          [
            [7.7461479776, 48.5823654635],
            [7.7461135969, 48.5824083345],
            [7.746083683, 48.5823977736],
            [7.7461180637, 48.5823549027],
            [7.7461479776, 48.5823654635]
          ]
        ],
        "type": "Polygon"
      },
      "properties": {
        "geo_point_2d": { "lon": 7.746115830298546, "lat": 48.58238161858407 },
        "nom_enseigne": "LE CAFE POTAGER",
        "identifiant": "011265",
        "url_plan": "https:\/\/sig.strasbourg.eu\/datastrasbourg\/occupation_domaine_public\/terrasse\/2025\/plans\/000980.pdf",
        "superficie_autorisee": 14,
        "url_autorisation": "https:\/\/sig.strasbourg.eu\/datastrasbourg\/occupation_domaine_public\/terrasse\/2025\/autorisations\/A000980.pdf",
        "ville": "STRASBOURG",
        "adresse_etablissement": "5 RUE DES FRANCS BOURGEOIS"
      }
    },
    {
      "type": "Feature",
      "geometry": {
        "coordinates": [
          [
            [7.7533097794, 48.5825214916],
            [7.7535579645, 48.5825931558],
            [7.7535340947, 48.5826309938],
            [7.7534357604, 48.5826036466],
            [7.7534198812, 48.5826289044],
            [7.7532685203, 48.582585532],
            [7.7533097794, 48.5825214916]
          ]
        ],
        "type": "Polygon"
      },
      "properties": {
        "geo_point_2d": { "lon": 7.753401441521859, "lat": 48.582581615111664 },
        "nom_enseigne": "LA CANTINA",
        "identifiant": "001102",
        "url_plan": "https:\/\/sig.strasbourg.eu\/datastrasbourg\/occupation_domaine_public\/terrasse\/2025\/plans\/000984.pdf",
        "superficie_autorisee": 130,
        "url_autorisation": "https:\/\/sig.strasbourg.eu\/datastrasbourg\/occupation_domaine_public\/terrasse\/2025\/autorisations\/A000984.pdf",
        "ville": "STRASBOURG",
        "adresse_etablissement": "12 PCE DU MARCHE GAYOT"
      }
    },
    {
      "type": "Feature",
      "geometry": {
        "coordinates": [
          [
            [7.7549490059, 48.5831123207],
            [7.7550092804, 48.5831297291],
            [7.7549823517, 48.5831709903],
            [7.7549227372, 48.5831537737],
            [7.7549490059, 48.5831123207]
          ]
        ],
        "type": "Polygon"
      },
      "properties": {
        "geo_point_2d": { "lon": 7.754965868107676, "lat": 48.58314166543234 },
        "nom_enseigne": "LA RIZIERE",
        "identifiant": "010955",
        "url_plan": "https:\/\/sig.strasbourg.eu\/datastrasbourg\/occupation_domaine_public\/terrasse\/2025\/plans\/000985.pdf",
        "superficie_autorisee": 24,
        "url_autorisation": "https:\/\/sig.strasbourg.eu\/datastrasbourg\/occupation_domaine_public\/terrasse\/2025\/autorisations\/A000985.pdf",
        "ville": "STRASBOURG",
        "adresse_etablissement": "14 PCE SAINT-ETIENNE"
      }
    },
    {
      "type": "Feature",
      "geometry": {
        "coordinates": [
          [
            [7.740294028, 48.5856228259],
            [7.7403114616, 48.5855983324],
            [7.7403274908, 48.5856031657],
            [7.7403251703, 48.585606405],
            [7.7403264009, 48.5856067872],
            [7.7403111074, 48.5856281348],
            [7.740294028, 48.5856228259]
          ]
        ],
        "type": "Polygon"
      },
      "properties": {
        "geo_point_2d": { "lon": 7.740311197215228, "lat": 48.5856132780764 },
        "nom_enseigne": "MOOVE LOUNGE",
        "identifiant": "001796",
        "url_plan": "https:\/\/sig.strasbourg.eu\/datastrasbourg\/occupation_domaine_public\/terrasse\/2025\/plans\/000990.pdf",
        "superficie_autorisee": 4,
        "url_autorisation": "https:\/\/sig.strasbourg.eu\/datastrasbourg\/occupation_domaine_public\/terrasse\/2025\/autorisations\/A000990.pdf",
        "ville": "STRASBOURG",
        "adresse_etablissement": "16 RUE DU FAUBOURG DE SAVERNE"
      }
    },
    {
      "type": "Feature",
      "geometry": {
        "coordinates": [
          [
            [7.7613997707, 48.5813789203],
            [7.7614264112, 48.5813771424],
            [7.7614326587, 48.5814196566],
            [7.7614062906, 48.581421282],
            [7.7613997707, 48.5813789203]
          ]
        ],
        "type": "Polygon"
      },
      "properties": {
        "geo_point_2d": { "lon": 7.761416283888329, "lat": 48.58139921084765 },
        "nom_enseigne": "BOULANGERIE ARTISANALE JF",
        "identifiant": "001812",
        "url_plan": "https:\/\/sig.strasbourg.eu\/datastrasbourg\/occupation_domaine_public\/terrasse\/2025\/plans\/001005.pdf",
        "superficie_autorisee": 9,
        "url_autorisation": "https:\/\/sig.strasbourg.eu\/datastrasbourg\/occupation_domaine_public\/terrasse\/2025\/autorisations\/A001005.pdf",
        "ville": "STRASBOURG",
        "adresse_etablissement": "7 PCE SAINT-NICOLAS-AUX-ONDES"
      }
    },
    {
      "type": "Feature",
      "geometry": {
        "coordinates": [
          [
            [7.7596802855, 48.5664334123],
            [7.7597496606, 48.5664052808],
            [7.7597779177, 48.5664359772],
            [7.7597085425, 48.5664641087],
            [7.7596802855, 48.5664334123]
          ]
        ],
        "type": "Polygon"
      },
      "properties": {
        "geo_point_2d": { "lon": 7.759729101583033, "lat": 48.566434694750434 },
        "nom_enseigne": "BIBINE ET PINARD",
        "identifiant": "010886",
        "url_plan": "https:\/\/sig.strasbourg.eu\/datastrasbourg\/occupation_domaine_public\/terrasse\/2025\/plans\/001049.pdf",
        "superficie_autorisee": 24,
        "url_autorisation": "https:\/\/sig.strasbourg.eu\/datastrasbourg\/occupation_domaine_public\/terrasse\/2025\/autorisations\/A001049.pdf",
        "ville": "STRASBOURG",
        "adresse_etablissement": "1 PCE DU MARCHE-NEUDORF"
      }
    },
    {
      "type": "Feature",
      "geometry": {
        "coordinates": [
          [
            [
              [7.7490986881, 48.5779191325],
              [7.7491082441, 48.5778729342],
              [7.749136242, 48.5778743832],
              [7.7491304446, 48.5779220135],
              [7.7490986881, 48.5779191325]
            ]
          ],
          [
            [
              [7.7490836642, 48.5779891881],
              [7.749088852, 48.5779642161],
              [7.7490961817, 48.5779292723],
              [7.7491283286, 48.5779322635],
              [7.7491158754, 48.5779921406],
              [7.7490836642, 48.5779891881]
            ]
          ]
        ],
        "type": "MultiPolygon"
      },
      "properties": {
        "geo_point_2d": { "lon": 7.749111190378295, "lat": 48.577934280925305 },
        "nom_enseigne": "PIZZERIA LE GEANT",
        "identifiant": "001606",
        "url_plan": "https:\/\/sig.strasbourg.eu\/datastrasbourg\/occupation_domaine_public\/terrasse\/2025\/plans\/001052.pdf",
        "superficie_autorisee": 28,
        "url_autorisation": "https:\/\/sig.strasbourg.eu\/datastrasbourg\/occupation_domaine_public\/terrasse\/2025\/autorisations\/A001052.pdf",
        "ville": "STRASBOURG",
        "adresse_etablissement": "9 RUE SAINT-NICOLAS"
      }
    },
    {
      "type": "Feature",
      "geometry": {
        "coordinates": [
          [
            [7.746239314, 48.5801692421],
            [7.7461990945, 48.5801524525],
            [7.7462077509, 48.5801433137],
            [7.7462479129, 48.5801600696],
            [7.746239314, 48.5801692421]
          ]
        ],
        "type": "Polygon"
      },
      "properties": {
        "geo_point_2d": { "lon": 7.746223519476724, "lat": 48.580156271754404 },
        "nom_enseigne": "LES TRICHEURS",
        "identifiant": "001820",
        "url_plan": "https:\/\/sig.strasbourg.eu\/datastrasbourg\/occupation_domaine_public\/terrasse\/2025\/plans\/001056.pdf",
        "superficie_autorisee": 4,
        "url_autorisation": "https:\/\/sig.strasbourg.eu\/datastrasbourg\/occupation_domaine_public\/terrasse\/2025\/autorisations\/A001056.pdf",
        "ville": "STRASBOURG",
        "adresse_etablissement": "7 RUE DES SERRURIERS"
      }
    },
    {
      "type": "Feature",
      "geometry": {
        "coordinates": [
          [
            [
              [7.7526023732, 48.5776288586],
              [7.7526241063, 48.5775958024],
              [7.7526514097, 48.5775547514],
              [7.7526886324, 48.5775655977],
              [7.7526232502, 48.5776644044],
              [7.7525113518, 48.5776318747],
              [7.752527865, 48.5776072225],
              [7.7526023732, 48.5776288586]
            ]
          ],
          [
            [
              [7.7527332611, 48.5775965095],
              [7.7527456346, 48.5776001785],
              [7.7527124591, 48.5776494416],
              [7.7527000856, 48.5776457726],
              [7.7527332611, 48.5775965095]
            ]
          ]
        ],
        "type": "MultiPolygon"
      },
      "properties": {
        "geo_point_2d": { "lon": 7.752621723187785, "lat": 48.5776171540314 },
        "nom_enseigne": "L'ETABLI",
        "identifiant": "000984",
        "url_plan": "https:\/\/sig.strasbourg.eu\/datastrasbourg\/occupation_domaine_public\/terrasse\/2025\/plans\/001059.pdf",
        "superficie_autorisee": 60,
        "url_autorisation": "https:\/\/sig.strasbourg.eu\/datastrasbourg\/occupation_domaine_public\/terrasse\/2025\/autorisations\/A001059.pdf",
        "ville": "STRASBOURG",
        "adresse_etablissement": "8 PCE D'AUSTERLITZ"
      }
    },
    {
      "type": "Feature",
      "geometry": {
        "coordinates": [
          [
            [7.7375020356, 48.5824784414],
            [7.7375085995, 48.5824613248],
            [7.7376194122, 48.5824800547],
            [7.7376124425, 48.5824982264],
            [7.7375020356, 48.5824784414]
          ]
        ],
        "type": "Polygon"
      },
      "properties": {
        "geo_point_2d": { "lon": 7.737561173748789, "lat": 48.58247960779221 },
        "nom_enseigne": "LE TIGRE",
        "identifiant": "011559",
        "url_plan": "https:\/\/sig.strasbourg.eu\/datastrasbourg\/occupation_domaine_public\/terrasse\/2025\/plans\/001078.pdf",
        "superficie_autorisee": 17,
        "url_autorisation": "https:\/\/sig.strasbourg.eu\/datastrasbourg\/occupation_domaine_public\/terrasse\/2025\/autorisations\/A001078.pdf",
        "ville": "STRASBOURG",
        "adresse_etablissement": "5 RUE DU FAUBOURG NATIONAL"
      }
    },
    {
      "type": "Feature",
      "geometry": {
        "coordinates": [
          [
            [7.73784208, 48.5837427479],
            [7.737837777, 48.5837379454],
            [7.737837777, 48.5837379454],
            [7.7378316906, 48.5837311526],
            [7.7378317251, 48.583731139],
            [7.7378254681, 48.583724102],
            [7.7378717279, 48.5837059697],
            [7.7378781342, 48.5837128415],
            [7.7378783085, 48.5837127728],
            [7.7378840272, 48.5837191627],
            [7.7378840272, 48.5837191627],
            [7.7378886842, 48.5837243662],
            [7.73784208, 48.5837427479]
          ]
        ],
        "type": "Polygon"
      },
      "properties": {
        "geo_point_2d": { "lon": 7.737857019511266, "lat": 48.58372430601685 },
        "nom_enseigne": "STARBUCKS COFFEE",
        "identifiant": "011565",
        "url_plan": "https:\/\/sig.strasbourg.eu\/datastrasbourg\/occupation_domaine_public\/terrasse\/2025\/plans\/001081.pdf",
        "superficie_autorisee": 10,
        "url_autorisation": "https:\/\/sig.strasbourg.eu\/datastrasbourg\/occupation_domaine_public\/terrasse\/2025\/autorisations\/A001081.pdf",
        "ville": "STRASBOURG",
        "adresse_etablissement": "4 RUE DU MAIRE KUSS"
      }
    },
    {
      "type": "Feature",
      "geometry": {
        "coordinates": [
          [
            [7.745726562, 48.5887341963],
            [7.7457165206, 48.5887314406],
            [7.7457498817, 48.588666504],
            [7.7457601464, 48.5886688249],
            [7.7457267341, 48.5887338559],
            [7.745726562, 48.5887341963]
          ]
        ],
        "type": "Polygon"
      },
      "properties": {
        "geo_point_2d": { "lon": 7.745738283359258, "lat": 48.5887002414316 },
        "nom_enseigne": "B.MAMA",
        "identifiant": "011576",
        "url_plan": "https:\/\/sig.strasbourg.eu\/datastrasbourg\/occupation_domaine_public\/terrasse\/2025\/plans\/001085.pdf",
        "superficie_autorisee": 6,
        "url_autorisation": "https:\/\/sig.strasbourg.eu\/datastrasbourg\/occupation_domaine_public\/terrasse\/2025\/autorisations\/A001085.pdf",
        "ville": "STRASBOURG",
        "adresse_etablissement": "32 RUE DU FAUBOURG-DE-PIERRE"
      }
    },
    {
      "type": "Feature",
      "geometry": {
        "coordinates": [
          [
            [7.7513240377, 48.5915461551],
            [7.7513269467, 48.5915342623],
            [7.7513917763, 48.5915415468],
            [7.7513892252, 48.5915533317],
            [7.7513240377, 48.5915461551]
          ]
        ],
        "type": "Polygon"
      },
      "properties": {
        "geo_point_2d": { "lon": 7.7513579294390675, "lat": 48.59154382157284 },
        "nom_enseigne": "LES COPAINS DEBARQUENT",
        "identifiant": "011577",
        "url_plan": "https:\/\/sig.strasbourg.eu\/datastrasbourg\/occupation_domaine_public\/terrasse\/2025\/plans\/001086.pdf",
        "superficie_autorisee": 6,
        "url_autorisation": "https:\/\/sig.strasbourg.eu\/datastrasbourg\/occupation_domaine_public\/terrasse\/2025\/autorisations\/A001086.pdf",
        "ville": "STRASBOURG",
        "adresse_etablissement": "56 BD CLEMENCEAU"
      }
    },
    {
      "type": "Feature",
      "geometry": {
        "coordinates": [
          [
            [7.7435066664, 48.5816304392],
            [7.7435193243, 48.5816518394],
            [7.7433965281, 48.5816844483],
            [7.74338353, 48.5816636858],
            [7.743433315, 48.5816499649],
            [7.7435066664, 48.5816304392]
          ]
        ],
        "type": "Polygon"
      },
      "properties": {
        "geo_point_2d": { "lon": 7.743451675355474, "lat": 48.58165747920139 },
        "nom_enseigne": "UN CANTALOU A STRASBOURG",
        "identifiant": "011587",
        "url_plan": "https:\/\/sig.strasbourg.eu\/datastrasbourg\/occupation_domaine_public\/terrasse\/2025\/plans\/001095.pdf",
        "superficie_autorisee": 25,
        "url_autorisation": "https:\/\/sig.strasbourg.eu\/datastrasbourg\/occupation_domaine_public\/terrasse\/2025\/autorisations\/A001095.pdf",
        "ville": "STRASBOURG",
        "adresse_etablissement": "100 GRAND'RUE"
      }
    },
    {
      "type": "Feature",
      "geometry": {
        "coordinates": [
          [
            [
              [7.7438412704, 48.5843872585],
              [7.7437357984, 48.5843778114],
              [7.7437389191, 48.5843690163],
              [7.7438430838, 48.5843783464],
              [7.7438412704, 48.5843872585]
            ]
          ],
          [
            [
              [7.7436761109, 48.5845289321],
              [7.7436816925, 48.584514092],
              [7.7437906395, 48.5845344886],
              [7.7437843818, 48.5845492021],
              [7.7436761109, 48.5845289321]
            ]
          ]
        ],
        "type": "MultiPolygon"
      },
      "properties": {
        "geo_point_2d": { "lon": 7.743753308717334, "lat": 48.58447709949187 },
        "nom_enseigne": "COTE SUSHI",
        "identifiant": "011605",
        "url_plan": "https:\/\/sig.strasbourg.eu\/datastrasbourg\/occupation_domaine_public\/terrasse\/2025\/plans\/001104.pdf",
        "superficie_autorisee": 22,
        "url_autorisation": "https:\/\/sig.strasbourg.eu\/datastrasbourg\/occupation_domaine_public\/terrasse\/2025\/autorisations\/A001104.pdf",
        "ville": "STRASBOURG",
        "adresse_etablissement": "39 RUE DU VIEUX MARCHE AUX VINS"
      }
    },
    {
      "type": "Feature",
      "geometry": {
        "coordinates": [
          [
            [7.7511066208, 48.5804192219],
            [7.7511979545, 48.5804583526],
            [7.7511122576, 48.5805462767],
            [7.7510248812, 48.5805037043],
            [7.7511066208, 48.5804192219]
          ]
        ],
        "type": "Polygon"
      },
      "properties": {
        "geo_point_2d": { "lon": 7.751110775876748, "lat": 48.580481998250725 },
        "nom_enseigne": "MUENSTER - MUENSTERSTUEWEL",
        "identifiant": "000561",
        "url_plan": "https:\/\/sig.strasbourg.eu\/datastrasbourg\/occupation_domaine_public\/terrasse\/2025\/plans\/001109.pdf",
        "superficie_autorisee": 91,
        "url_autorisation": "https:\/\/sig.strasbourg.eu\/datastrasbourg\/occupation_domaine_public\/terrasse\/2025\/autorisations\/A001109.pdf",
        "ville": "STRASBOURG",
        "adresse_etablissement": "7 - 8 PCE DU MARCHE AUX COCHONS DE LAIT"
      }
    },
    {
      "type": "Feature",
      "geometry": {
        "coordinates": [
          [
            [7.7443457141, 48.5906233205],
            [7.7443711735, 48.5906381645],
            [7.7443175003, 48.5906786959],
            [7.7442920418, 48.5906638609],
            [7.7443457141, 48.5906233205]
          ]
        ],
        "type": "Polygon"
      },
      "properties": {
        "geo_point_2d": { "lon": 7.744331608445503, "lat": 48.59065100934426 },
        "nom_enseigne": "LA VALLEE DU KASHMIR",
        "identifiant": "001680",
        "url_plan": "https:\/\/sig.strasbourg.eu\/datastrasbourg\/occupation_domaine_public\/terrasse\/2025\/plans\/001114.pdf",
        "superficie_autorisee": 15,
        "url_autorisation": "https:\/\/sig.strasbourg.eu\/datastrasbourg\/occupation_domaine_public\/terrasse\/2025\/autorisations\/A001114.pdf",
        "ville": "STRASBOURG",
        "adresse_etablissement": "1 RUE DE HAGUENAU"
      }
    },
    {
      "type": "Feature",
      "geometry": {
        "coordinates": [
          [
            [7.7653618583, 48.5672478404],
            [7.765347231, 48.5672397503],
            [7.7654374003, 48.5671664933],
            [7.7654531407, 48.5671750274],
            [7.7653618583, 48.5672478404]
          ]
        ],
        "type": "Polygon"
      },
      "properties": {
        "geo_point_2d": { "lon": 7.765400402650187, "lat": 48.56720688161671 },
        "nom_enseigne": "LE CHAPITRE",
        "identifiant": "010968",
        "url_plan": "https:\/\/sig.strasbourg.eu\/datastrasbourg\/occupation_domaine_public\/terrasse\/2025\/plans\/001115.pdf",
        "superficie_autorisee": 15,
        "url_autorisation": "https:\/\/sig.strasbourg.eu\/datastrasbourg\/occupation_domaine_public\/terrasse\/2025\/autorisations\/A001115.pdf",
        "ville": "STRASBOURG",
        "adresse_etablissement": "95 RUE DE BALE"
      }
    },
    {
      "type": "Feature",
      "geometry": {
        "coordinates": [
          [
            [7.7526794843, 48.5784210926],
            [7.7525945125, 48.5784657795],
            [7.7525776761, 48.5784516838],
            [7.7526626479, 48.5784069969],
            [7.7526794843, 48.5784210926]
          ]
        ],
        "type": "Polygon"
      },
      "properties": {
        "geo_point_2d": { "lon": 7.752628580199999, "lat": 48.5784363882 },
        "nom_enseigne": "L'ALLEGORIE",
        "identifiant": "011642",
        "url_plan": "https:\/\/sig.strasbourg.eu\/datastrasbourg\/occupation_domaine_public\/terrasse\/2025\/plans\/001133.pdf",
        "superficie_autorisee": 16,
        "url_autorisation": "https:\/\/sig.strasbourg.eu\/datastrasbourg\/occupation_domaine_public\/terrasse\/2025\/autorisations\/A001133.pdf",
        "ville": "STRASBOURG",
        "adresse_etablissement": "17 RUE D'AUSTERLITZ"
      }
    },
    {
      "type": "Feature",
      "geometry": {
        "coordinates": [
          [
            [7.7088435069, 48.6016573104],
            [7.7088650008, 48.6016728697],
            [7.7087319783, 48.6017519174],
            [7.7087119138, 48.6017360588],
            [7.7087782767, 48.6016969673],
            [7.7088435069, 48.6016573104]
          ]
        ],
        "type": "Polygon"
      },
      "properties": {
        "geo_point_2d": { "lon": 7.708788446348851, "lat": 48.60170450475424 },
        "nom_enseigne": "LA TAVERNE",
        "identifiant": "011654",
        "url_plan": "https:\/\/sig.strasbourg.eu\/datastrasbourg\/occupation_domaine_public\/terrasse\/2025\/plans\/001137.pdf",
        "superficie_autorisee": 30,
        "url_autorisation": "https:\/\/sig.strasbourg.eu\/datastrasbourg\/occupation_domaine_public\/terrasse\/2025\/autorisations\/A001137.pdf",
        "ville": "STRASBOURG",
        "adresse_etablissement": "213 RTE DE MITTELHAUSBERGEN"
      }
    },
    {
      "type": "Feature",
      "geometry": {
        "coordinates": [
          [
            [7.753208584, 48.5773462917],
            [7.7531771851, 48.5773367223],
            [7.7531948436, 48.5773103663],
            [7.7532258107, 48.5773195045],
            [7.753208584, 48.5773462917]
          ]
        ],
        "type": "Polygon"
      },
      "properties": {
        "geo_point_2d": { "lon": 7.753201602658877, "lat": 48.57732827100459 },
        "nom_enseigne": "LA BOUL'ANGE",
        "identifiant": "000451",
        "url_plan": "https:\/\/sig.strasbourg.eu\/datastrasbourg\/occupation_domaine_public\/terrasse\/2025\/plans\/001141.pdf",
        "superficie_autorisee": 8,
        "url_autorisation": "https:\/\/sig.strasbourg.eu\/datastrasbourg\/occupation_domaine_public\/terrasse\/2025\/autorisations\/A001141.pdf",
        "ville": "STRASBOURG",
        "adresse_etablissement": "4 R.D.L BRIGADE ALSACE-LORRAINE"
      }
    },
    {
      "type": "Feature",
      "geometry": {
        "coordinates": [
          [
            [7.7665705367, 48.5749693064],
            [7.7665723572, 48.5749691654],
            [7.7665706013, 48.5749598039],
            [7.7665691286, 48.5749598824],
            [7.7665614566, 48.5749178135],
            [7.766562783, 48.574917768],
            [7.7665614085, 48.5749101658],
            [7.7665657497, 48.5749098343],
            [7.7665650623, 48.574906359],
            [7.7665795529, 48.5749052193],
            [7.7665880193, 48.5749516442],
            [7.7665801139, 48.5749522095],
            [7.7665846239, 48.5749763099],
            [7.7665908751, 48.5749757927],
            [7.7665966152, 48.5750063437],
            [7.7665777301, 48.5750080222],
            [7.7665720481, 48.5749773504],
            [7.7665705367, 48.5749693064]
          ]
        ],
        "type": "Polygon"
      },
      "properties": {
        "geo_point_2d": { "lon": 7.766577831692052, "lat": 48.5749557907606 },
        "nom_enseigne": "RESTAURANT AKDENIZ",
        "identifiant": "001807",
        "url_plan": "https:\/\/sig.strasbourg.eu\/datastrasbourg\/occupation_domaine_public\/terrasse\/2025\/plans\/001149.pdf",
        "superficie_autorisee": 15,
        "url_autorisation": "https:\/\/sig.strasbourg.eu\/datastrasbourg\/occupation_domaine_public\/terrasse\/2025\/autorisations\/A001149.pdf",
        "ville": "STRASBOURG",
        "adresse_etablissement": "4 RUE DE GRENOBLE"
      }
    },
    {
      "type": "Feature",
      "geometry": {
        "coordinates": [
          [
            [7.7561265721, 48.5797327276],
            [7.756178669, 48.579773796],
            [7.756161826, 48.5797833703],
            [7.7561093226, 48.5797421654],
            [7.7561265721, 48.5797327276]
          ]
        ],
        "type": "Polygon"
      },
      "properties": {
        "geo_point_2d": { "lon": 7.756144055234482, "lat": 48.57975799150465 },
        "nom_enseigne": "VEGEMAN",
        "identifiant": "001763",
        "url_plan": "https:\/\/sig.strasbourg.eu\/datastrasbourg\/occupation_domaine_public\/terrasse\/2025\/plans\/001150.pdf",
        "superficie_autorisee": 10,
        "url_autorisation": "https:\/\/sig.strasbourg.eu\/datastrasbourg\/occupation_domaine_public\/terrasse\/2025\/autorisations\/A001150.pdf",
        "ville": "STRASBOURG",
        "adresse_etablissement": "18 RUE DES BATELIERS"
      }
    },
    {
      "type": "Feature",
      "geometry": {
        "coordinates": [
          [
            [
              [7.7435276202, 48.5839354864],
              [7.7435116829, 48.5839649415],
              [7.7434950839, 48.5839608361],
              [7.7434794863, 48.5839569784],
              [7.743473581, 48.5839555179],
              [7.7434903412, 48.583925688],
              [7.7435276202, 48.5839354864]
            ]
          ],
          [
            [
              [7.7432940264, 48.584130846],
              [7.7433996937, 48.5841469985],
              [7.7433905641, 48.5841732887],
              [7.7432848968, 48.5841571362],
              [7.7432940264, 48.584130846]
            ]
          ]
        ],
        "type": "MultiPolygon"
      },
      "properties": {
        "geo_point_2d": { "lon": 7.743390370116692, "lat": 48.58408936704777 },
        "nom_enseigne": "LA PIZZA DE NICO",
        "identifiant": "011093",
        "url_plan": "https:\/\/sig.strasbourg.eu\/datastrasbourg\/occupation_domaine_public\/terrasse\/2025\/plans\/001156.pdf",
        "superficie_autorisee": 34,
        "url_autorisation": "https:\/\/sig.strasbourg.eu\/datastrasbourg\/occupation_domaine_public\/terrasse\/2025\/autorisations\/A001156.pdf",
        "ville": "STRASBOURG",
        "adresse_etablissement": "44 RUE DU VIEUX MARCHE AUX VINS"
      }
    },
    {
      "type": "Feature",
      "geometry": {
        "coordinates": [
          [
            [7.749500046, 48.5813334559],
            [7.7495521473, 48.5813527044],
            [7.7495257779, 48.5813841296],
            [7.7494451028, 48.5813543373],
            [7.7493755635, 48.581418623],
            [7.74936235, 48.5814123341],
            [7.7494640898, 48.581320187],
            [7.749500046, 48.5813334559]
          ]
        ],
        "type": "Polygon"
      },
      "properties": {
        "geo_point_2d": { "lon": 7.74947102511972, "lat": 48.58135976852317 },
        "nom_enseigne": "BISTROT LA GRANDE DAME",
        "identifiant": "001449",
        "url_plan": "https:\/\/sig.strasbourg.eu\/datastrasbourg\/occupation_domaine_public\/terrasse\/2025\/plans\/001165.pdf",
        "superficie_autorisee": 41,
        "url_autorisation": "https:\/\/sig.strasbourg.eu\/datastrasbourg\/occupation_domaine_public\/terrasse\/2025\/autorisations\/A001165.pdf",
        "ville": "STRASBOURG",
        "adresse_etablissement": "5 RUE MERCIERE"
      }
    },
    {
      "type": "Feature",
      "geometry": {
        "coordinates": [
          [
            [7.7429990777, 48.5819765136],
            [7.7430270509, 48.5819665676],
            [7.7430598712, 48.5820064832],
            [7.7430321292, 48.5820165817],
            [7.7429990777, 48.5819765136]
          ]
        ],
        "type": "Polygon"
      },
      "properties": {
        "geo_point_2d": { "lon": 7.743029513669632, "lat": 48.581991530575735 },
        "nom_enseigne": "AVOBOWL",
        "identifiant": "001805",
        "url_plan": "https:\/\/sig.strasbourg.eu\/datastrasbourg\/occupation_domaine_public\/terrasse\/2025\/plans\/001175.pdf",
        "superficie_autorisee": 12,
        "url_autorisation": "https:\/\/sig.strasbourg.eu\/datastrasbourg\/occupation_domaine_public\/terrasse\/2025\/autorisations\/A001175.pdf",
        "ville": "STRASBOURG",
        "adresse_etablissement": "57 RUE DU FOSSE DES TANNEURS"
      }
    },
    {
      "type": "Feature",
      "geometry": {
        "coordinates": [
          [
            [7.7471887314, 48.5827673217],
            [7.7472352416, 48.5827842374],
            [7.7472027338, 48.5828188626],
            [7.7472011075, 48.5828184265],
            [7.7471977837, 48.582821915],
            [7.7471592691, 48.5828076496],
            [7.7471887314, 48.5827673217]
          ]
        ],
        "type": "Polygon"
      },
      "properties": {
        "geo_point_2d": { "lon": 7.74719604376028, "lat": 48.58279487313567 },
        "nom_enseigne": "PAUL",
        "identifiant": "001521",
        "url_plan": "https:\/\/sig.strasbourg.eu\/datastrasbourg\/occupation_domaine_public\/terrasse\/2025\/plans\/001189.pdf",
        "superficie_autorisee": 18,
        "url_autorisation": "https:\/\/sig.strasbourg.eu\/datastrasbourg\/occupation_domaine_public\/terrasse\/2025\/autorisations\/A001189.pdf",
        "ville": "STRASBOURG",
        "adresse_etablissement": "41 - 43 RUE DES GRANDES ARCADES"
      }
    },
    {
      "type": "Feature",
      "geometry": {
        "coordinates": [
          [
            [7.7699451987, 48.5852260302],
            [7.7698778261, 48.5851681053],
            [7.7699000799, 48.5851578337],
            [7.7699680776, 48.5852138754],
            [7.7699469603, 48.5852251538],
            [7.7699451987, 48.5852260302]
          ]
        ],
        "type": "Polygon"
      },
      "properties": {
        "geo_point_2d": { "lon": 7.769923222826573, "lat": 48.58519186600539 },
        "nom_enseigne": "INSIEME",
        "identifiant": "011217",
        "url_plan": "https:\/\/sig.strasbourg.eu\/datastrasbourg\/occupation_domaine_public\/terrasse\/2025\/plans\/001219.pdf",
        "superficie_autorisee": 17,
        "url_autorisation": "https:\/\/sig.strasbourg.eu\/datastrasbourg\/occupation_domaine_public\/terrasse\/2025\/autorisations\/A001219.pdf",
        "ville": "STRASBOURG",
        "adresse_etablissement": "1 RUE DE VERDUN"
      }
    },
    {
      "type": "Feature",
      "geometry": {
        "coordinates": [
          [
            [7.7440841749, 48.5834587392],
            [7.7440308496, 48.5833859466],
            [7.7440625463, 48.5833757219],
            [7.7441158716, 48.5834485145],
            [7.7440841749, 48.5834587392]
          ]
        ],
        "type": "Polygon"
      },
      "properties": {
        "geo_point_2d": { "lon": 7.7440733606, "lat": 48.58341723054999 },
        "nom_enseigne": "SICHUAN",
        "identifiant": "011874",
        "url_plan": "https:\/\/sig.strasbourg.eu\/datastrasbourg\/occupation_domaine_public\/terrasse\/2025\/plans\/001221.pdf",
        "superficie_autorisee": 23,
        "url_autorisation": "https:\/\/sig.strasbourg.eu\/datastrasbourg\/occupation_domaine_public\/terrasse\/2025\/autorisations\/A001221.pdf",
        "ville": "STRASBOURG",
        "adresse_etablissement": "18 RUE DU FOSSE DES TANNEURS"
      }
    },
    {
      "type": "Feature",
      "geometry": {
        "coordinates": [
          [
            [7.7413960368, 48.5822483662],
            [7.7414070938, 48.5822697638],
            [7.7413323998, 48.5822874027],
            [7.7413207321, 48.5822661562],
            [7.7413960368, 48.5822483662]
          ]
        ],
        "type": "Polygon"
      },
      "properties": {
        "geo_point_2d": { "lon": 7.741364059658922, "lat": 48.5822679072582 },
        "nom_enseigne": "MAMAROUX",
        "identifiant": "001061",
        "url_plan": "https:\/\/sig.strasbourg.eu\/datastrasbourg\/occupation_domaine_public\/terrasse\/2025\/plans\/001226.pdf",
        "superficie_autorisee": 15,
        "url_autorisation": "https:\/\/sig.strasbourg.eu\/datastrasbourg\/occupation_domaine_public\/terrasse\/2025\/autorisations\/A001226.pdf",
        "ville": "STRASBOURG",
        "adresse_etablissement": "35 GRAND'RUE"
      }
    },
    {
      "type": "Feature",
      "geometry": {
        "coordinates": [
          [
            [7.7545698941, 48.5784931954],
            [7.7545825298, 48.5784861979],
            [7.7546389692, 48.5785303842],
            [7.7546345891, 48.5785328223],
            [7.7546434442, 48.5785397537],
            [7.7546349459, 48.5785442214],
            [7.7545698941, 48.5784931954]
          ]
        ],
        "type": "Polygon"
      },
      "properties": {
        "geo_point_2d": { "lon": 7.754607253620695, "lat": 48.57851429215301 },
        "nom_enseigne": "UMAI RAMEN",
        "identifiant": "011524",
        "url_plan": "https:\/\/sig.strasbourg.eu\/datastrasbourg\/occupation_domaine_public\/terrasse\/2025\/plans\/001233.pdf",
        "superficie_autorisee": 9,
        "url_autorisation": "https:\/\/sig.strasbourg.eu\/datastrasbourg\/occupation_domaine_public\/terrasse\/2025\/autorisations\/A001233.pdf",
        "ville": "STRASBOURG",
        "adresse_etablissement": "5 RUE DES ORPHELINS"
      }
    },
    {
      "type": "Feature",
      "geometry": {
        "coordinates": [
          [
            [7.7685918665, 48.5774008972],
            [7.7685894069, 48.5773865995],
            [7.7686885128, 48.5773780288],
            [7.7686913151, 48.5773922969],
            [7.7685918665, 48.5774008972]
          ]
        ],
        "type": "Polygon"
      },
      "properties": {
        "geo_point_2d": { "lon": 7.768640276102743, "lat": 48.57738945970677 },
        "nom_enseigne": "FIVE PIZZA ORIGINAL",
        "identifiant": "011843",
        "url_plan": "https:\/\/sig.strasbourg.eu\/datastrasbourg\/occupation_domaine_public\/terrasse\/2025\/plans\/001235.pdf",
        "superficie_autorisee": 12,
        "url_autorisation": "https:\/\/sig.strasbourg.eu\/datastrasbourg\/occupation_domaine_public\/terrasse\/2025\/autorisations\/A001235.pdf",
        "ville": "STRASBOURG",
        "adresse_etablissement": "2 PCE DE L'ESPLANADE"
      }
    },
    {
      "type": "Feature",
      "geometry": {
        "coordinates": [
          [
            [7.752624336, 48.5779574737],
            [7.7525762725, 48.5779184985],
            [7.7526254178, 48.5778918168],
            [7.7526776692, 48.577928342],
            [7.752624336, 48.5779574737]
          ]
        ],
        "type": "Polygon"
      },
      "properties": {
        "geo_point_2d": { "lon": 7.75262626503482, "lat": 48.57792430391595 },
        "nom_enseigne": "LA PEPINIERE",
        "identifiant": "011860",
        "url_plan": "https:\/\/sig.strasbourg.eu\/datastrasbourg\/occupation_domaine_public\/terrasse\/2025\/plans\/001241.pdf",
        "superficie_autorisee": 27,
        "url_autorisation": "https:\/\/sig.strasbourg.eu\/datastrasbourg\/occupation_domaine_public\/terrasse\/2025\/autorisations\/A001241.pdf",
        "ville": "STRASBOURG",
        "adresse_etablissement": "10 PCE D'AUSTERLITZ"
      }
    },
    {
      "type": "Feature",
      "geometry": {
        "coordinates": [
          [
            [7.7425568118, 48.5787666469],
            [7.7426068424, 48.5788189417],
            [7.7424809847, 48.5788213192],
            [7.7424698491, 48.578814287],
            [7.7425568118, 48.5787666469]
          ]
        ],
        "type": "Polygon"
      },
      "properties": {
        "geo_point_2d": { "lon": 7.74254156338464, "lat": 48.578802076663344 },
        "nom_enseigne": "FINK'STUEBEL",
        "identifiant": "000738",
        "url_plan": "https:\/\/sig.strasbourg.eu\/datastrasbourg\/occupation_domaine_public\/terrasse\/2025\/plans\/001242.pdf",
        "superficie_autorisee": 32,
        "url_autorisation": "https:\/\/sig.strasbourg.eu\/datastrasbourg\/occupation_domaine_public\/terrasse\/2025\/autorisations\/A001242.pdf",
        "ville": "STRASBOURG",
        "adresse_etablissement": "26 RUE FINKWILLER"
      }
    },
    {
      "type": "Feature",
      "geometry": {
        "coordinates": [
          [
            [7.7612122536, 48.5658904775],
            [7.7612106816, 48.5658770283],
            [7.7613428138, 48.5658682924],
            [7.7613443863, 48.5658817447],
            [7.7612122536, 48.5658904775]
          ]
        ],
        "type": "Polygon"
      },
      "properties": {
        "geo_point_2d": { "lon": 7.761277536370249, "lat": 48.56587938555791 },
        "nom_enseigne": "LES COMPOTES",
        "identifiant": "011865",
        "url_plan": "https:\/\/sig.strasbourg.eu\/datastrasbourg\/occupation_domaine_public\/terrasse\/2025\/plans\/001245.pdf",
        "superficie_autorisee": 15,
        "url_autorisation": "https:\/\/sig.strasbourg.eu\/datastrasbourg\/occupation_domaine_public\/terrasse\/2025\/autorisations\/A001245.pdf",
        "ville": "STRASBOURG",
        "adresse_etablissement": "9 RUE DE SELESTAT"
      }
    },
    {
      "type": "Feature",
      "geometry": {
        "coordinates": [
          [
            [
              [7.771316651, 48.5833187284],
              [7.771335481, 48.5833090984],
              [7.7713859947, 48.5833525232],
              [7.7713670055, 48.5833626756],
              [7.771316651, 48.5833187284]
            ]
          ],
          [
            [
              [7.7714630132, 48.5833657733],
              [7.7714844294, 48.5833851437],
              [7.7714218445, 48.5834184285],
              [7.7714077406, 48.5834158606],
              [7.771391704, 48.5834030378],
              [7.7714630132, 48.5833657733]
            ]
          ]
        ],
        "type": "MultiPolygon"
      },
      "properties": {
        "geo_point_2d": { "lon": 7.771405400863166, "lat": 48.58337154280587 },
        "nom_enseigne": "COME A ROMA",
        "identifiant": "010936",
        "url_plan": "https:\/\/sig.strasbourg.eu\/datastrasbourg\/occupation_domaine_public\/terrasse\/2025\/plans\/001250.pdf",
        "superficie_autorisee": 28,
        "url_autorisation": "https:\/\/sig.strasbourg.eu\/datastrasbourg\/occupation_domaine_public\/terrasse\/2025\/autorisations\/A001250.pdf",
        "ville": "STRASBOURG",
        "adresse_etablissement": "1 RUE STIMMER"
      }
    },
    {
      "type": "Feature",
      "geometry": {
        "coordinates": [
          [
            [7.7395607746, 48.5866337857],
            [7.7395838946, 48.5866413109],
            [7.7395401798, 48.5867003185],
            [7.7395169633, 48.5866930973],
            [7.7395607746, 48.5866337857]
          ]
        ],
        "type": "Polygon"
      },
      "properties": {
        "geo_point_2d": { "lon": 7.739550460590968, "lat": 48.58666710317341 },
        "nom_enseigne": "SA KI BON",
        "identifiant": "001699",
        "url_plan": "https:\/\/sig.strasbourg.eu\/datastrasbourg\/occupation_domaine_public\/terrasse\/2025\/plans\/001252.pdf",
        "superficie_autorisee": 14,
        "url_autorisation": "https:\/\/sig.strasbourg.eu\/datastrasbourg\/occupation_domaine_public\/terrasse\/2025\/autorisations\/A001252.pdf",
        "ville": "STRASBOURG",
        "adresse_etablissement": "40 RUE DU FAUBOURG DE SAVERNE"
      }
    },
    {
      "type": "Feature",
      "geometry": {
        "coordinates": [
          [
            [7.7424938752, 48.5789697794],
            [7.7425278007, 48.579029526],
            [7.7425024405, 48.5790358693],
            [7.742468515, 48.5789761227],
            [7.7424938752, 48.5789697794]
          ]
        ],
        "type": "Polygon"
      },
      "properties": {
        "geo_point_2d": { "lon": 7.742498157849999, "lat": 48.57900282434999 },
        "nom_enseigne": "L'AMER A BOIRE",
        "identifiant": "001261",
        "url_plan": "https:\/\/sig.strasbourg.eu\/datastrasbourg\/occupation_domaine_public\/terrasse\/2025\/plans\/001253.pdf",
        "superficie_autorisee": 14,
        "url_autorisation": "https:\/\/sig.strasbourg.eu\/datastrasbourg\/occupation_domaine_public\/terrasse\/2025\/autorisations\/A001253.pdf",
        "ville": "STRASBOURG",
        "adresse_etablissement": "1 RUE DU BAIN FINKWILLER"
      }
    },
    {
      "type": "Feature",
      "geometry": {
        "coordinates": [
          [
            [7.7528583964, 48.5783039697],
            [7.7528775018, 48.5783220724],
            [7.7528143863, 48.5783537491],
            [7.7527944733, 48.5783356464],
            [7.7528583964, 48.5783039697]
          ]
        ],
        "type": "Polygon"
      },
      "properties": {
        "geo_point_2d": { "lon": 7.752836099408038, "lat": 48.57832888512321 },
        "nom_enseigne": "KOHOLA",
        "identifiant": "001789",
        "url_plan": "https:\/\/sig.strasbourg.eu\/datastrasbourg\/occupation_domaine_public\/terrasse\/2025\/plans\/001258.pdf",
        "superficie_autorisee": 15,
        "url_autorisation": "https:\/\/sig.strasbourg.eu\/datastrasbourg\/occupation_domaine_public\/terrasse\/2025\/autorisations\/A001258.pdf",
        "ville": "STRASBOURG",
        "adresse_etablissement": "19 RUE D'AUSTERLITZ"
      }
    },
    {
      "type": "Feature",
      "geometry": {
        "coordinates": [
          [
            [7.7531185894, 48.5838259471],
            [7.7530994531, 48.5838387007],
            [7.7530401309, 48.5838034527],
            [7.753058566, 48.5837905005],
            [7.7531185894, 48.5838259471]
          ]
        ],
        "type": "Polygon"
      },
      "properties": {
        "geo_point_2d": { "lon": 7.7530792437386244, "lat": 48.58381466733672 },
        "nom_enseigne": "LA TABLE DE CHRISTOPHE",
        "identifiant": "011906",
        "url_plan": "https:\/\/sig.strasbourg.eu\/datastrasbourg\/occupation_domaine_public\/terrasse\/2025\/plans\/001262.pdf",
        "superficie_autorisee": 12,
        "url_autorisation": "https:\/\/sig.strasbourg.eu\/datastrasbourg\/occupation_domaine_public\/terrasse\/2025\/autorisations\/A001262.pdf",
        "ville": "STRASBOURG",
        "adresse_etablissement": "28 RUE DES JUIFS"
      }
    },
    {
      "type": "Feature",
      "geometry": {
        "coordinates": [
          [
            [
              [7.7416170284, 48.5827733924],
              [7.7416224464, 48.5826689836],
              [7.741642762, 48.5826694555],
              [7.741637332, 48.5827740938],
              [7.7416170284, 48.5827733924]
            ]
          ],
          [
            [
              [7.7415683375, 48.5828310501],
              [7.7414775741, 48.582827569],
              [7.7414797479, 48.5827991849],
              [7.7414713552, 48.5827989019],
              [7.7414722838, 48.5827867771],
              [7.7416171079, 48.582789728],
              [7.7416164025, 48.5828034832],
              [7.7415699551, 48.5828027263],
              [7.7415683375, 48.5828310501]
            ]
          ]
        ],
        "type": "MultiPolygon"
      },
      "properties": {
        "geo_point_2d": { "lon": 7.741564338341555, "lat": 48.58277921595214 },
        "nom_enseigne": "L'ALSACE A BOIRE- CABA",
        "identifiant": "011875",
        "url_plan": "https:\/\/sig.strasbourg.eu\/datastrasbourg\/occupation_domaine_public\/terrasse\/2025\/plans\/001268.pdf",
        "superficie_autorisee": 54,
        "url_autorisation": "https:\/\/sig.strasbourg.eu\/datastrasbourg\/occupation_domaine_public\/terrasse\/2025\/autorisations\/A001268.pdf",
        "ville": "STRASBOURG",
        "adresse_etablissement": "14 RUE DU VINGT-DEUX NOVEMBRE"
      }
    },
    {
      "type": "Feature",
      "geometry": {
        "coordinates": [
          [
            [7.7425029353, 48.5839614966],
            [7.742492118, 48.5839828152],
            [7.742247117, 48.5839281487],
            [7.7422591186, 48.5839070504],
            [7.7425029353, 48.5839614966]
          ]
        ],
        "type": "Polygon"
      },
      "properties": {
        "geo_point_2d": { "lon": 7.742375279926743, "lat": 48.58394487770421 },
        "nom_enseigne": "THE DRUNKY STORK SOCIAL CLUB",
        "identifiant": "011887",
        "url_plan": "https:\/\/sig.strasbourg.eu\/datastrasbourg\/occupation_domaine_public\/terrasse\/2025\/plans\/001273.pdf",
        "superficie_autorisee": 48,
        "url_autorisation": "https:\/\/sig.strasbourg.eu\/datastrasbourg\/occupation_domaine_public\/terrasse\/2025\/autorisations\/A001273.pdf",
        "ville": "STRASBOURG",
        "adresse_etablissement": "24 RUE DU VIEUX MARCHE AUX VINS"
      }
    },
    {
      "type": "Feature",
      "geometry": {
        "coordinates": [
          [
            [7.750066802, 48.57959963],
            [7.7500527331, 48.5796150133],
            [7.749692789, 48.579479789],
            [7.7497061443, 48.5794641376],
            [7.750066802, 48.57959963]
          ]
        ],
        "type": "Polygon"
      },
      "properties": {
        "geo_point_2d": { "lon": 7.749879619343211, "lat": 48.57953963990637 },
        "nom_enseigne": "L'ANCIENNE DOUANE STRASBOURG",
        "identifiant": "011896",
        "url_plan": "https:\/\/sig.strasbourg.eu\/datastrasbourg\/occupation_domaine_public\/terrasse\/2025\/plans\/001275.pdf",
        "superficie_autorisee": 61,
        "url_autorisation": "https:\/\/sig.strasbourg.eu\/datastrasbourg\/occupation_domaine_public\/terrasse\/2025\/autorisations\/A001275.pdf",
        "ville": "STRASBOURG",
        "adresse_etablissement": "6 RUE DE LA DOUANE"
      }
    },
    {
      "type": "Feature",
      "geometry": {
        "coordinates": [
          [
            [7.7437265128, 48.5828490295],
            [7.7436971648, 48.5828601221],
            [7.7436584107, 48.582813937],
            [7.7436880399, 48.5828030283],
            [7.7437265128, 48.5828490295]
          ]
        ],
        "type": "Polygon"
      },
      "properties": {
        "geo_point_2d": { "lon": 7.743692509748742, "lat": 48.582831520983305 },
        "nom_enseigne": "LUPANAR",
        "identifiant": "011269",
        "url_plan": "https:\/\/sig.strasbourg.eu\/datastrasbourg\/occupation_domaine_public\/terrasse\/2025\/plans\/001281.pdf",
        "superficie_autorisee": 15,
        "url_autorisation": "https:\/\/sig.strasbourg.eu\/datastrasbourg\/occupation_domaine_public\/terrasse\/2025\/autorisations\/A001281.pdf",
        "ville": "STRASBOURG",
        "adresse_etablissement": "33 B RUE DU FOSSE DES TANNEURS"
      }
    },
    {
      "type": "Feature",
      "geometry": {
        "coordinates": [
          [
            [7.7619433865, 48.5813127113],
            [7.7620419002, 48.5812918108],
            [7.7620601727, 48.5813294698],
            [7.7619619484, 48.5813506212],
            [7.7619433865, 48.5813127113]
          ]
        ],
        "type": "Polygon"
      },
      "properties": {
        "geo_point_2d": { "lon": 7.762001788137634, "lat": 48.58132116156576 },
        "nom_enseigne": "NAMSAN MARU",
        "identifiant": "001373",
        "url_plan": "https:\/\/sig.strasbourg.eu\/datastrasbourg\/occupation_domaine_public\/terrasse\/2025\/plans\/001319.pdf",
        "superficie_autorisee": 34,
        "url_autorisation": "https:\/\/sig.strasbourg.eu\/datastrasbourg\/occupation_domaine_public\/terrasse\/2025\/autorisations\/A001319.pdf",
        "ville": "STRASBOURG",
        "adresse_etablissement": "5 PCE SAINT-NICOLAS-AUX-ONDES"
      }
    },
    {
      "type": "Feature",
      "geometry": {
        "coordinates": [
          [
            [7.743789777, 48.5840292568],
            [7.7437944227, 48.5840198096],
            [7.7438425429, 48.5840295735],
            [7.7438393328, 48.5840401528],
            [7.743789777, 48.5840292568]
          ]
        ],
        "type": "Polygon"
      },
      "properties": {
        "geo_point_2d": { "lon": 7.743816818138636, "lat": 48.584029793594944 },
        "nom_enseigne": "O BAOZI",
        "identifiant": "011755",
        "url_plan": "https:\/\/sig.strasbourg.eu\/datastrasbourg\/occupation_domaine_public\/terrasse\/2025\/plans\/001323.pdf",
        "superficie_autorisee": 4,
        "url_autorisation": "https:\/\/sig.strasbourg.eu\/datastrasbourg\/occupation_domaine_public\/terrasse\/2025\/autorisations\/A001323.pdf",
        "ville": "STRASBOURG",
        "adresse_etablissement": "49 RUE DU JEU DES ENFANTS"
      }
    },
    {
      "type": "Feature",
      "geometry": {
        "coordinates": [
          [
            [7.7490067939, 48.5802628147],
            [7.7490385931, 48.5802277023],
            [7.749068197, 48.5802391779],
            [7.7490346727, 48.580273649],
            [7.7490067939, 48.5802628147]
          ]
        ],
        "type": "Polygon"
      },
      "properties": {
        "geo_point_2d": { "lon": 7.749037227127175, "lat": 48.580250664466725 },
        "nom_enseigne": "ANTIQUITES BISTRO",
        "identifiant": "012010",
        "url_plan": "https:\/\/sig.strasbourg.eu\/datastrasbourg\/occupation_domaine_public\/terrasse\/2025\/plans\/001337.pdf",
        "superficie_autorisee": 11,
        "url_autorisation": "https:\/\/sig.strasbourg.eu\/datastrasbourg\/occupation_domaine_public\/terrasse\/2025\/autorisations\/A001337.pdf",
        "ville": "STRASBOURG",
        "adresse_etablissement": "15 RUE DES TONNELIERS"
      }
    },
    {
      "type": "Feature",
      "geometry": {
        "coordinates": [
          [
            [7.7356807755, 48.5830865394],
            [7.7356764663, 48.5831143034],
            [7.7356378203, 48.5831120777],
            [7.7356403336, 48.5830834042],
            [7.7356807755, 48.5830865394]
          ]
        ],
        "type": "Polygon"
      },
      "properties": {
        "geo_point_2d": { "lon": 7.735658771268139, "lat": 48.58309896257606 },
        "nom_enseigne": "LE MAESTRO",
        "identifiant": "001188",
        "url_plan": "https:\/\/sig.strasbourg.eu\/datastrasbourg\/occupation_domaine_public\/terrasse\/2025\/plans\/001344.pdf",
        "superficie_autorisee": 9,
        "url_autorisation": "https:\/\/sig.strasbourg.eu\/datastrasbourg\/occupation_domaine_public\/terrasse\/2025\/autorisations\/A001344.pdf",
        "ville": "STRASBOURG",
        "adresse_etablissement": "32 RUE DE LA COURSE"
      }
    },
    {
      "type": "Feature",
      "geometry": {
        "coordinates": [
          [
            [7.7536113856, 48.5788926648],
            [7.7535879825, 48.5788764019],
            [7.7536795342, 48.5788189333],
            [7.7537027897, 48.5788352801],
            [7.7536113856, 48.5788926648]
          ]
        ],
        "type": "Polygon"
      },
      "properties": {
        "geo_point_2d": { "lon": 7.753645417846301, "lat": 48.57885581928492 },
        "nom_enseigne": "CANAPE QUEER",
        "identifiant": "001715",
        "url_plan": "https:\/\/sig.strasbourg.eu\/datastrasbourg\/occupation_domaine_public\/terrasse\/2025\/plans\/001349.pdf",
        "superficie_autorisee": 23,
        "url_autorisation": "https:\/\/sig.strasbourg.eu\/datastrasbourg\/occupation_domaine_public\/terrasse\/2025\/autorisations\/A001349.pdf",
        "ville": "STRASBOURG",
        "adresse_etablissement": "20 RUE DES COUPLES"
      }
    },
    {
      "type": "Feature",
      "geometry": {
        "coordinates": [
          [
            [7.7555844464, 48.5740215191],
            [7.7559066717, 48.5740474781],
            [7.7559015633, 48.5740782584],
            [7.7555784589, 48.5740527413],
            [7.7555844464, 48.5740215191]
          ]
        ],
        "type": "Polygon"
      },
      "properties": {
        "geo_point_2d": { "lon": 7.755742346095006, "lat": 48.574049970614226 },
        "nom_enseigne": "BLUE NOTE CAFE",
        "identifiant": "001828",
        "url_plan": "https:\/\/sig.strasbourg.eu\/datastrasbourg\/occupation_domaine_public\/terrasse\/2025\/plans\/001352.pdf",
        "superficie_autorisee": 83,
        "url_autorisation": "https:\/\/sig.strasbourg.eu\/datastrasbourg\/occupation_domaine_public\/terrasse\/2025\/autorisations\/A001352.pdf",
        "ville": "STRASBOURG",
        "adresse_etablissement": "1 PCE DAUPHINE"
      }
    },
    {
      "type": "Feature",
      "geometry": {
        "coordinates": [
          [
            [7.7539721017, 48.5764892958],
            [7.7539975384, 48.5764525938],
            [7.7540418858, 48.5764142541],
            [7.7540632553, 48.576425317],
            [7.753983267, 48.5764933318],
            [7.7539721017, 48.5764892958]
          ]
        ],
        "type": "Polygon"
      },
      "properties": {
        "geo_point_2d": { "lon": 7.754017125807605, "lat": 48.57645133923945 },
        "nom_enseigne": "OJOURDHUI",
        "identifiant": "001386",
        "url_plan": "https:\/\/sig.strasbourg.eu\/datastrasbourg\/occupation_domaine_public\/terrasse\/2025\/plans\/001354.pdf",
        "superficie_autorisee": 17,
        "url_autorisation": "https:\/\/sig.strasbourg.eu\/datastrasbourg\/occupation_domaine_public\/terrasse\/2025\/autorisations\/A001354.pdf",
        "ville": "STRASBOURG",
        "adresse_etablissement": "11 R.D.L BRIGADE ALSACE-LORRAINE"
      }
    },
    {
      "type": "Feature",
      "geometry": {
        "coordinates": [
          [
            [7.7695604486, 48.5807683155],
            [7.7695781929, 48.5807665769],
            [7.7695915558, 48.5808443305],
            [7.7695194349, 48.5808501877],
            [7.7695171826, 48.5808385156],
            [7.7695727255, 48.5808341112],
            [7.7695604486, 48.5807683155]
          ]
        ],
        "type": "Polygon"
      },
      "properties": {
        "geo_point_2d": { "lon": 7.769566370855543, "lat": 48.580817631960045 },
        "nom_enseigne": "LEAF TEA",
        "identifiant": "011783",
        "url_plan": "https:\/\/sig.strasbourg.eu\/datastrasbourg\/occupation_domaine_public\/terrasse\/2025\/plans\/001355.pdf",
        "superficie_autorisee": 16,
        "url_autorisation": "https:\/\/sig.strasbourg.eu\/datastrasbourg\/occupation_domaine_public\/terrasse\/2025\/autorisations\/A001355.pdf",
        "ville": "STRASBOURG",
        "adresse_etablissement": "2 AVE DU GENERAL DE GAULLE"
      }
    },
    {
      "type": "Feature",
      "geometry": {
        "coordinates": [
          [
            [7.709730235, 48.5911593842],
            [7.7098444865, 48.5911693176],
            [7.7098409633, 48.591187151],
            [7.7097267117, 48.5911772176],
            [7.709730235, 48.5911593842]
          ]
        ],
        "type": "Polygon"
      },
      "properties": {
        "geo_point_2d": { "lon": 7.709785599120184, "lat": 48.59117326760088 },
        "nom_enseigne": "RESTAURANT ATHENA",
        "identifiant": "012087",
        "url_plan": "https:\/\/sig.strasbourg.eu\/datastrasbourg\/occupation_domaine_public\/terrasse\/2025\/plans\/001358.pdf",
        "superficie_autorisee": 17,
        "url_autorisation": "https:\/\/sig.strasbourg.eu\/datastrasbourg\/occupation_domaine_public\/terrasse\/2025\/autorisations\/A001358.pdf",
        "ville": "STRASBOURG",
        "adresse_etablissement": "16 RUE ALBERT CALMETTE"
      }
    },
    {
      "type": "Feature",
      "geometry": {
        "coordinates": [
          [
            [
              [7.7427652623, 48.5814637854],
              [7.7427506366, 48.58145076],
              [7.7427343981, 48.5814363048],
              [7.7427541288, 48.5814267948],
              [7.7427844727, 48.5814545219],
              [7.7427652623, 48.5814637854]
            ]
          ],
          [
            [
              [7.7427744253, 48.5814719434],
              [7.7427936126, 48.58146287],
              [7.7428175018, 48.5814846981],
              [7.7427988633, 48.581493686],
              [7.7427744253, 48.5814719434]
            ]
          ]
        ],
        "type": "MultiPolygon"
      },
      "properties": {
        "geo_point_2d": { "lon": 7.742775330447096, "lat": 48.58145957331192 },
        "nom_enseigne": "TIBET GOURMAND",
        "identifiant": "001038",
        "url_plan": "https:\/\/sig.strasbourg.eu\/datastrasbourg\/occupation_domaine_public\/terrasse\/2025\/plans\/001361.pdf",
        "superficie_autorisee": 12,
        "url_autorisation": "https:\/\/sig.strasbourg.eu\/datastrasbourg\/occupation_domaine_public\/terrasse\/2025\/autorisations\/A001361.pdf",
        "ville": "STRASBOURG",
        "adresse_etablissement": "4 PTE RUE DES DENTELLES"
      }
    },
    {
      "type": "Feature",
      "geometry": {
        "coordinates": [
          [
            [7.7393988823, 48.5825976136],
            [7.7394818235, 48.5825858651],
            [7.7394822158, 48.5825864348],
            [7.7394831274, 48.5825863074],
            [7.7394902022, 48.5826082944],
            [7.7394073563, 48.5826200294],
            [7.7393988823, 48.5825976136]
          ]
        ],
        "type": "Polygon"
      },
      "properties": {
        "geo_point_2d": { "lon": 7.739444822222966, "lat": 48.58260288958184 },
        "nom_enseigne": "CHEFS D'OEUVRE D'ALSACE",
        "identifiant": "011556",
        "url_plan": "https:\/\/sig.strasbourg.eu\/datastrasbourg\/occupation_domaine_public\/terrasse\/2025\/plans\/001367.pdf",
        "superficie_autorisee": 16,
        "url_autorisation": "https:\/\/sig.strasbourg.eu\/datastrasbourg\/occupation_domaine_public\/terrasse\/2025\/autorisations\/A001367.pdf",
        "ville": "STRASBOURG",
        "adresse_etablissement": "8 GRAND'RUE"
      }
    },
    {
      "type": "Feature",
      "geometry": {
        "coordinates": [
          [
            [7.7376569723, 48.5840746369],
            [7.7376495594, 48.5840139241],
            [7.737668342, 48.584012914],
            [7.7376749358, 48.5840739127],
            [7.7376569723, 48.5840746369]
          ]
        ],
        "type": "Polygon"
      },
      "properties": {
        "geo_point_2d": { "lon": 7.737662431644518, "lat": 48.58404361273468 },
        "nom_enseigne": "KOA THAI",
        "identifiant": "001488",
        "url_plan": "https:\/\/sig.strasbourg.eu\/datastrasbourg\/occupation_domaine_public\/terrasse\/2025\/plans\/001376.pdf",
        "superficie_autorisee": 9,
        "url_autorisation": "https:\/\/sig.strasbourg.eu\/datastrasbourg\/occupation_domaine_public\/terrasse\/2025\/autorisations\/A001376.pdf",
        "ville": "STRASBOURG",
        "adresse_etablissement": "4 RUE THIERGARTEN"
      }
    },
    {
      "type": "Feature",
      "geometry": {
        "coordinates": [
          [
            [7.7460777878, 48.5880741472],
            [7.746064939, 48.5880712814],
            [7.7460902585, 48.5880245956],
            [7.7461027776, 48.5880280442],
            [7.7460777878, 48.5880741472]
          ]
        ],
        "type": "Polygon"
      },
      "properties": {
        "geo_point_2d": { "lon": 7.746083925382178, "lat": 48.58804951746016 },
        "nom_enseigne": "SPEEDWICH",
        "identifiant": "012119",
        "url_plan": "https:\/\/sig.strasbourg.eu\/datastrasbourg\/occupation_domaine_public\/terrasse\/2025\/plans\/001380.pdf",
        "superficie_autorisee": 5,
        "url_autorisation": "https:\/\/sig.strasbourg.eu\/datastrasbourg\/occupation_domaine_public\/terrasse\/2025\/autorisations\/A001380.pdf",
        "ville": "STRASBOURG",
        "adresse_etablissement": "20 RUE DU FAUBOURG-DE-PIERRE"
      }
    },
    {
      "type": "Feature",
      "geometry": {
        "coordinates": [
          [
            [7.7525871553, 48.5784697334],
            [7.7525389591, 48.5784945317],
            [7.7525265016, 48.5784838716],
            [7.7525748757, 48.5784589818],
            [7.7525871553, 48.5784697334]
          ]
        ],
        "type": "Polygon"
      },
      "properties": {
        "geo_point_2d": { "lon": 7.752556869119885, "lat": 48.57847677634263 },
        "nom_enseigne": "BLUE SKY",
        "identifiant": "011760",
        "url_plan": "https:\/\/sig.strasbourg.eu\/datastrasbourg\/occupation_domaine_public\/terrasse\/2025\/plans\/001391.pdf",
        "superficie_autorisee": 7,
        "url_autorisation": "https:\/\/sig.strasbourg.eu\/datastrasbourg\/occupation_domaine_public\/terrasse\/2025\/autorisations\/A001391.pdf",
        "ville": "STRASBOURG",
        "adresse_etablissement": "15 RUE D'AUSTERLITZ"
      }
    },
    {
      "type": "Feature",
      "geometry": {
        "coordinates": [
          [
            [7.7403526666, 48.585569332],
            [7.7403379043, 48.5855648006],
            [7.7404103049, 48.5854625344],
            [7.7404250232, 48.5854671283],
            [7.7403526666, 48.585569332]
          ]
        ],
        "type": "Polygon"
      },
      "properties": {
        "geo_point_2d": { "lon": 7.740381474082955, "lat": 48.585515948475354 },
        "nom_enseigne": "LE MANDALA",
        "identifiant": "000632",
        "url_plan": "https:\/\/sig.strasbourg.eu\/datastrasbourg\/occupation_domaine_public\/terrasse\/2025\/plans\/001393.pdf",
        "superficie_autorisee": 15,
        "url_autorisation": "https:\/\/sig.strasbourg.eu\/datastrasbourg\/occupation_domaine_public\/terrasse\/2025\/autorisations\/A001393.pdf",
        "ville": "STRASBOURG",
        "adresse_etablissement": "14 RUE DU FAUBOURG DE SAVERNE"
      }
    },
    {
      "type": "Feature",
      "geometry": {
        "coordinates": [
          [
            [7.739586181, 48.5788299453],
            [7.739430219, 48.5787436873],
            [7.7394581145, 48.5787215145],
            [7.7396141777, 48.5788079617],
            [7.739586181, 48.5788299453]
          ]
        ],
        "type": "Polygon"
      },
      "properties": {
        "geo_point_2d": { "lon": 7.739522129922456, "lat": 48.57877574931132 },
        "nom_enseigne": "O'BROTHER",
        "identifiant": "001376",
        "url_plan": "https:\/\/sig.strasbourg.eu\/datastrasbourg\/occupation_domaine_public\/terrasse\/2025\/plans\/001397.pdf",
        "superficie_autorisee": 48,
        "url_autorisation": "https:\/\/sig.strasbourg.eu\/datastrasbourg\/occupation_domaine_public\/terrasse\/2025\/autorisations\/A001397.pdf",
        "ville": "STRASBOURG",
        "adresse_etablissement": "6 RUE DES GLACIERES"
      }
    },
    {
      "type": "Feature",
      "geometry": {
        "coordinates": [
          [
            [7.7553445829, 48.5813888192],
            [7.7554507266, 48.5814481975],
            [7.7554288852, 48.581465386],
            [7.7553240126, 48.5814067188],
            [7.7553445829, 48.5813888192]
          ]
        ],
        "type": "Polygon"
      },
      "properties": {
        "geo_point_2d": { "lon": 7.755387073106398, "lat": 48.58142726275654 },
        "nom_enseigne": "BIOBURGER",
        "identifiant": "012160",
        "url_plan": "https:\/\/sig.strasbourg.eu\/datastrasbourg\/occupation_domaine_public\/terrasse\/2025\/plans\/001402.pdf",
        "superficie_autorisee": 25,
        "url_autorisation": "https:\/\/sig.strasbourg.eu\/datastrasbourg\/occupation_domaine_public\/terrasse\/2025\/autorisations\/A001402.pdf",
        "ville": "STRASBOURG",
        "adresse_etablissement": "38 QUAI DES BATELIERS"
      }
    },
    {
      "type": "Feature",
      "geometry": {
        "coordinates": [
          [
            [7.7606046286, 48.5783847808],
            [7.7606111212, 48.5783946753],
            [7.7604896235, 48.5784301701],
            [7.7604830701, 48.5784202934],
            [7.7606046286, 48.5783847808]
          ]
        ],
        "type": "Polygon"
      },
      "properties": {
        "geo_point_2d": { "lon": 7.760547110610287, "lat": 48.57840747947827 },
        "nom_enseigne": "ABBIOCCO",
        "identifiant": "011702",
        "url_plan": "https:\/\/sig.strasbourg.eu\/datastrasbourg\/occupation_domaine_public\/terrasse\/2025\/plans\/001404.pdf",
        "superficie_autorisee": 12,
        "url_autorisation": "https:\/\/sig.strasbourg.eu\/datastrasbourg\/occupation_domaine_public\/terrasse\/2025\/autorisations\/A001404.pdf",
        "ville": "STRASBOURG",
        "adresse_etablissement": "5 RUE DU MARECHAL JUIN"
      }
    },
    {
      "type": "Feature",
      "geometry": {
        "coordinates": [
          [
            [7.6982149582, 48.5878628425],
            [7.6982069553, 48.587869866],
            [7.6981980573, 48.5878770439],
            [7.6981639631, 48.5878623385],
            [7.6982089693, 48.5878175213],
            [7.6982437382, 48.587831514],
            [7.6982374183, 48.5878393565],
            [7.6982303172, 48.5878475695],
            [7.698222767, 48.58785536],
            [7.6982149582, 48.5878628425]
          ]
        ],
        "type": "Polygon"
      },
      "properties": {
        "geo_point_2d": {
          "lon": 7.6982044074558775,
          "lat": 48.587847417675405
        },
        "nom_enseigne": "IMAYA LOUNGE",
        "identifiant": "012165",
        "url_plan": "https:\/\/sig.strasbourg.eu\/datastrasbourg\/occupation_domaine_public\/terrasse\/2025\/plans\/001405.pdf",
        "superficie_autorisee": 19,
        "url_autorisation": "https:\/\/sig.strasbourg.eu\/datastrasbourg\/occupation_domaine_public\/terrasse\/2025\/autorisations\/A001405.pdf",
        "ville": "STRASBOURG",
        "adresse_etablissement": "17 RUE PAUL ELUARD"
      }
    },
    {
      "type": "Feature",
      "geometry": {
        "coordinates": [
          [
            [7.7599164784, 48.5652083992],
            [7.7599872995, 48.5651363601],
            [7.7600045543, 48.5651438149],
            [7.7599334836, 48.5652157836],
            [7.7599164784, 48.5652083992]
          ]
        ],
        "type": "Polygon"
      },
      "properties": {
        "geo_point_2d": { "lon": 7.759960531631535, "lat": 48.56517601136879 },
        "nom_enseigne": "PATISSERIE VALENTIN",
        "identifiant": "001497",
        "url_plan": "https:\/\/sig.strasbourg.eu\/datastrasbourg\/occupation_domaine_public\/terrasse\/2025\/plans\/001411.pdf",
        "superficie_autorisee": 14,
        "url_autorisation": "https:\/\/sig.strasbourg.eu\/datastrasbourg\/occupation_domaine_public\/terrasse\/2025\/autorisations\/A001411.pdf",
        "ville": "STRASBOURG",
        "adresse_etablissement": "101 RTE DU POLYGONE"
      }
    },
    {
      "type": "Feature",
      "geometry": {
        "coordinates": [
          [
            [7.7439173577, 48.5826538351],
            [7.7439097456, 48.5826133442],
            [7.744007829, 48.5826046999],
            [7.7440155518, 48.5826457493],
            [7.7439173577, 48.5826538351]
          ]
        ],
        "type": "Polygon"
      },
      "properties": {
        "geo_point_2d": { "lon": 7.743962733188145, "lat": 48.58262939776069 },
        "nom_enseigne": "SUZANNE",
        "identifiant": "000100",
        "url_plan": "https:\/\/sig.strasbourg.eu\/datastrasbourg\/occupation_domaine_public\/terrasse\/2025\/plans\/001420.pdf",
        "superficie_autorisee": 33,
        "url_autorisation": "https:\/\/sig.strasbourg.eu\/datastrasbourg\/occupation_domaine_public\/terrasse\/2025\/autorisations\/A001420.pdf",
        "ville": "STRASBOURG",
        "adresse_etablissement": "25 RUE DU VINGT-DEUX NOVEMBRE"
      }
    },
    {
      "type": "Feature",
      "geometry": {
        "coordinates": [
          [
            [7.7439468945, 48.5831502848],
            [7.7439104804, 48.5831095624],
            [7.7439408978, 48.5830981916],
            [7.7439771024, 48.5831382502],
            [7.7439468945, 48.5831502848]
          ]
        ],
        "type": "Polygon"
      },
      "properties": {
        "geo_point_2d": { "lon": 7.743943837895363, "lat": 48.5831241175172 },
        "nom_enseigne": "BOKI BOKI",
        "identifiant": "000533",
        "url_plan": "https:\/\/sig.strasbourg.eu\/datastrasbourg\/occupation_domaine_public\/terrasse\/2025\/plans\/001421.pdf",
        "superficie_autorisee": 14,
        "url_autorisation": "https:\/\/sig.strasbourg.eu\/datastrasbourg\/occupation_domaine_public\/terrasse\/2025\/autorisations\/A001421.pdf",
        "ville": "STRASBOURG",
        "adresse_etablissement": "25 RUE DU FOSSE DES TANNEURS"
      }
    },
    {
      "type": "Feature",
      "geometry": {
        "coordinates": [
          [
            [
              [7.7503048226, 48.5800008077],
              [7.7503420371, 48.5800163716],
              [7.7503196664, 48.5800398216],
              [7.7502979106, 48.5800308911],
              [7.7502804515, 48.5800224107],
              [7.7503048226, 48.5800008077]
            ]
          ],
          [
            [
              [7.750285432, 48.5800418718],
              [7.7502691165, 48.5800562348],
              [7.7502519022, 48.5800479203],
              [7.7502681489, 48.5800332282],
              [7.750285432, 48.5800418718]
            ]
          ]
        ],
        "type": "MultiPolygon"
      },
      "properties": {
        "geo_point_2d": { "lon": 7.750301450349567, "lat": 48.58002595712242 },
        "nom_enseigne": "POULAILLON PRALINES",
        "identifiant": "001784",
        "url_plan": "https:\/\/sig.strasbourg.eu\/datastrasbourg\/occupation_domaine_public\/terrasse\/2025\/plans\/001423.pdf",
        "superficie_autorisee": 14,
        "url_autorisation": "https:\/\/sig.strasbourg.eu\/datastrasbourg\/occupation_domaine_public\/terrasse\/2025\/autorisations\/A001423.pdf",
        "ville": "STRASBOURG",
        "adresse_etablissement": "6 -8 R.DU VIEUX MARCHE AUX POISSONS"
      }
    },
    {
      "type": "Feature",
      "geometry": {
        "coordinates": [
          [
            [7.7458177719, 48.5824269788],
            [7.7458557268, 48.5823935718],
            [7.7458737794, 48.5824015449],
            [7.7458351307, 48.5824353424],
            [7.7458177719, 48.5824269788]
          ]
        ],
        "type": "Polygon"
      },
      "properties": {
        "geo_point_2d": { "lon": 7.74584565202896, "lat": 48.582414343133074 },
        "nom_enseigne": "HOTEL MAISON ROUGE",
        "identifiant": "012196",
        "url_plan": "https:\/\/sig.strasbourg.eu\/datastrasbourg\/occupation_domaine_public\/terrasse\/2025\/plans\/001436.pdf",
        "superficie_autorisee": 7,
        "url_autorisation": "https:\/\/sig.strasbourg.eu\/datastrasbourg\/occupation_domaine_public\/terrasse\/2025\/autorisations\/A001436.pdf",
        "ville": "STRASBOURG",
        "adresse_etablissement": "4 RUE DES FRANCS BOURGEOIS"
      }
    },
    {
      "type": "Feature",
      "geometry": {
        "coordinates": [
          [
            [7.7381402136, 48.5835017799],
            [7.7381824344, 48.5834854456],
            [7.7381995099, 48.5835043627],
            [7.7381582946, 48.5835205333],
            [7.7381402136, 48.5835017799]
          ]
        ],
        "type": "Polygon"
      },
      "properties": {
        "geo_point_2d": { "lon": 7.738170052433559, "lat": 48.58350301044001 },
        "nom_enseigne": "SUSHI@MORE",
        "identifiant": "001056",
        "url_plan": "https:\/\/sig.strasbourg.eu\/datastrasbourg\/occupation_domaine_public\/terrasse\/2025\/plans\/001442.pdf",
        "superficie_autorisee": 9,
        "url_autorisation": "https:\/\/sig.strasbourg.eu\/datastrasbourg\/occupation_domaine_public\/terrasse\/2025\/autorisations\/A001442.pdf",
        "ville": "STRASBOURG",
        "adresse_etablissement": "3 RUE DU MAIRE KUSS"
      }
    },
    {
      "type": "Feature",
      "geometry": {
        "coordinates": [
          [
            [7.7479546707, 48.5840783833],
            [7.7479536749, 48.5840606935],
            [7.7481005873, 48.5840581906],
            [7.7481012721, 48.5840758857],
            [7.7479546707, 48.5840783833]
          ]
        ],
        "type": "Polygon"
      },
      "properties": {
        "geo_point_2d": { "lon": 7.748027551102709, "lat": 48.58406828515057 },
        "nom_enseigne": "LE CINTRA",
        "identifiant": "001198",
        "url_plan": "https:\/\/sig.strasbourg.eu\/datastrasbourg\/occupation_domaine_public\/terrasse\/2025\/plans\/001445.pdf",
        "superficie_autorisee": 21,
        "url_autorisation": "https:\/\/sig.strasbourg.eu\/datastrasbourg\/occupation_domaine_public\/terrasse\/2025\/autorisations\/A001445.pdf",
        "ville": "STRASBOURG",
        "adresse_etablissement": "11 PCE DES ETUDIANTS"
      }
    },
    {
      "type": "Feature",
      "geometry": {
        "coordinates": [
          [
            [7.7582271203, 48.5833185811],
            [7.7582707103, 48.5833641961],
            [7.7582421743, 48.5833761062],
            [7.75819928, 48.5833313997],
            [7.7582271203, 48.5833185811]
          ]
        ],
        "type": "Polygon"
      },
      "properties": {
        "geo_point_2d": { "lon": 7.758234849998246, "lat": 48.58334753489613 },
        "nom_enseigne": "LES CULOTTEES",
        "identifiant": "000845",
        "url_plan": "https:\/\/sig.strasbourg.eu\/datastrasbourg\/occupation_domaine_public\/terrasse\/2025\/plans\/001447.pdf",
        "superficie_autorisee": 15,
        "url_autorisation": "https:\/\/sig.strasbourg.eu\/datastrasbourg\/occupation_domaine_public\/terrasse\/2025\/autorisations\/A001447.pdf",
        "ville": "STRASBOURG",
        "adresse_etablissement": "15 QUAI DES PECHEURS"
      }
    },
    {
      "type": "Feature",
      "geometry": {
        "coordinates": [
          [
            [7.7611400697, 48.5815544314],
            [7.7612573317, 48.5815362612],
            [7.76126288, 48.5815520244],
            [7.7611453986, 48.5815702286],
            [7.7611400697, 48.5815544314]
          ]
        ],
        "type": "Polygon"
      },
      "properties": {
        "geo_point_2d": { "lon": 7.761201420845353, "lat": 48.58155323885843 },
        "nom_enseigne": "ASIE GOURMANDE",
        "identifiant": "012972",
        "url_plan": "https:\/\/sig.strasbourg.eu\/datastrasbourg\/occupation_domaine_public\/terrasse\/2025\/plans\/001448.pdf",
        "superficie_autorisee": 16,
        "url_autorisation": "https:\/\/sig.strasbourg.eu\/datastrasbourg\/occupation_domaine_public\/terrasse\/2025\/autorisations\/A001448.pdf",
        "ville": "STRASBOURG",
        "adresse_etablissement": "12 RUE DE L'ACADEMIE"
      }
    },
    {
      "type": "Feature",
      "geometry": {
        "coordinates": [
          [
            [7.7480503391, 48.5850320499],
            [7.7479594189, 48.585098748],
            [7.7479493658, 48.5850927159],
            [7.748040286, 48.5850260178],
            [7.7480503391, 48.5850320499]
          ]
        ],
        "type": "Polygon"
      },
      "properties": {
        "geo_point_2d": { "lon": 7.74799985245, "lat": 48.5850623829 },
        "nom_enseigne": "UNITED LEGEND",
        "identifiant": "012212",
        "url_plan": "https:\/\/sig.strasbourg.eu\/datastrasbourg\/occupation_domaine_public\/terrasse\/2025\/plans\/001456.pdf",
        "superficie_autorisee": 10,
        "url_autorisation": "https:\/\/sig.strasbourg.eu\/datastrasbourg\/occupation_domaine_public\/terrasse\/2025\/autorisations\/A001456.pdf",
        "ville": "STRASBOURG",
        "adresse_etablissement": "23 RUE DE LA NUEE-BLEUE"
      }
    },
    {
      "type": "Feature",
      "geometry": {
        "coordinates": [
          [
            [7.7698867164, 48.5661971584],
            [7.7698813436, 48.5662054151],
            [7.7697929706, 48.5661791133],
            [7.7697985147, 48.5661709075],
            [7.7698867164, 48.5661971584]
          ]
        ],
        "type": "Polygon"
      },
      "properties": {
        "geo_point_2d": { "lon": 7.769839885380839, "lat": 48.56618814988713 },
        "nom_enseigne": "LE CYGNE",
        "identifiant": "012219",
        "url_plan": "https:\/\/sig.strasbourg.eu\/datastrasbourg\/occupation_domaine_public\/terrasse\/2025\/plans\/001460.pdf",
        "superficie_autorisee": 7,
        "url_autorisation": "https:\/\/sig.strasbourg.eu\/datastrasbourg\/occupation_domaine_public\/terrasse\/2025\/autorisations\/A001460.pdf",
        "ville": "STRASBOURG",
        "adresse_etablissement": "84 RUE DE LA ZIEGELAU"
      }
    },
    {
      "type": "Feature",
      "geometry": {
        "coordinates": [
          [
            [7.7439670778, 48.5808367952],
            [7.743991421, 48.5808791474],
            [7.7439615185, 48.5808868675],
            [7.7439379237, 48.5808441138],
            [7.7439670778, 48.5808367952]
          ]
        ],
        "type": "Polygon"
      },
      "properties": {
        "geo_point_2d": { "lon": 7.743964532236487, "lat": 48.58086183604506 },
        "nom_enseigne": "S'THOMAS STUEBEL",
        "identifiant": "001808",
        "url_plan": "https:\/\/sig.strasbourg.eu\/datastrasbourg\/occupation_domaine_public\/terrasse\/2025\/plans\/001461.pdf",
        "superficie_autorisee": 12,
        "url_autorisation": "https:\/\/sig.strasbourg.eu\/datastrasbourg\/occupation_domaine_public\/terrasse\/2025\/autorisations\/A001461.pdf",
        "ville": "STRASBOURG",
        "adresse_etablissement": "5 RUE DU BOUCLIER"
      }
    },
    {
      "type": "Feature",
      "geometry": {
        "coordinates": [
          [
            [7.7508583296, 48.5891842768],
            [7.7508483654, 48.5891784857],
            [7.7508249421, 48.5891648122],
            [7.7508356527, 48.5891567242],
            [7.750859087, 48.5891703703],
            [7.7508690656, 48.5891761698],
            [7.7509321808, 48.5892129873],
            [7.7509214321, 48.5892211039],
            [7.7508583296, 48.5891842768]
          ]
        ],
        "type": "Polygon"
      },
      "properties": {
        "geo_point_2d": { "lon": 7.750878580407095, "lat": 48.589188914941985 },
        "nom_enseigne": "FALCINELLA",
        "identifiant": "001324",
        "url_plan": "https:\/\/sig.strasbourg.eu\/datastrasbourg\/occupation_domaine_public\/terrasse\/2025\/plans\/001462.pdf",
        "superficie_autorisee": 11,
        "url_autorisation": "https:\/\/sig.strasbourg.eu\/datastrasbourg\/occupation_domaine_public\/terrasse\/2025\/autorisations\/A001462.pdf",
        "ville": "STRASBOURG",
        "adresse_etablissement": "17 RUE DU GENERAL DE CASTELNAU"
      }
    },
    {
      "type": "Feature",
      "geometry": {
        "coordinates": [
          [
            [7.747065371, 48.5823357301],
            [7.747086065, 48.5822953266],
            [7.7471469915, 48.5823083256],
            [7.7470906575, 48.5824039921],
            [7.7470387589, 48.5823929201],
            [7.747065371, 48.5823357301]
          ]
        ],
        "type": "Polygon"
      },
      "properties": {
        "geo_point_2d": { "lon": 7.747091062774108, "lat": 48.582348785878466 },
        "nom_enseigne": "SQUARE DELICATESSEN",
        "identifiant": "000795",
        "url_plan": "https:\/\/sig.strasbourg.eu\/datastrasbourg\/occupation_domaine_public\/terrasse\/2025\/plans\/001463.pdf",
        "superficie_autorisee": 50,
        "url_autorisation": "https:\/\/sig.strasbourg.eu\/datastrasbourg\/occupation_domaine_public\/terrasse\/2025\/autorisations\/A001463.pdf",
        "ville": "STRASBOURG",
        "adresse_etablissement": "12 RUE DU VIEUX MARCHE AUX GRAINS"
      }
    },
    {
      "type": "Feature",
      "geometry": {
        "coordinates": [
          [
            [7.754642676, 48.5832179326],
            [7.754642676, 48.5832179326],
            [7.7546343996, 48.5832171456],
            [7.7546235899, 48.5832424856],
            [7.7546108515, 48.5832394232],
            [7.7546577511, 48.5831535791],
            [7.7545712025, 48.5831373323],
            [7.754575517, 48.583126929],
            [7.7546709179, 48.5831443458],
            [7.7546663553, 48.5831551943],
            [7.7546757898, 48.5831574624],
            [7.754642676, 48.5832179326]
          ]
        ],
        "type": "Polygon"
      },
      "properties": {
        "geo_point_2d": { "lon": 7.754634953786543, "lat": 48.58317259833015 },
        "nom_enseigne": "CUCCI",
        "identifiant": "000423",
        "url_plan": "https:\/\/sig.strasbourg.eu\/datastrasbourg\/occupation_domaine_public\/terrasse\/2025\/plans\/001467.pdf",
        "superficie_autorisee": 22,
        "url_autorisation": "https:\/\/sig.strasbourg.eu\/datastrasbourg\/occupation_domaine_public\/terrasse\/2025\/autorisations\/A001467.pdf",
        "ville": "STRASBOURG",
        "adresse_etablissement": "5 -6 PCE SAINT-ETIENNE"
      }
    },
    {
      "type": "Feature",
      "geometry": {
        "coordinates": [
          [
            [7.7582300209, 48.5668350646],
            [7.758216263, 48.566831168],
            [7.7582482457, 48.5667808696],
            [7.758262034, 48.5667847316],
            [7.7582300209, 48.5668350646]
          ]
        ],
        "type": "Polygon"
      },
      "properties": {
        "geo_point_2d": { "lon": 7.7582391431136335, "lat": 48.56680795651736 },
        "nom_enseigne": "NOMAD CAFE BOUTIQUE",
        "identifiant": "012237",
        "url_plan": "https:\/\/sig.strasbourg.eu\/datastrasbourg\/occupation_domaine_public\/terrasse\/2025\/plans\/001472.pdf",
        "superficie_autorisee": 7,
        "url_autorisation": "https:\/\/sig.strasbourg.eu\/datastrasbourg\/occupation_domaine_public\/terrasse\/2025\/autorisations\/A001472.pdf",
        "ville": "STRASBOURG",
        "adresse_etablissement": "80 RTE DU POLYGONE"
      }
    },
    {
      "type": "Feature",
      "geometry": {
        "coordinates": [
          [
            [7.7602795881, 48.5789510719],
            [7.7602796133, 48.5789512521],
            [7.7603211582, 48.5789804127],
            [7.7602815427, 48.5790013827],
            [7.7602452328, 48.5789722942],
            [7.7602795881, 48.5789510719]
          ]
        ],
        "type": "Polygon"
      },
      "properties": {
        "geo_point_2d": { "lon": 7.760282301023196, "lat": 48.57897639078099 },
        "nom_enseigne": "PERSIA",
        "identifiant": "012274",
        "url_plan": "https:\/\/sig.strasbourg.eu\/datastrasbourg\/occupation_domaine_public\/terrasse\/2025\/plans\/001475.pdf",
        "superficie_autorisee": 16,
        "url_autorisation": "https:\/\/sig.strasbourg.eu\/datastrasbourg\/occupation_domaine_public\/terrasse\/2025\/autorisations\/A001475.pdf",
        "ville": "STRASBOURG",
        "adresse_etablissement": "6 RUE DE L'ABREUVOIR"
      }
    },
    {
      "type": "Feature",
      "geometry": {
        "coordinates": [
          [
            [
              [7.7422022987, 48.5818236581],
              [7.7421855987, 48.5817980854],
              [7.7423157466, 48.5817606553],
              [7.7423349998, 48.5817560933],
              [7.7423500647, 48.5817811653],
              [7.7422022987, 48.5818236581]
            ]
          ],
          [
            [
              [7.7422124302, 48.5818393931],
              [7.742187793, 48.5818464921],
              [7.7421607439, 48.5818052642],
              [7.7421855987, 48.5817980854],
              [7.7422124302, 48.5818393931]
            ]
          ],
          [
            [
              [7.7424742568, 48.581945821],
              [7.7424003481, 48.5819672307],
              [7.7423875643, 48.5819463994],
              [7.7424414393, 48.5819307999],
              [7.7424606763, 48.5819251844],
              [7.7424742568, 48.581945821]
            ]
          ]
        ],
        "type": "MultiPolygon"
      },
      "properties": {
        "geo_point_2d": { "lon": 7.742293913862205, "lat": 48.58183246126223 },
        "nom_enseigne": "GRAND RUE",
        "identifiant": "000913",
        "url_plan": "https:\/\/sig.strasbourg.eu\/datastrasbourg\/occupation_domaine_public\/terrasse\/2025\/plans\/001476.pdf",
        "superficie_autorisee": 62,
        "url_autorisation": "https:\/\/sig.strasbourg.eu\/datastrasbourg\/occupation_domaine_public\/terrasse\/2025\/autorisations\/A001476.pdf",
        "ville": "STRASBOURG",
        "adresse_etablissement": "80 GRAND'RUE"
      }
    },
    {
      "type": "Feature",
      "geometry": {
        "coordinates": [
          [
            [7.754242709, 48.5793258004],
            [7.7542798056, 48.5792942679],
            [7.7542805753, 48.5792946599],
            [7.7542936107, 48.5792837101],
            [7.7543162522, 48.5792954417],
            [7.7542662064, 48.5793379745],
            [7.754242709, 48.5793258004]
          ]
        ],
        "type": "Polygon"
      },
      "properties": {
        "geo_point_2d": { "lon": 7.754279414248246, "lat": 48.57931081575644 },
        "nom_enseigne": "MADELEINE",
        "identifiant": "000869",
        "url_plan": "https:\/\/sig.strasbourg.eu\/datastrasbourg\/occupation_domaine_public\/terrasse\/2025\/plans\/001483.pdf",
        "superficie_autorisee": 13,
        "url_autorisation": "https:\/\/sig.strasbourg.eu\/datastrasbourg\/occupation_domaine_public\/terrasse\/2025\/autorisations\/A001483.pdf",
        "ville": "STRASBOURG",
        "adresse_etablissement": "22 RUE SAINTE-MADELEINE"
      }
    },
    {
      "type": "Feature",
      "geometry": {
        "coordinates": [
          [
            [7.7255884742, 48.5916293251],
            [7.7256516304, 48.5916237381],
            [7.72566059, 48.5916683083],
            [7.7255974338, 48.5916738953],
            [7.7255884742, 48.5916293251]
          ]
        ],
        "type": "Polygon"
      },
      "properties": {
        "geo_point_2d": { "lon": 7.725624532100001, "lat": 48.59164881669999 },
        "nom_enseigne": "LA STATION R",
        "identifiant": "012347",
        "url_plan": "https:\/\/sig.strasbourg.eu\/datastrasbourg\/occupation_domaine_public\/terrasse\/2025\/plans\/001486.pdf",
        "superficie_autorisee": 24,
        "url_autorisation": "https:\/\/sig.strasbourg.eu\/datastrasbourg\/occupation_domaine_public\/terrasse\/2025\/autorisations\/A001486.pdf",
        "ville": "STRASBOURG",
        "adresse_etablissement": "18 RUE GENEVIEVE ANTHONIOZ"
      }
    },
    {
      "type": "Feature",
      "geometry": {
        "coordinates": [
          [
            [7.7605530985, 48.5793657846],
            [7.760546009, 48.579360151],
            [7.7605443705, 48.5793613071],
            [7.7605133925, 48.579335978],
            [7.7605440093, 48.5793200393],
            [7.7605817759, 48.5793518723],
            [7.7605530985, 48.5793657846]
          ]
        ],
        "type": "Polygon"
      },
      "properties": {
        "geo_point_2d": { "lon": 7.760547527786885, "lat": 48.579343347124436 },
        "nom_enseigne": "DIMSUMSAM",
        "identifiant": "012366",
        "url_plan": "https:\/\/sig.strasbourg.eu\/datastrasbourg\/occupation_domaine_public\/terrasse\/2025\/plans\/001488.pdf",
        "superficie_autorisee": 13,
        "url_autorisation": "https:\/\/sig.strasbourg.eu\/datastrasbourg\/occupation_domaine_public\/terrasse\/2025\/autorisations\/A001488.pdf",
        "ville": "STRASBOURG",
        "adresse_etablissement": "9 RUE DE L'ABREUVOIR"
      }
    },
    {
      "type": "Feature",
      "geometry": {
        "coordinates": [
          [
            [
              [7.7406473207, 48.5832388901],
              [7.7406609513, 48.5832134717],
              [7.7408281418, 48.5832513242],
              [7.7408134008, 48.5832769559],
              [7.7406473207, 48.5832388901]
            ]
          ],
          [
            [
              [7.7406616164, 48.5835725485],
              [7.7405541531, 48.583524491],
              [7.7405643359, 48.5835077849],
              [7.7407761644, 48.5835643645],
              [7.7407559164, 48.5835977267],
              [7.7406616164, 48.5835725485]
            ]
          ]
        ],
        "type": "MultiPolygon"
      },
      "properties": {
        "geo_point_2d": { "lon": 7.7406984709121245, "lat": 48.58342923253669 },
        "nom_enseigne": "BRAVO ! LA TAVOLA SOCIALE",
        "identifiant": "011098",
        "url_plan": "https:\/\/sig.strasbourg.eu\/datastrasbourg\/occupation_domaine_public\/terrasse\/2025\/plans\/001492.pdf",
        "superficie_autorisee": 97,
        "url_autorisation": "https:\/\/sig.strasbourg.eu\/datastrasbourg\/occupation_domaine_public\/terrasse\/2025\/autorisations\/A001492.pdf",
        "ville": "STRASBOURG",
        "adresse_etablissement": "4 RUE DU VIEUX MARCHE AUX VINS 5 rue du Jeu des Enfants (terrasse arri\u00e8re)"
      }
    },
    {
      "type": "Feature",
      "geometry": {
        "coordinates": [
          [
            [7.7598358575, 48.5787752929],
            [7.7597933624, 48.5787406928],
            [7.7598207566, 48.5787257236],
            [7.7598634644, 48.5787607996],
            [7.7598358575, 48.5787752929]
          ]
        ],
        "type": "Polygon"
      },
      "properties": {
        "geo_point_2d": { "lon": 7.759828354867441, "lat": 48.578750591113916 },
        "nom_enseigne": "LE LOCAL",
        "identifiant": "012364",
        "url_plan": "https:\/\/sig.strasbourg.eu\/datastrasbourg\/occupation_domaine_public\/terrasse\/2025\/plans\/001494.pdf",
        "superficie_autorisee": 13,
        "url_autorisation": "https:\/\/sig.strasbourg.eu\/datastrasbourg\/occupation_domaine_public\/terrasse\/2025\/autorisations\/A001494.pdf",
        "ville": "STRASBOURG",
        "adresse_etablissement": "3 RUE DE L'ABREUVOIR"
      }
    },
    {
      "type": "Feature",
      "geometry": {
        "coordinates": [
          [
            [
              [7.7465843268, 48.5835952135],
              [7.7465279396, 48.5837059736],
              [7.7464431819, 48.5836869802],
              [7.7464996425, 48.5835760831],
              [7.7465843268, 48.5835952135]
            ]
          ],
          [
            [
              [7.7467149825, 48.5837589342],
              [7.7467115501, 48.5837645229],
              [7.7466406555, 48.5837406412],
              [7.7467192941, 48.5836300791],
              [7.7467925392, 48.5836534442],
              [7.7467617122, 48.5836956554],
              [7.7467641622, 48.5836964978],
              [7.746717522, 48.5837592051],
              [7.7467173289, 48.5837594647],
              [7.7467150716, 48.5837589543],
              [7.7467149825, 48.5837589342]
            ]
          ]
        ],
        "type": "MultiPolygon"
      },
      "properties": {
        "geo_point_2d": { "lon": 7.746613038593406, "lat": 48.58366865312084 },
        "nom_enseigne": "LICORNE - LA TERRASSE KLEBER",
        "identifiant": "000472",
        "url_plan": "https:\/\/sig.strasbourg.eu\/datastrasbourg\/occupation_domaine_public\/terrasse\/2025\/plans\/001498.pdf",
        "superficie_autorisee": 168,
        "url_autorisation": "https:\/\/sig.strasbourg.eu\/datastrasbourg\/occupation_domaine_public\/terrasse\/2025\/autorisations\/A001498.pdf",
        "ville": "STRASBOURG",
        "adresse_etablissement": "11 -13 RUE DES GRANDES ARCADES"
      }
    },
    {
      "type": "Feature",
      "geometry": {
        "coordinates": [
          [
            [7.7408572373, 48.5823455216],
            [7.7408290462, 48.5823519621],
            [7.7408180297, 48.5823307071],
            [7.7409295291, 48.5823052129],
            [7.7409405727, 48.5823264669],
            [7.7408572373, 48.5823455216]
          ]
        ],
        "type": "Polygon"
      },
      "properties": {
        "geo_point_2d": { "lon": 7.7408792963462245, "lat": 48.5823285882612 },
        "nom_enseigne": "CAFE JOYEUX",
        "identifiant": "001362",
        "url_plan": "https:\/\/sig.strasbourg.eu\/datastrasbourg\/occupation_domaine_public\/terrasse\/2025\/plans\/001502.pdf",
        "superficie_autorisee": 22,
        "url_autorisation": "https:\/\/sig.strasbourg.eu\/datastrasbourg\/occupation_domaine_public\/terrasse\/2025\/autorisations\/A001502.pdf",
        "ville": "STRASBOURG",
        "adresse_etablissement": "42 GRAND'RUE"
      }
    },
    {
      "type": "Feature",
      "geometry": {
        "coordinates": [
          [
            [7.7494760789, 48.5798023273],
            [7.7495049046, 48.5798141311],
            [7.7494754142, 48.5798458642],
            [7.7494465741, 48.579834052],
            [7.7494760789, 48.5798023273]
          ]
        ],
        "type": "Polygon"
      },
      "properties": {
        "geo_point_2d": { "lon": 7.749475741715933, "lat": 48.579824095181266 },
        "nom_enseigne": "RESTAURANT POMPETTE",
        "identifiant": "000784",
        "url_plan": "https:\/\/sig.strasbourg.eu\/datastrasbourg\/occupation_domaine_public\/terrasse\/2025\/plans\/001512.pdf",
        "superficie_autorisee": 10,
        "url_autorisation": "https:\/\/sig.strasbourg.eu\/datastrasbourg\/occupation_domaine_public\/terrasse\/2025\/autorisations\/A001512.pdf",
        "ville": "STRASBOURG",
        "adresse_etablissement": "8 RUE DES TONNELIERS"
      }
    },
    {
      "type": "Feature",
      "geometry": {
        "coordinates": [
          [
            [7.7483334945, 48.5798750566],
            [7.7483933648, 48.5798939066],
            [7.7483874866, 48.5799019588],
            [7.7482864739, 48.5798704212],
            [7.7482925215, 48.5798621458],
            [7.7483334945, 48.5798750566]
          ]
        ],
        "type": "Polygon"
      },
      "properties": {
        "geo_point_2d": { "lon": 7.748339730030021, "lat": 48.579882037063136 },
        "nom_enseigne": "SAVEURS DE L'HIMALAYA",
        "identifiant": "001738",
        "url_plan": "https:\/\/sig.strasbourg.eu\/datastrasbourg\/occupation_domaine_public\/terrasse\/2025\/plans\/001513.pdf",
        "superficie_autorisee": 8,
        "url_autorisation": "https:\/\/sig.strasbourg.eu\/datastrasbourg\/occupation_domaine_public\/terrasse\/2025\/autorisations\/A001513.pdf",
        "ville": "STRASBOURG",
        "adresse_etablissement": "17 RUE DE L'AIL"
      }
    },
    {
      "type": "Feature",
      "geometry": {
        "coordinates": [
          [
            [7.7464421046, 48.5873478343],
            [7.7464710878, 48.5872950845],
            [7.746487032, 48.5872989403],
            [7.7464581922, 48.5873517742],
            [7.7464421046, 48.5873478343]
          ]
        ],
        "type": "Polygon"
      },
      "properties": {
        "geo_point_2d": { "lon": 7.746464580099132, "lat": 48.58732345451269 },
        "nom_enseigne": "L'ORCHIDEA",
        "identifiant": "001549",
        "url_plan": "https:\/\/sig.strasbourg.eu\/datastrasbourg\/occupation_domaine_public\/terrasse\/2025\/plans\/001516.pdf",
        "superficie_autorisee": 8,
        "url_autorisation": "https:\/\/sig.strasbourg.eu\/datastrasbourg\/occupation_domaine_public\/terrasse\/2025\/autorisations\/A001516.pdf",
        "ville": "STRASBOURG",
        "adresse_etablissement": "6 RUE DU FAUBOURG-DE-PIERRE"
      }
    },
    {
      "type": "Feature",
      "geometry": {
        "coordinates": [
          [
            [7.7559468947, 48.572499944],
            [7.7559131963, 48.5725870492],
            [7.7558856323, 48.572582353],
            [7.7559194187, 48.5724950204],
            [7.7559468947, 48.572499944]
          ]
        ],
        "type": "Polygon"
      },
      "properties": {
        "geo_point_2d": { "lon": 7.755916279518175, "lat": 48.57254109061129 },
        "nom_enseigne": "LES TONTONS FLAMBEURS",
        "identifiant": "011838",
        "url_plan": "https:\/\/sig.strasbourg.eu\/datastrasbourg\/occupation_domaine_public\/terrasse\/2025\/plans\/001520.pdf",
        "superficie_autorisee": 21,
        "url_autorisation": "https:\/\/sig.strasbourg.eu\/datastrasbourg\/occupation_domaine_public\/terrasse\/2025\/autorisations\/A001520.pdf",
        "ville": "STRASBOURG",
        "adresse_etablissement": "13 B RTE DE VIENNE"
      }
    },
    {
      "type": "Feature",
      "geometry": {
        "coordinates": [
          [
            [7.7517162952, 48.578846337],
            [7.7517934541, 48.5788093141],
            [7.7518053667, 48.578820245],
            [7.7517274199, 48.578857646],
            [7.7517162952, 48.578846337]
          ]
        ],
        "type": "Polygon"
      },
      "properties": {
        "geo_point_2d": { "lon": 7.751760643710173, "lat": 48.57883339494808 },
        "nom_enseigne": "SIGNAL TEA",
        "identifiant": "013156",
        "url_plan": "https:\/\/sig.strasbourg.eu\/datastrasbourg\/occupation_domaine_public\/terrasse\/2025\/plans\/001525.pdf",
        "superficie_autorisee": 11,
        "url_autorisation": "https:\/\/sig.strasbourg.eu\/datastrasbourg\/occupation_domaine_public\/terrasse\/2025\/autorisations\/A001525.pdf",
        "ville": "STRASBOURG",
        "adresse_etablissement": "6 RUE D'AUSTERLITZ"
      }
    },
    {
      "type": "Feature",
      "geometry": {
        "coordinates": [
          [
            [7.7450655507, 48.5819596292],
            [7.7450714345, 48.5819771986],
            [7.7450312, 48.5819827872],
            [7.7450254141, 48.581965233],
            [7.7450655507, 48.5819596292]
          ]
        ],
        "type": "Polygon"
      },
      "properties": {
        "geo_point_2d": { "lon": 7.74504840615379, "lat": 48.58197121450008 },
        "nom_enseigne": "LE PETIT NOMAD",
        "identifiant": "013132",
        "url_plan": "https:\/\/sig.strasbourg.eu\/datastrasbourg\/occupation_domaine_public\/terrasse\/2025\/plans\/001528.pdf",
        "superficie_autorisee": 6,
        "url_autorisation": "https:\/\/sig.strasbourg.eu\/datastrasbourg\/occupation_domaine_public\/terrasse\/2025\/autorisations\/A001528.pdf",
        "ville": "STRASBOURG",
        "adresse_etablissement": "16 RUE SAINTE-HELENE"
      }
    },
    {
      "type": "Feature",
      "geometry": {
        "coordinates": [
          [
            [7.7563596628, 48.5800687035],
            [7.756388087, 48.5800696108],
            [7.7563842229, 48.5801226226],
            [7.7563558722, 48.5801217754],
            [7.7563596628, 48.5800687035]
          ]
        ],
        "type": "Polygon"
      },
      "properties": {
        "geo_point_2d": { "lon": 7.756371959524215, "lat": 48.580095665902654 },
        "nom_enseigne": "BEST FOOD",
        "identifiant": "011243",
        "url_plan": "https:\/\/sig.strasbourg.eu\/datastrasbourg\/occupation_domaine_public\/terrasse\/2025\/plans\/001530.pdf",
        "superficie_autorisee": 12,
        "url_autorisation": "https:\/\/sig.strasbourg.eu\/datastrasbourg\/occupation_domaine_public\/terrasse\/2025\/autorisations\/A001530.pdf",
        "ville": "STRASBOURG",
        "adresse_etablissement": "24 RUE DE ZURICH"
      }
    },
    {
      "type": "Feature",
      "geometry": {
        "coordinates": [
          [
            [7.7493617468, 48.5799461042],
            [7.7493871599, 48.5799143308],
            [7.7494111099, 48.5799227661],
            [7.749352786, 48.5799956389],
            [7.7493288494, 48.579987203],
            [7.7493617468, 48.5799461042]
          ]
        ],
        "type": "Polygon"
      },
      "properties": {
        "geo_point_2d": { "lon": 7.749369980412186, "lat": 48.579954983234344 },
        "nom_enseigne": "SCHATZI",
        "identifiant": "001173",
        "url_plan": "https:\/\/sig.strasbourg.eu\/datastrasbourg\/occupation_domaine_public\/terrasse\/2025\/plans\/001532.pdf",
        "superficie_autorisee": 18,
        "url_autorisation": "https:\/\/sig.strasbourg.eu\/datastrasbourg\/occupation_domaine_public\/terrasse\/2025\/autorisations\/A001532.pdf",
        "ville": "STRASBOURG",
        "adresse_etablissement": "12 RUE DES TONNELIERS"
      }
    },
    {
      "type": "Feature",
      "geometry": {
        "coordinates": [
          [
            [7.7527940299, 48.5828474264],
            [7.7528041041, 48.5828307044],
            [7.75287995, 48.5828537918],
            [7.7528686461, 48.5828701394],
            [7.7527940299, 48.5828474264]
          ]
        ],
        "type": "Polygon"
      },
      "properties": {
        "geo_point_2d": { "lon": 7.752836697059663, "lat": 48.582850492968674 },
        "nom_enseigne": "EATER",
        "identifiant": "011902",
        "url_plan": "https:\/\/sig.strasbourg.eu\/datastrasbourg\/occupation_domaine_public\/terrasse\/2025\/plans\/001536.pdf",
        "superficie_autorisee": 12,
        "url_autorisation": "https:\/\/sig.strasbourg.eu\/datastrasbourg\/occupation_domaine_public\/terrasse\/2025\/autorisations\/A001536.pdf",
        "ville": "STRASBOURG",
        "adresse_etablissement": "19 RUE DES FRERES"
      }
    },
    {
      "type": "Feature",
      "geometry": {
        "coordinates": [
          [
            [7.7479734771, 48.5816436455],
            [7.7480336802, 48.5815558161],
            [7.7480930056, 48.5815704726],
            [7.7480381309, 48.5816602665],
            [7.7479734771, 48.5816436455]
          ]
        ],
        "type": "Polygon"
      },
      "properties": {
        "geo_point_2d": { "lon": 7.748034165590058, "lat": 48.58160823539496 },
        "nom_enseigne": "CAFE DREHER",
        "identifiant": "013170",
        "url_plan": "https:\/\/sig.strasbourg.eu\/datastrasbourg\/occupation_domaine_public\/terrasse\/2025\/plans\/001537.pdf",
        "superficie_autorisee": 53,
        "url_autorisation": "https:\/\/sig.strasbourg.eu\/datastrasbourg\/occupation_domaine_public\/terrasse\/2025\/autorisations\/A001537.pdf",
        "ville": "STRASBOURG",
        "adresse_etablissement": "54 RUE DES GRANDES ARCADES"
      }
    },
    {
      "type": "Feature",
      "geometry": {
        "coordinates": [
          [
            [7.7589366876, 48.5786431125],
            [7.7589800243, 48.5786014003],
            [7.758987798, 48.5786050073],
            [7.7589446639, 48.5786465235],
            [7.7589366876, 48.5786431125]
          ]
        ],
        "type": "Polygon"
      },
      "properties": {
        "geo_point_2d": { "lon": 7.758962290687996, "lat": 48.57862400921319 },
        "nom_enseigne": "BISTROT DES ROSIERS",
        "identifiant": "012215",
        "url_plan": "https:\/\/sig.strasbourg.eu\/datastrasbourg\/occupation_domaine_public\/terrasse\/2025\/plans\/001541.pdf",
        "superficie_autorisee": 4,
        "url_autorisation": "https:\/\/sig.strasbourg.eu\/datastrasbourg\/occupation_domaine_public\/terrasse\/2025\/autorisations\/A001541.pdf",
        "ville": "STRASBOURG",
        "adresse_etablissement": "68 RUE DE ZURICH"
      }
    },
    {
      "type": "Feature",
      "geometry": {
        "coordinates": [
          [
            [7.7611740092, 48.5740437204],
            [7.7611744486, 48.574046318],
            [7.761161255, 48.5740476703],
            [7.7611630882, 48.574058164],
            [7.7611764058, 48.574057122],
            [7.7611835349, 48.5740941187],
            [7.7611600762, 48.5741141624],
            [7.7606793567, 48.5741539049],
            [7.7606743124, 48.5741264326],
            [7.7605941251, 48.5741325788],
            [7.7605865754, 48.5740916219],
            [7.7611740092, 48.5740437204]
          ]
        ],
        "type": "Polygon"
      },
      "properties": {
        "geo_point_2d": { "lon": 7.760897990855313, "lat": 48.57409971751704 },
        "nom_enseigne": "LE BARCO",
        "identifiant": "013149",
        "url_plan": "https:\/\/sig.strasbourg.eu\/datastrasbourg\/occupation_domaine_public\/terrasse\/2025\/plans\/001546.pdf",
        "superficie_autorisee": 314,
        "url_autorisation": "https:\/\/sig.strasbourg.eu\/datastrasbourg\/occupation_domaine_public\/terrasse\/2025\/autorisations\/A001546.pdf",
        "ville": "STRASBOURG",
        "adresse_etablissement": "PRESQU'ILE ANDRE MALRAUX Angle passerelle Giacometti"
      }
    },
    {
      "type": "Feature",
      "geometry": {
        "coordinates": [
          [
            [7.7516475341, 48.5770693067],
            [7.7516477305, 48.5770691592],
            [7.7516384661, 48.5770862563],
            [7.7515043637, 48.5770546662],
            [7.7515134316, 48.5770377166],
            [7.7516475341, 48.5770693067]
          ]
        ],
        "type": "Polygon"
      },
      "properties": {
        "geo_point_2d": { "lon": 7.751575975576914, "lat": 48.577061991476924 },
        "nom_enseigne": "HANURI KOREAN GRILL",
        "identifiant": "011769",
        "url_plan": "https:\/\/sig.strasbourg.eu\/datastrasbourg\/occupation_domaine_public\/terrasse\/2025\/plans\/001551.pdf",
        "superficie_autorisee": 21,
        "url_autorisation": "https:\/\/sig.strasbourg.eu\/datastrasbourg\/occupation_domaine_public\/terrasse\/2025\/autorisations\/A001551.pdf",
        "ville": "STRASBOURG",
        "adresse_etablissement": "22 RUE DE LA 1ERE ARMEE"
      }
    },
    {
      "type": "Feature",
      "geometry": {
        "coordinates": [
          [
            [7.7492862787, 48.5809739161],
            [7.7492700116, 48.5809901522],
            [7.7492587245, 48.5809851736],
            [7.7492749319, 48.580968997],
            [7.7492862787, 48.5809739161]
          ]
        ],
        "type": "Polygon"
      },
      "properties": {
        "geo_point_2d": { "lon": 7.749272490146149, "lat": 48.58097956123258 },
        "nom_enseigne": "GONG CHA FRANBOURTEA",
        "identifiant": "013293",
        "url_plan": "https:\/\/sig.strasbourg.eu\/datastrasbourg\/occupation_domaine_public\/terrasse\/2025\/plans\/001558.pdf",
        "superficie_autorisee": 2,
        "url_autorisation": "https:\/\/sig.strasbourg.eu\/datastrasbourg\/occupation_domaine_public\/terrasse\/2025\/autorisations\/A001558.pdf",
        "ville": "STRASBOURG",
        "adresse_etablissement": "50 R.DU VIEUX MARCHE AUX POISSONS"
      }
    },
    {
      "type": "Feature",
      "geometry": {
        "coordinates": [
          [
            [7.7552518019, 48.5813443409],
            [7.755310751, 48.581371104],
            [7.7552916164, 48.5813896586],
            [7.7552905321, 48.5813906816],
            [7.7552337328, 48.5813641765],
            [7.7552518019, 48.5813443409]
          ]
        ],
        "type": "Polygon"
      },
      "properties": {
        "geo_point_2d": { "lon": 7.75527187811018, "lat": 48.581367588276684 },
        "nom_enseigne": "MAISON ALICIA",
        "identifiant": "011547",
        "url_plan": "https:\/\/sig.strasbourg.eu\/datastrasbourg\/occupation_domaine_public\/terrasse\/2025\/plans\/001560.pdf",
        "superficie_autorisee": 14,
        "url_autorisation": "https:\/\/sig.strasbourg.eu\/datastrasbourg\/occupation_domaine_public\/terrasse\/2025\/autorisations\/A001560.pdf",
        "ville": "STRASBOURG",
        "adresse_etablissement": "37 QUAI DES BATELIERS"
      }
    },
    {
      "type": "Feature",
      "geometry": {
        "coordinates": [
          [
            [7.7492678248, 48.5814151773],
            [7.7493017924, 48.5813835212],
            [7.7493156204, 48.5813903942],
            [7.7492818144, 48.5814222849],
            [7.7492678248, 48.5814151773]
          ]
        ],
        "type": "Polygon"
      },
      "properties": {
        "geo_point_2d": { "lon": 7.749291712210458, "lat": 48.581402897268305 },
        "nom_enseigne": "LA KNACKERIE",
        "identifiant": "013366",
        "url_plan": "https:\/\/sig.strasbourg.eu\/datastrasbourg\/occupation_domaine_public\/terrasse\/2025\/plans\/001571.pdf",
        "superficie_autorisee": 6,
        "url_autorisation": "https:\/\/sig.strasbourg.eu\/datastrasbourg\/occupation_domaine_public\/terrasse\/2025\/autorisations\/A001571.pdf",
        "ville": "STRASBOURG",
        "adresse_etablissement": "1 RUE DU FOSSE DES TAILLEURS"
      }
    },
    {
      "type": "Feature",
      "geometry": {
        "coordinates": [
          [
            [7.7470720544, 48.584352156],
            [7.7469103472, 48.5843518725],
            [7.7469105227, 48.5843423219],
            [7.7470722, 48.5843430218],
            [7.7470720544, 48.584352156]
          ]
        ],
        "type": "Polygon"
      },
      "properties": {
        "geo_point_2d": { "lon": 7.74699068040809, "lat": 48.58434734133291 },
        "nom_enseigne": "MAISON MESANGE",
        "identifiant": "013369",
        "url_plan": "https:\/\/sig.strasbourg.eu\/datastrasbourg\/occupation_domaine_public\/terrasse\/2025\/plans\/001572.pdf",
        "superficie_autorisee": 12,
        "url_autorisation": "https:\/\/sig.strasbourg.eu\/datastrasbourg\/occupation_domaine_public\/terrasse\/2025\/autorisations\/A001572.pdf",
        "ville": "STRASBOURG",
        "adresse_etablissement": "7 RUE DE LA MESANGE"
      }
    },
    {
      "type": "Feature",
      "geometry": {
        "coordinates": [
          [
            [7.7580924115, 48.5794624409],
            [7.7581041998, 48.5794698954],
            [7.7580411365, 48.5795172276],
            [7.7580213027, 48.5795049679],
            [7.7580924115, 48.5794624409]
          ]
        ],
        "type": "Polygon"
      },
      "properties": {
        "geo_point_2d": { "lon": 7.758061972268718, "lat": 48.57949049760127 },
        "nom_enseigne": "ZURIGO",
        "identifiant": "013374",
        "url_plan": "https:\/\/sig.strasbourg.eu\/datastrasbourg\/occupation_domaine_public\/terrasse\/2025\/plans\/001573.pdf",
        "superficie_autorisee": 11,
        "url_autorisation": "https:\/\/sig.strasbourg.eu\/datastrasbourg\/occupation_domaine_public\/terrasse\/2025\/autorisations\/A001573.pdf",
        "ville": "STRASBOURG",
        "adresse_etablissement": "44 RUE DE ZURICH"
      }
    },
    {
      "type": "Feature",
      "geometry": {
        "coordinates": [
          [
            [7.7431408041, 48.5818048694],
            [7.7432590212, 48.5817717799],
            [7.7432667789, 48.5817842636],
            [7.74316681, 48.5818116659],
            [7.7432103507, 48.5818688402],
            [7.7431933903, 48.5818744352],
            [7.7431408041, 48.5818048694]
          ]
        ],
        "type": "Polygon"
      },
      "properties": {
        "geo_point_2d": { "lon": 7.743194259782291, "lat": 48.58181459230162 },
        "nom_enseigne": "AMORINO",
        "identifiant": "011726",
        "url_plan": "https:\/\/sig.strasbourg.eu\/datastrasbourg\/occupation_domaine_public\/terrasse\/2025\/plans\/001576.pdf",
        "superficie_autorisee": 24,
        "url_autorisation": "https:\/\/sig.strasbourg.eu\/datastrasbourg\/occupation_domaine_public\/terrasse\/2025\/autorisations\/A001576.pdf",
        "ville": "STRASBOURG",
        "adresse_etablissement": "71 GRAND'RUE"
      }
    },
    {
      "type": "Feature",
      "geometry": {
        "coordinates": [
          [
            [7.7523399026, 48.5799235405],
            [7.752416257, 48.5799595201],
            [7.752396638, 48.5799778504],
            [7.7523202369, 48.579941849],
            [7.7523399026, 48.5799235405]
          ]
        ],
        "type": "Polygon"
      },
      "properties": {
        "geo_point_2d": { "lon": 7.752368257579798, "lat": 48.579950690908106 },
        "nom_enseigne": "SUSHIDO",
        "identifiant": "011546",
        "url_plan": "https:\/\/sig.strasbourg.eu\/datastrasbourg\/occupation_domaine_public\/terrasse\/2025\/plans\/001577.pdf",
        "superficie_autorisee": 17,
        "url_autorisation": "https:\/\/sig.strasbourg.eu\/datastrasbourg\/occupation_domaine_public\/terrasse\/2025\/autorisations\/A001577.pdf",
        "ville": "STRASBOURG",
        "adresse_etablissement": "10 QUAI DES BATELIERS"
      }
    },
    {
      "type": "Feature",
      "geometry": {
        "coordinates": [
          [
            [7.739107933, 48.5826531937],
            [7.7390325131, 48.5826507233],
            [7.7390339388, 48.5826328614],
            [7.7391092675, 48.5826352273],
            [7.739107933, 48.5826531937]
          ]
        ],
        "type": "Polygon"
      },
      "properties": {
        "geo_point_2d": { "lon": 7.7390709484757965, "lat": 48.58264300452566 },
        "nom_enseigne": "22 MAI",
        "identifiant": "001741",
        "url_plan": "https:\/\/sig.strasbourg.eu\/datastrasbourg\/occupation_domaine_public\/terrasse\/2025\/plans\/001582.pdf",
        "superficie_autorisee": 11,
        "url_autorisation": "https:\/\/sig.strasbourg.eu\/datastrasbourg\/occupation_domaine_public\/terrasse\/2025\/autorisations\/A001582.pdf",
        "ville": "STRASBOURG",
        "adresse_etablissement": "2 GRAND'RUE"
      }
    },
    {
      "type": "Feature",
      "geometry": {
        "coordinates": [
          [
            [
              [7.7426947112, 48.5813718562],
              [7.7426947711, 48.5813719168],
              [7.7426728282, 48.5813822858],
              [7.7426144812, 48.5813098231],
              [7.7426743158, 48.5812750874],
              [7.7426856722, 48.5812794584],
              [7.7426512923, 48.5813156241],
              [7.7426947112, 48.5813718562]
            ]
          ],
          [
            [
              [7.7426855996, 48.5813912458],
              [7.7427057242, 48.5813819644],
              [7.7427541288, 48.5814267948],
              [7.7427532342, 48.5814272213],
              [7.7427343246, 48.5814362369],
              [7.7426855996, 48.5813912458]
            ]
          ]
        ],
        "type": "MultiPolygon"
      },
      "properties": {
        "geo_point_2d": { "lon": 7.742675258277338, "lat": 48.581352614191665 },
        "nom_enseigne": "PHO ASIA (DENTELLES)",
        "identifiant": "000963",
        "url_plan": "https:\/\/sig.strasbourg.eu\/datastrasbourg\/occupation_domaine_public\/terrasse\/2025\/plans\/001589.pdf",
        "superficie_autorisee": 37,
        "url_autorisation": "https:\/\/sig.strasbourg.eu\/datastrasbourg\/occupation_domaine_public\/terrasse\/2025\/autorisations\/A001589.pdf",
        "ville": "STRASBOURG",
        "adresse_etablissement": "1 RUE DES DENTELLES"
      }
    },
    {
      "type": "Feature",
      "geometry": {
        "coordinates": [
          [
            [7.7329066928, 48.581811605],
            [7.7328989205, 48.5817943742],
            [7.7330267583, 48.5817702713],
            [7.7330339733, 48.5817879261],
            [7.7329066928, 48.581811605]
          ]
        ],
        "type": "Polygon"
      },
      "properties": {
        "geo_point_2d": { "lon": 7.732966763151619, "lat": 48.581791002586655 },
        "nom_enseigne": "MENSA BY ROSE",
        "identifiant": "001044",
        "url_plan": "https:\/\/sig.strasbourg.eu\/datastrasbourg\/occupation_domaine_public\/terrasse\/2025\/plans\/001592.pdf",
        "superficie_autorisee": 20,
        "url_autorisation": "https:\/\/sig.strasbourg.eu\/datastrasbourg\/occupation_domaine_public\/terrasse\/2025\/autorisations\/A001592.pdf",
        "ville": "STRASBOURG",
        "adresse_etablissement": "3 PCE SAINTE-AURELIE"
      }
    },
    {
      "type": "Feature",
      "geometry": {
        "coordinates": [
          [
            [7.7417413706, 48.5821096158],
            [7.7417517023, 48.5821310276],
            [7.7417181402, 48.5821381569],
            [7.741707266, 48.582116613],
            [7.7417413706, 48.5821096158]
          ]
        ],
        "type": "Polygon"
      },
      "properties": {
        "geo_point_2d": { "lon": 7.741729579275887, "lat": 48.582123836530876 },
        "nom_enseigne": "AVELLINA",
        "identifiant": "013425",
        "url_plan": "https:\/\/sig.strasbourg.eu\/datastrasbourg\/occupation_domaine_public\/terrasse\/2025\/plans\/001596.pdf",
        "superficie_autorisee": 7,
        "url_autorisation": "https:\/\/sig.strasbourg.eu\/datastrasbourg\/occupation_domaine_public\/terrasse\/2025\/autorisations\/A001596.pdf",
        "ville": "STRASBOURG",
        "adresse_etablissement": "62 GRAND'RUE"
      }
    },
    {
      "type": "Feature",
      "geometry": {
        "coordinates": [
          [
            [
              [7.7673622197, 48.5771773673],
              [7.7673603728, 48.5771666452],
              [7.7674160057, 48.5771621656],
              [7.7674179648, 48.5771728786],
              [7.7673622197, 48.5771773673]
            ]
          ],
          [
            [
              [7.7672653312, 48.5771743842],
              [7.7673328399, 48.5771689601],
              [7.7673346668, 48.5771796837],
              [7.7672672861, 48.5771850976],
              [7.7672653312, 48.5771743842]
            ]
          ]
        ],
        "type": "MultiPolygon"
      },
      "properties": {
        "geo_point_2d": { "lon": 7.767340332837193, "lat": 48.577173744522156 },
        "nom_enseigne": "PLATS TIME",
        "identifiant": "011594",
        "url_plan": "https:\/\/sig.strasbourg.eu\/datastrasbourg\/occupation_domaine_public\/terrasse\/2025\/plans\/001604.pdf",
        "superficie_autorisee": 11,
        "url_autorisation": "https:\/\/sig.strasbourg.eu\/datastrasbourg\/occupation_domaine_public\/terrasse\/2025\/autorisations\/A001604.pdf",
        "ville": "STRASBOURG",
        "adresse_etablissement": "12 RUE DE ROME"
      }
    },
    {
      "type": "Feature",
      "geometry": {
        "coordinates": [
          [
            [
              [7.7563869083, 48.5711831237],
              [7.7564273276, 48.5711725231],
              [7.7564355477, 48.5711860304],
              [7.7563949814, 48.5711966736],
              [7.7563869083, 48.5711831237]
            ]
          ],
          [
            [
              [7.7564447458, 48.571200844],
              [7.7565047536, 48.5712981133],
              [7.7564585955, 48.571310272],
              [7.7564470745, 48.5713034271],
              [7.7563930056, 48.5712149863],
              [7.7564447458, 48.571200844]
            ]
          ]
        ],
        "type": "MultiPolygon"
      },
      "properties": {
        "geo_point_2d": { "lon": 7.756445073158287, "lat": 48.571249262822235 },
        "nom_enseigne": "LA BASE",
        "identifiant": "000035",
        "url_plan": "https:\/\/sig.strasbourg.eu\/datastrasbourg\/occupation_domaine_public\/terrasse\/2025\/plans\/001606.pdf",
        "superficie_autorisee": 53,
        "url_autorisation": "https:\/\/sig.strasbourg.eu\/datastrasbourg\/occupation_domaine_public\/terrasse\/2025\/autorisations\/A001606.pdf",
        "ville": "STRASBOURG",
        "adresse_etablissement": "2 AVE JEAN JAURES"
      }
    },
    {
      "type": "Feature",
      "geometry": {
        "coordinates": [
          [
            [7.7529215267, 48.5825807701],
            [7.7529924055, 48.5826011235],
            [7.7529633997, 48.582646007],
            [7.7528934787, 48.5826259147],
            [7.7529215267, 48.5825807701]
          ]
        ],
        "type": "Polygon"
      },
      "properties": {
        "geo_point_2d": { "lon": 7.752942736286025, "lat": 48.58261340363526 },
        "nom_enseigne": "WAN CHAI",
        "identifiant": "012091",
        "url_plan": "https:\/\/sig.strasbourg.eu\/datastrasbourg\/occupation_domaine_public\/terrasse\/2025\/plans\/001607.pdf",
        "superficie_autorisee": 31,
        "url_autorisation": "https:\/\/sig.strasbourg.eu\/datastrasbourg\/occupation_domaine_public\/terrasse\/2025\/autorisations\/A001607.pdf",
        "ville": "STRASBOURG",
        "adresse_etablissement": "12 RUE DES ECRIVAINS"
      }
    },
    {
      "type": "Feature",
      "geometry": {
        "coordinates": [
          [
            [7.7461359796, 48.5832202934],
            [7.7461473118, 48.5831433901],
            [7.746212683, 48.5831475876],
            [7.7462013701, 48.5832244305],
            [7.7461359796, 48.5832202934]
          ]
        ],
        "type": "Polygon"
      },
      "properties": {
        "geo_point_2d": { "lon": 7.746174331648825, "lat": 48.58318392613406 },
        "nom_enseigne": "LE PARADIS DU FRUIT",
        "identifiant": "013463",
        "url_plan": "https:\/\/sig.strasbourg.eu\/datastrasbourg\/occupation_domaine_public\/terrasse\/2025\/plans\/001609.pdf",
        "superficie_autorisee": 42,
        "url_autorisation": "https:\/\/sig.strasbourg.eu\/datastrasbourg\/occupation_domaine_public\/terrasse\/2025\/autorisations\/A001609.pdf",
        "ville": "STRASBOURG",
        "adresse_etablissement": "5 PCE KLEBER"
      }
    },
    {
      "type": "Feature",
      "geometry": {
        "coordinates": [
          [
            [7.7604593213, 48.579291481],
            [7.7604901153, 48.579275753],
            [7.7605199169, 48.5793002413],
            [7.7604886812, 48.5793157068],
            [7.7604593213, 48.579291481]
          ]
        ],
        "type": "Polygon"
      },
      "properties": {
        "geo_point_2d": { "lon": 7.76048954666555, "lat": 48.57929578446367 },
        "nom_enseigne": "DA ZIO",
        "identifiant": "012374",
        "url_plan": "https:\/\/sig.strasbourg.eu\/datastrasbourg\/occupation_domaine_public\/terrasse\/2025\/plans\/001610.pdf",
        "superficie_autorisee": 10,
        "url_autorisation": "https:\/\/sig.strasbourg.eu\/datastrasbourg\/occupation_domaine_public\/terrasse\/2025\/autorisations\/A001610.pdf",
        "ville": "STRASBOURG",
        "adresse_etablissement": "9 RUE DE L'ABREUVOIR"
      }
    },
    {
      "type": "Feature",
      "geometry": {
        "coordinates": [
          [
            [7.7512073181, 48.5789075576],
            [7.7512140177, 48.5789425128],
            [7.7511788268, 48.5789456385],
            [7.7511719447, 48.5789106188],
            [7.7512073181, 48.5789075576]
          ]
        ],
        "type": "Polygon"
      },
      "properties": {
        "geo_point_2d": { "lon": 7.751193017492494, "lat": 48.57892656869648 },
        "nom_enseigne": "RESTAURANT RASOI",
        "identifiant": "001452",
        "url_plan": "https:\/\/sig.strasbourg.eu\/datastrasbourg\/occupation_domaine_public\/terrasse\/2025\/plans\/001616.pdf",
        "superficie_autorisee": 10,
        "url_autorisation": "https:\/\/sig.strasbourg.eu\/datastrasbourg\/occupation_domaine_public\/terrasse\/2025\/autorisations\/A001616.pdf",
        "ville": "STRASBOURG",
        "adresse_etablissement": "2 RUE DES BOUCHERS"
      }
    },
    {
      "type": "Feature",
      "geometry": {
        "coordinates": [
          [
            [7.7599037336, 48.5649328684],
            [7.7599194063, 48.5649399615],
            [7.7598992113, 48.5649598834],
            [7.7598834729, 48.5649528552],
            [7.7599037336, 48.5649328684]
          ]
        ],
        "type": "Polygon"
      },
      "properties": {
        "geo_point_2d": { "lon": 7.759901451776656, "lat": 48.56494639020561 },
        "nom_enseigne": "MILO",
        "identifiant": "013475",
        "url_plan": "https:\/\/sig.strasbourg.eu\/datastrasbourg\/occupation_domaine_public\/terrasse\/2025\/plans\/001619.pdf",
        "superficie_autorisee": 4,
        "url_autorisation": "https:\/\/sig.strasbourg.eu\/datastrasbourg\/occupation_domaine_public\/terrasse\/2025\/autorisations\/A001619.pdf",
        "ville": "STRASBOURG",
        "adresse_etablissement": "104 RTE DU POLYGONE"
      }
    },
    {
      "type": "Feature",
      "geometry": {
        "coordinates": [
          [
            [7.7424651989, 48.5787539477],
            [7.7425593074, 48.5786854276],
            [7.7425693246, 48.5786914851],
            [7.7425226185, 48.5787254749],
            [7.7425289496, 48.5787293578],
            [7.7424812813, 48.5787638051],
            [7.7424651989, 48.5787539477]
          ]
        ],
        "type": "Polygon"
      },
      "properties": {
        "geo_point_2d": { "lon": 7.742513617173557, "lat": 48.5787279699163 },
        "nom_enseigne": "LA CUILLER A POT",
        "identifiant": "000714",
        "url_plan": "https:\/\/sig.strasbourg.eu\/datastrasbourg\/occupation_domaine_public\/terrasse\/2025\/plans\/001621.pdf",
        "superficie_autorisee": 14,
        "url_autorisation": "https:\/\/sig.strasbourg.eu\/datastrasbourg\/occupation_domaine_public\/terrasse\/2025\/autorisations\/A001621.pdf",
        "ville": "STRASBOURG",
        "adresse_etablissement": "18 B RUE FINKWILLER"
      }
    },
    {
      "type": "Feature",
      "geometry": {
        "coordinates": [
          [
            [7.7195362163, 48.5800495761],
            [7.7195814827, 48.5800553014],
            [7.7195798647, 48.5800605893],
            [7.7195348047, 48.5800545926],
            [7.7195362163, 48.5800495761]
          ]
        ],
        "type": "Polygon"
      },
      "properties": {
        "geo_point_2d": { "lon": 7.719558302255055, "lat": 48.58005504091903 },
        "nom_enseigne": "SNACK ISA",
        "identifiant": "001697",
        "url_plan": "https:\/\/sig.strasbourg.eu\/datastrasbourg\/occupation_domaine_public\/terrasse\/2025\/plans\/001622.pdf",
        "superficie_autorisee": 2,
        "url_autorisation": "https:\/\/sig.strasbourg.eu\/datastrasbourg\/occupation_domaine_public\/terrasse\/2025\/autorisations\/A001622.pdf",
        "ville": "STRASBOURG",
        "adresse_etablissement": "17 RTE DES ROMAINS"
      }
    },
    {
      "type": "Feature",
      "geometry": {
        "coordinates": [
          [
            [7.7416255722, 48.5825911524],
            [7.7416390199, 48.5826517918],
            [7.7416190301, 48.5826536945],
            [7.7416054619, 48.5825931348],
            [7.7416255722, 48.5825911524]
          ]
        ],
        "type": "Polygon"
      },
      "properties": {
        "geo_point_2d": { "lon": 7.741622265262439, "lat": 48.58262240910867 },
        "nom_enseigne": "HACIENDA BERNADETTE",
        "identifiant": "011883",
        "url_plan": "https:\/\/sig.strasbourg.eu\/datastrasbourg\/occupation_domaine_public\/terrasse\/2025\/plans\/001624.pdf",
        "superficie_autorisee": 10,
        "url_autorisation": "https:\/\/sig.strasbourg.eu\/datastrasbourg\/occupation_domaine_public\/terrasse\/2025\/autorisations\/A001624.pdf",
        "ville": "STRASBOURG",
        "adresse_etablissement": "3 RUE DES AVEUGLES"
      }
    },
    {
      "type": "Feature",
      "geometry": {
        "coordinates": [
          [
            [7.7430603323, 48.584964967],
            [7.7430369169, 48.5849559037],
            [7.7431087021, 48.584874987],
            [7.7431319647, 48.5848842077],
            [7.7430603323, 48.584964967]
          ]
        ],
        "type": "Polygon"
      },
      "properties": {
        "geo_point_2d": { "lon": 7.743084472617339, "lat": 48.58492001765282 },
        "nom_enseigne": "MANIFIK",
        "identifiant": "013494",
        "url_plan": "https:\/\/sig.strasbourg.eu\/datastrasbourg\/occupation_domaine_public\/terrasse\/2025\/plans\/001626.pdf",
        "superficie_autorisee": 21,
        "url_autorisation": "https:\/\/sig.strasbourg.eu\/datastrasbourg\/occupation_domaine_public\/terrasse\/2025\/autorisations\/A001626.pdf",
        "ville": "STRASBOURG",
        "adresse_etablissement": "7 QUAI DE PARIS"
      }
    },
    {
      "type": "Feature",
      "geometry": {
        "coordinates": [
          [
            [7.7490640972, 48.5809853717],
            [7.7490914062, 48.5809598451],
            [7.7491097649, 48.5809682009],
            [7.7490830749, 48.5809940177],
            [7.7490640972, 48.5809853717]
          ]
        ],
        "type": "Polygon"
      },
      "properties": {
        "geo_point_2d": { "lon": 7.749087010823391, "lat": 48.58097693061916 },
        "nom_enseigne": "NICOLAS MULTON",
        "identifiant": "013500",
        "url_plan": "https:\/\/sig.strasbourg.eu\/datastrasbourg\/occupation_domaine_public\/terrasse\/2025\/plans\/001629.pdf",
        "superficie_autorisee": 6,
        "url_autorisation": "https:\/\/sig.strasbourg.eu\/datastrasbourg\/occupation_domaine_public\/terrasse\/2025\/autorisations\/A001629.pdf",
        "ville": "STRASBOURG",
        "adresse_etablissement": "31 R.DU VIEUX MARCHE AUX POISSONS"
      }
    },
    {
      "type": "Feature",
      "geometry": {
        "coordinates": [
          [
            [7.7492204305, 48.5783914065],
            [7.7491910866, 48.5783944441],
            [7.7491422629, 48.5784050025],
            [7.7491374277, 48.5783946989],
            [7.7491850968, 48.578384544],
            [7.7492182899, 48.5783810332],
            [7.7492204305, 48.5783914065]
          ]
        ],
        "type": "Polygon"
      },
      "properties": {
        "geo_point_2d": { "lon": 7.749178960527467, "lat": 48.57839207655809 },
        "nom_enseigne": "LIVE SUSHI",
        "identifiant": "013508",
        "url_plan": "https:\/\/sig.strasbourg.eu\/datastrasbourg\/occupation_domaine_public\/terrasse\/2025\/plans\/001630.pdf",
        "superficie_autorisee": 7,
        "url_autorisation": "https:\/\/sig.strasbourg.eu\/datastrasbourg\/occupation_domaine_public\/terrasse\/2025\/autorisations\/A001630.pdf",
        "ville": "STRASBOURG",
        "adresse_etablissement": "1 RUE DE LA 1ERE ARMEE"
      }
    },
    {
      "type": "Feature",
      "geometry": {
        "coordinates": [
          [
            [7.7408937414, 48.5835836992],
            [7.7409230029, 48.5835959793],
            [7.7408980165, 48.5836237383],
            [7.7408744033, 48.583613423],
            [7.7408937414, 48.5835836992]
          ]
        ],
        "type": "Polygon"
      },
      "properties": {
        "geo_point_2d": { "lon": 7.740897693296802, "lat": 48.58360373288666 },
        "nom_enseigne": "SMASH",
        "identifiant": "011647",
        "url_plan": "https:\/\/sig.strasbourg.eu\/datastrasbourg\/occupation_domaine_public\/terrasse\/2025\/plans\/001631.pdf",
        "superficie_autorisee": 8,
        "url_autorisation": "https:\/\/sig.strasbourg.eu\/datastrasbourg\/occupation_domaine_public\/terrasse\/2025\/autorisations\/A001631.pdf",
        "ville": "STRASBOURG",
        "adresse_etablissement": "8 RUE DU VIEUX MARCHE AUX VINS"
      }
    },
    {
      "type": "Feature",
      "geometry": {
        "coordinates": [
          [
            [7.7421889457, 48.5838913744],
            [7.7421791298, 48.5839123038],
            [7.7421236479, 48.5839005146],
            [7.7421337251, 48.5838796383],
            [7.7421889457, 48.5838913744]
          ]
        ],
        "type": "Polygon"
      },
      "properties": {
        "geo_point_2d": { "lon": 7.742156357741066, "lat": 48.58389596586165 },
        "nom_enseigne": "TACOS'UP",
        "identifiant": "000406",
        "url_plan": "https:\/\/sig.strasbourg.eu\/datastrasbourg\/occupation_domaine_public\/terrasse\/2025\/plans\/001639.pdf",
        "superficie_autorisee": 10,
        "url_autorisation": "https:\/\/sig.strasbourg.eu\/datastrasbourg\/occupation_domaine_public\/terrasse\/2025\/autorisations\/A001639.pdf",
        "ville": "STRASBOURG",
        "adresse_etablissement": "22 RUE DU VIEUX MARCHE AUX VINS"
      }
    },
    {
      "type": "Feature",
      "geometry": {
        "coordinates": [
          [
            [7.7476801078, 48.5799876755],
            [7.7477082501, 48.5799613073],
            [7.7477193108, 48.5799665046],
            [7.7477182298, 48.579967585],
            [7.7477208229, 48.5799687493],
            [7.7476961773, 48.5799918413],
            [7.7476937337, 48.5799906799],
            [7.74769145, 48.5799928456],
            [7.7476801078, 48.5799876755]
          ]
        ],
        "type": "Polygon"
      },
      "properties": {
        "geo_point_2d": { "lon": 7.747701001859113, "lat": 48.57997752484812 },
        "nom_enseigne": "PIZZA TO NAAN",
        "identifiant": "011282",
        "url_plan": "https:\/\/sig.strasbourg.eu\/datastrasbourg\/occupation_domaine_public\/terrasse\/2025\/plans\/001646.pdf",
        "superficie_autorisee": 4,
        "url_autorisation": "https:\/\/sig.strasbourg.eu\/datastrasbourg\/occupation_domaine_public\/terrasse\/2025\/autorisations\/A001646.pdf",
        "ville": "STRASBOURG",
        "adresse_etablissement": "9 RUE DE LA DIVISION LECLERC"
      }
    },
    {
      "type": "Feature",
      "geometry": {
        "coordinates": [
          [
            [7.7502494357, 48.5811655591],
            [7.7502907893, 48.581180981],
            [7.7502565891, 48.5812213547],
            [7.7502159923, 48.5812057847],
            [7.7502321937, 48.5811859166],
            [7.7502494357, 48.5811655591]
          ]
        ],
        "type": "Polygon"
      },
      "properties": {
        "geo_point_2d": { "lon": 7.750253202029653, "lat": 48.58119336877891 },
        "nom_enseigne": "LE PLATZ",
        "identifiant": "010942",
        "url_plan": "https:\/\/sig.strasbourg.eu\/datastrasbourg\/occupation_domaine_public\/terrasse\/2025\/plans\/001672.pdf",
        "superficie_autorisee": 18,
        "url_autorisation": "https:\/\/sig.strasbourg.eu\/datastrasbourg\/occupation_domaine_public\/terrasse\/2025\/autorisations\/A001672.pdf",
        "ville": "STRASBOURG",
        "adresse_etablissement": "7 PCE DE LA CATHEDRALE"
      }
    },
    {
      "type": "Feature",
      "geometry": {
        "coordinates": [
          [
            [7.7790903509, 48.5888367538],
            [7.7790428237, 48.5888499324],
            [7.7789748648, 48.5887420669],
            [7.7790223918, 48.5887288883],
            [7.7790903509, 48.5888367538]
          ]
        ],
        "type": "Polygon"
      },
      "properties": {
        "geo_point_2d": { "lon": 7.779032607822021, "lat": 48.58878941038172 },
        "nom_enseigne": "LA FOGLIA",
        "identifiant": "011121",
        "url_plan": "https:\/\/sig.strasbourg.eu\/datastrasbourg\/occupation_domaine_public\/terrasse\/2025\/plans\/001673.pdf",
        "superficie_autorisee": 49,
        "url_autorisation": "https:\/\/sig.strasbourg.eu\/datastrasbourg\/occupation_domaine_public\/terrasse\/2025\/autorisations\/A001673.pdf",
        "ville": "STRASBOURG",
        "adresse_etablissement": "6 RUE FRANCOIS-XAVIER RICHTER"
      }
    }
  ]
}
