{ "type": "FeatureCollection", "features": [ { "type": "Feature", "geometry": { "type": "Point", "coordinates": [ -0.3956156, 44.7086365 ] }, "properties": { "name": "École primaire", "amenity": "school" } }, { "type": "Feature", "geometry": { "type": "Point", "coordinates": [ -0.634988094, 44.882107689 ] }, "properties": { "name": "École maternelle Raymond Claverie", "amenity": "school" } }, { "type": "Feature", "geometry": { "type": "Point", "coordinates": [ 7.414989268, 48.713288022 ] }, "properties": { "name": "École élémentaire", "amenity": "school" } }, { "type": "Feature", "geometry": { "type": "Point", "coordinates": [ -0.67246028, 44.865624648 ] }, "properties": { "name": "Groupe scolaire de la Luzerne", "amenity": "school" } }, { "type": "Feature", "geometry": { "type": "Point", "coordinates": [ 0.0335764, 44.568464401 ] }, "properties": { "name": "École primaire", "amenity": "school" } }, { "type": "Feature", "geometry": { "type": "Point", "coordinates": [ -0.2593508, 44.578472301 ] }, "properties": { "name": "École Maternelle", "amenity": "school" } }, { "type": "Feature", "geometry": { "type": "Point", "coordinates": [ 7.662017985, 48.420773811 ] }, "properties": { "name": "École Schweitzer", "amenity": "school" } }, { "type": "Feature", "geometry": { "type": "Point", "coordinates": [ -0.570726749, 44.831293675 ] }, "properties": { "name": "Université de Bordeaux - Campus Victoire - centre ville", "amenity": "university" } }, { "type": "Feature", "geometry": { "type": "Point", "coordinates": [ 7.7028344, 48.7936945 ] }, "properties": { "name": "École primaire", "amenity": "school" } }, { "type": "Feature", "geometry": { "type": "Point", "coordinates": [ 7.960690807, 49.036208216 ] }, "properties": { "name": "Lycée Stanislas", "amenity": "school" } }, { "type": "Feature", "geometry": { "type": "Point", "coordinates": [ 7.694031526, 48.610618096 ] }, "properties": { "name": "École maternelle Alphonse Daudet", "amenity": "school" } }, { "type": "Feature", "geometry": { "type": "Point", "coordinates": [ 7.5101571, 48.4521864 ] }, "properties": { "name": "École Maternelle Odyssée", "amenity": "school" } }, { "type": "Feature", "geometry": { "type": "Point", "coordinates": [ -0.235876684, 44.920398012 ] }, "properties": { "name": "École primaire Myriam Errera (du Nord Saint-Exupéry)", "amenity": "school" } }, { "type": "Feature", "geometry": { "type": "Point", "coordinates": [ -0.547903399, 44.871505011 ] }, "properties": { "name": "École élémentaire Achard", "amenity": "school" } }, { "type": "Feature", "geometry": { "type": "Point", "coordinates": [ -0.580475602, 44.862013594 ] }, "properties": { "name": "École élémentaire Albert Schweitzer", "amenity": "school" } }, { "type": "Feature", "geometry": { "type": "Point", "coordinates": [ -0.69846011, 44.81746053 ] }, "properties": { "name": "Groupe scolaire Oscar Auriac", "amenity": "school" } }, { "type": "Feature", "geometry": { "type": "Point", "coordinates": [ -0.658476782, 44.734575621 ] }, "properties": { "name": "École maternelle Réjouit", "amenity": "school" } }, { "type": "Feature", "geometry": { "type": "Point", "coordinates": [ -0.5885602, 44.8688822 ] }, "properties": { "name": "Crèche La Passerelle", "amenity": "kindergarten" } }, { "type": "Feature", "geometry": { "type": "Point", "coordinates": [ -0.6633001, 44.833075 ] }, "properties": { "name": "Kangourou kids", "amenity": "kindergarten" } }, { "type": "Feature", "geometry": { "type": "Point", "coordinates": [ -0.6541941, 45.0291446 ] }, "properties": { "name": "Les P'tits Pépins", "amenity": "school" } }, { "type": "Feature", "geometry": { "type": "Point", "coordinates": [ 7.745419798, 48.576925279 ] }, "properties": { "name": "Administration faculté dentaire", "amenity": "university" } }, { "type": "Feature", "geometry": { "type": "Point", "coordinates": [ 7.77332492, 48.577647962 ] }, "properties": { "name": "Collège international de l'Esplanade", "amenity": "school" } }, { "type": "Feature", "geometry": { "type": "Point", "coordinates": [ -0.25439343, 44.911212744 ] }, "properties": { "name": "École élémentaire de Port-du-Noyer", "amenity": "school" } }, { "type": "Feature", "geometry": { "type": "Point", "coordinates": [ -0.3211921, 45.0205016 ] }, "properties": { "name": "École primaire", "amenity": "school" } }, { "type": "Feature", "geometry": { "type": "Point", "coordinates": [ 7.6083059, 48.2498082 ] }, "properties": { "name": "Collège du Grand Ried", "amenity": "school" } }, { "type": "Feature", "geometry": { "type": "Point", "coordinates": [ -0.625568899, 44.859285479 ] }, "properties": { "name": "École élémentaire des Pins-Francs", "amenity": "school" } }, { "type": "Feature", "geometry": { "type": "Point", "coordinates": [ -1.184825142, 44.651950519 ] }, "properties": { "name": "École maternelle Les Abatilles", "amenity": "school" } }, { "type": "Feature", "geometry": { "type": "Point", "coordinates": [ 7.715529199, 48.519886708 ] }, "properties": { "name": "École maternelle Libermann", "amenity": "school" } }, { "type": "Feature", "geometry": { "type": "Point", "coordinates": [ -0.5607337, 44.8443141 ] }, "properties": { "name": "École élémentaire Nuyens", "amenity": "school" } }, { "type": "Feature", "geometry": { "type": "Point", "coordinates": [ -0.6156783, 44.8034529 ] }, "properties": { "name": "École maternelle Jules Ferry", "amenity": "school" } }, { "type": "Feature", "geometry": { "type": "Point", "coordinates": [ -0.566866677, 44.83403978 ] }, "properties": { "name": "École privée Saint-Michel", "amenity": "school" } }, { "type": "Feature", "geometry": { "type": "Point", "coordinates": [ -1.1318164, 44.7726383 ] }, "properties": { "name": "École élémentaire d'Arès", "amenity": "school" } }, { "type": "Feature", "geometry": { "type": "Point", "coordinates": [ -0.0848156, 44.6960548 ] }, "properties": { "name": "Collège Robert Barrière", "amenity": "school" } }, { "type": "Feature", "geometry": { "type": "Point", "coordinates": [ -0.5635907, 44.8306341 ] }, "properties": { "name": "École maternelle Noviciat", "amenity": "school" } }, { "type": "Feature", "geometry": { "type": "Point", "coordinates": [ 7.3807838, 48.7919385 ] }, "properties": { "name": "École primaire", "amenity": "school" } }, { "type": "Feature", "geometry": { "type": "Point", "coordinates": [ -0.782203587, 44.498322328 ] }, "properties": { "name": "Groupe scolaire Bertrine", "amenity": "school" } }, { "type": "Feature", "geometry": { "type": "Point", "coordinates": [ -0.779681, 44.611373501 ] }, "properties": { "name": "École maternelle Lou Pin Bert", "amenity": "school" } }, { "type": "Feature", "geometry": { "type": "Point", "coordinates": [ -0.61675813, 44.865289033 ] }, "properties": { "name": "École élementaire Lafon Feline", "amenity": "school" } }, { "type": "Feature", "geometry": { "type": "Point", "coordinates": [ 7.1625791, 48.4882478 ] }, "properties": { "name": "École primaire catholique", "amenity": "school" } }, { "type": "Feature", "geometry": { "type": "Point", "coordinates": [ -0.5935146, 44.8117361 ] }, "properties": { "name": "Collège privé Notre-Dame Sévigné", "amenity": "school" } }, { "type": "Feature", "geometry": { "type": "Point", "coordinates": [ 7.2017701, 48.8430422 ] }, "properties": { "name": "École primaire", "amenity": "school" } }, { "type": "Feature", "geometry": { "type": "Point", "coordinates": [ 7.832858757, 48.663161588 ] }, "properties": { "name": "Groupe scolaire", "amenity": "school" } }, { "type": "Feature", "geometry": { "type": "Point", "coordinates": [ 7.7421862, 48.6002142 ] }, "properties": { "name": "La Bulle de Papou", "amenity": "kindergarten" } }, { "type": "Feature", "geometry": { "type": "Point", "coordinates": [ 7.7663137, 48.6168159 ] }, "properties": { "name": "Lycée générale et technologique Marc Bloch", "amenity": "school" } }, { "type": "Feature", "geometry": { "type": "Point", "coordinates": [ 7.7902903, 48.8116474 ] }, "properties": { "name": "Collège privé Institution Sainte-Philomène", "amenity": "school" } }, { "type": "Feature", "geometry": { "type": "Point", "coordinates": [ -0.593778515, 44.795249958 ] }, "properties": { "name": "Lycée d'hôtellerie et de tourisme de Gascogne", "amenity": "school" } }, { "type": "Feature", "geometry": { "type": "Point", "coordinates": [ -0.578210803, 44.859073102 ] }, "properties": { "name": "Lycée Jean Condorcet", "amenity": "school" } }, { "type": "Feature", "geometry": { "type": "Point", "coordinates": [ 7.64762269, 48.758355125 ] }, "properties": { "name": "Groupe scolaire Les Coquelicots", "amenity": "school" } }, { "type": "Feature", "geometry": { "type": "Point", "coordinates": [ -0.650323747, 44.852465403 ] }, "properties": { "name": "École élementaire Les Bosquets", "amenity": "school" } }, { "type": "Feature", "geometry": { "type": "Point", "coordinates": [ 7.752853615, 48.62225853 ] }, "properties": { "name": "École Maternelle et Élémentaire du Centre", "amenity": "school" } }, { "type": "Feature", "geometry": { "type": "Point", "coordinates": [ 7.7064816, 48.317923 ] }, "properties": { "name": "Accueil périscolaire de Rhinau", "amenity": "school" } }, { "type": "Feature", "geometry": { "type": "Point", "coordinates": [ 7.494435627, 48.86005911 ] }, "properties": { "name": "École Primaire - Maternelle", "amenity": "school" } }, { "type": "Feature", "geometry": { "type": "Point", "coordinates": [ 7.768763278, 48.582877504 ] }, "properties": { "name": "Ancien planétarium", "amenity": "university" } }, { "type": "Feature", "geometry": { "type": "Point", "coordinates": [ 7.796046812, 48.81407792 ] }, "properties": { "name": "LEGT Robert Schuman", "amenity": "school" } }, { "type": "Feature", "geometry": { "type": "Point", "coordinates": [ 7.129236537, 49.001200044 ] }, "properties": { "name": "Lycée professionnel privé Sainte-Thérèse", "amenity": "school" } }, { "type": "Feature", "geometry": { "type": "Point", "coordinates": [ 7.642916218, 48.560062984 ] }, "properties": { "name": "Annexe Mairie", "amenity": "school" } }, { "type": "Feature", "geometry": { "type": "Point", "coordinates": [ -0.614399036, 44.798624859 ] }, "properties": { "name": "Sciences Po Bordeaux", "amenity": "college" } }, { "type": "Feature", "geometry": { "type": "Point", "coordinates": [ -0.5694236, 44.8292757 ] }, "properties": { "name": "Pôle d'Enseignement Supérieur de Musique et de Danse", "amenity": "college" } }, { "type": "Feature", "geometry": { "type": "Point", "coordinates": [ 7.7509675, 48.5908419 ] }, "properties": { "name": "Lycée ORT", "amenity": "school" } }, { "type": "Feature", "geometry": { "type": "Point", "coordinates": [ 7.7502749, 48.6123515 ] }, "properties": { "name": "École Saint-Laurent", "amenity": "school" } }, { "type": "Feature", "geometry": { "type": "Point", "coordinates": [ 7.3852843, 48.5055895 ] }, "properties": { "name": "École primaire", "amenity": "school" } }, { "type": "Feature", "geometry": { "type": "Point", "coordinates": [ -1.1516053, 44.541030101 ] }, "properties": { "name": "École maternelle La Farandole", "amenity": "school" } }, { "type": "Feature", "geometry": { "type": "Point", "coordinates": [ 7.69945253, 48.423365021 ] }, "properties": { "name": "École maternelle du Hameau de Krafft", "amenity": "school" } }, { "type": "Feature", "geometry": { "type": "Point", "coordinates": [ -0.286591501, 44.819084023 ] }, "properties": { "name": "Groupe scolaire Jean-André Coutures", "amenity": "school" } }, { "type": "Feature", "geometry": { "type": "Point", "coordinates": [ 7.482577132, 48.82656995 ] }, "properties": { "name": "Collège du Bastberg", "amenity": "school" } }, { "type": "Feature", "geometry": { "type": "Point", "coordinates": [ 7.767730349, 48.57783492 ] }, "properties": { "name": "Pangloss", "amenity": "university" } }, { "type": "Feature", "geometry": { "type": "Point", "coordinates": [ -0.2353941, 44.920365 ] }, "properties": { "name": "École primaire Myriam Errera (du Nord Saint-Exupéry)", "amenity": "school" } }, { "type": "Feature", "geometry": { "type": "Point", "coordinates": [ -0.6115171, 45.2920282 ] }, "properties": { "name": "École Primaire Privée Jeanne d'Arc", "amenity": "school" } }, { "type": "Feature", "geometry": { "type": "Point", "coordinates": [ -1.059662894, 44.621904817 ] }, "properties": { "name": "Collège Chante-Cigale", "amenity": "school" } }, { "type": "Feature", "geometry": { "type": "Point", "coordinates": [ 7.748001677, 48.56060923 ] }, "properties": { "name": "Lycée polyvalent Louis Couffignal", "amenity": "school" } }, { "type": "Feature", "geometry": { "type": "Point", "coordinates": [ -0.5834033, 44.8243409 ] }, "properties": { "name": "Collège privé Albert Le Grand", "amenity": "school" } }, { "type": "Feature", "geometry": { "type": "Point", "coordinates": [ -0.2429905, 44.9372072 ] }, "properties": { "name": "École maternelle des Charruauds", "amenity": "school" } }, { "type": "Feature", "geometry": { "type": "Point", "coordinates": [ -0.5906644, 45.3138165 ] }, "properties": { "name": "École élémentaire", "amenity": "school" } }, { "type": "Feature", "geometry": { "type": "Point", "coordinates": [ -0.515621879, 44.910119988 ] }, "properties": { "name": "École élémentaire Rosa Bonheur et Maternelle Frédéric Chopin", "amenity": "school" } }, { "type": "Feature", "geometry": { "type": "Point", "coordinates": [ 7.766791248, 48.58400845 ] }, "properties": { "name": "Institut de Botanique", "amenity": "university" } }, { "type": "Feature", "geometry": { "type": "Point", "coordinates": [ -0.606727, 44.8246597 ] }, "properties": { "name": "Espace Langues - Carreire", "amenity": "university" } }, { "type": "Feature", "geometry": { "type": "Point", "coordinates": [ 7.7400159, 48.899479 ] }, "properties": { "name": "École primaire", "amenity": "school" } }, { "type": "Feature", "geometry": { "type": "Point", "coordinates": [ -0.579718105, 44.825435048 ] }, "properties": { "name": "École primaire privée Saint-Genes", "amenity": "school" } }, { "type": "Feature", "geometry": { "type": "Point", "coordinates": [ -0.563402168, 44.794450742 ] }, "properties": { "name": "Collège Pablo Neruda", "amenity": "school" } }, { "type": "Feature", "geometry": { "type": "Point", "coordinates": [ 0.227041532, 44.8296436 ] }, "properties": { "name": "École primaire de Pineuilh", "amenity": "school" } }, { "type": "Feature", "geometry": { "type": "Point", "coordinates": [ -0.585053, 44.7266556 ] }, "properties": { "name": "École maternelle Jean Jaurès", "amenity": "school" } }, { "type": "Feature", "geometry": { "type": "Point", "coordinates": [ 7.22972017, 48.476495857 ] }, "properties": { "name": "École primaire", "amenity": "school" } }, { "type": "Feature", "geometry": { "type": "Point", "coordinates": [ -0.6123557, 44.8236889 ] }, "properties": { "name": "École primaire privée Sainte-Thérèse", "amenity": "school" } }, { "type": "Feature", "geometry": { "type": "Point", "coordinates": [ -0.837700933, 44.797677828 ] }, "properties": { "name": "École Jacques Prévert", "amenity": "school" } }, { "type": "Feature", "geometry": { "type": "Point", "coordinates": [ -0.5340023, 45.0118026 ] }, "properties": { "name": "École Maternelle Maria Montessori", "amenity": "school" } }, { "type": "Feature", "geometry": { "type": "Point", "coordinates": [ -0.5165038, 44.8273291 ] }, "properties": { "name": "Les Floranies", "amenity": "school" } }, { "type": "Feature", "geometry": { "type": "Point", "coordinates": [ -0.700181423, 44.769996287 ] }, "properties": { "name": "École élémentaire du Parc", "amenity": "school" } }, { "type": "Feature", "geometry": { "type": "Point", "coordinates": [ 7.510491, 48.4521117 ] }, "properties": { "name": "Collège Odyssée", "amenity": "school" } }, { "type": "Feature", "geometry": { "type": "Point", "coordinates": [ -1.123592771, 45.505585004 ] }, "properties": { "name": "École primaire", "amenity": "school" } }, { "type": "Feature", "geometry": { "type": "Point", "coordinates": [ -0.573416828, 44.876407475 ] }, "properties": { "name": "Centre de Formation de la Chambre de Métiers et de l'Artisanat", "amenity": "college" } }, { "type": "Feature", "geometry": { "type": "Point", "coordinates": [ -0.9363379, 44.607280001 ] }, "properties": { "name": "École maternelle La Fauvette Pitchou", "amenity": "school" } }, { "type": "Feature", "geometry": { "type": "Point", "coordinates": [ -0.635162073, 44.917343178 ] }, "properties": { "name": "Lycée agro-viticole de Blanquefort - Site Béchon", "amenity": "college" } }, { "type": "Feature", "geometry": { "type": "Point", "coordinates": [ 7.616582627, 48.338621335 ] }, "properties": { "name": "École primaire de Rossfeld", "amenity": "school" } }, { "type": "Feature", "geometry": { "type": "Point", "coordinates": [ 7.7511567, 48.5690047 ] }, "properties": { "name": "Les Anges de Neudorf", "amenity": "kindergarten" } }, { "type": "Feature", "geometry": { "type": "Point", "coordinates": [ -0.598868399, 44.730163163 ] }, "properties": { "name": "École élémentaire Marcel Pagnol", "amenity": "school" } }, { "type": "Feature", "geometry": { "type": "Point", "coordinates": [ -0.599583359, 44.814774163 ] }, "properties": { "name": "Groupe Scolaire Albert Camus", "amenity": "school" } }, { "type": "Feature", "geometry": { "type": "Point", "coordinates": [ 7.2100071, 48.4582805 ] }, "properties": { "name": "École maternelle", "amenity": "school" } }, { "type": "Feature", "geometry": { "type": "Point", "coordinates": [ 7.786534, 48.8141017 ] }, "properties": { "name": "École élémentaire Saint-Georges", "amenity": "school" } }, { "type": "Feature", "geometry": { "type": "Point", "coordinates": [ -0.245998, 44.9133693 ] }, "properties": { "name": "Lycée général et technologique privé Montesquieu", "amenity": "school" } }, { "type": "Feature", "geometry": { "type": "Point", "coordinates": [ 7.113935593, 48.837620568 ] }, "properties": { "name": "École primaire", "amenity": "school" } }, { "type": "Feature", "geometry": { "type": "Point", "coordinates": [ -0.5568695, 44.8612446 ] }, "properties": { "name": "Institut Culinaire de France", "amenity": "college" } }, { "type": "Feature", "geometry": { "type": "Point", "coordinates": [ 7.7405187, 48.5868158 ] }, "properties": { "name": "Ludus académie", "amenity": "college" } }, { "type": "Feature", "geometry": { "type": "Point", "coordinates": [ 7.770448558, 48.582288134 ] }, "properties": { "name": "Lycée technologique René Cassin", "amenity": "school" } }, { "type": "Feature", "geometry": { "type": "Point", "coordinates": [ 7.6184224, 48.8529819 ] }, "properties": { "name": "École maternelle", "amenity": "school" } }, { "type": "Feature", "geometry": { "type": "Point", "coordinates": [ 7.7500792, 48.5772226 ] }, "properties": { "name": "Crèche parentale Baby Boom", "amenity": "kindergarten" } }, { "type": "Feature", "geometry": { "type": "Point", "coordinates": [ 7.863226919, 48.765111056 ] }, "properties": { "name": "École maternelle Luhberg", "amenity": "school" } }, { "type": "Feature", "geometry": { "type": "Point", "coordinates": [ -0.5621522, 44.8489799 ] }, "properties": { "name": "Kangourou kids", "amenity": "kindergarten" } }, { "type": "Feature", "geometry": { "type": "Point", "coordinates": [ 7.654979728, 48.422413078 ] }, "properties": { "name": "Collège Romain Rolland", "amenity": "school" } }, { "type": "Feature", "geometry": { "type": "Point", "coordinates": [ -0.5993088, 44.8149048 ] }, "properties": { "name": "École maternelle Albert Camus", "amenity": "school" } }, { "type": "Feature", "geometry": { "type": "Point", "coordinates": [ -0.2469902, 44.9145973 ] }, "properties": { "name": "Halte Jeux", "amenity": "kindergarten" } }, { "type": "Feature", "geometry": { "type": "Point", "coordinates": [ -0.59861082, 44.866529394 ] }, "properties": { "name": "École élémentaire Centre 1", "amenity": "school" } }, { "type": "Feature", "geometry": { "type": "Point", "coordinates": [ -0.4661663, 44.432441801 ] }, "properties": { "name": "École élémentaire", "amenity": "school" } }, { "type": "Feature", "geometry": { "type": "Point", "coordinates": [ -0.42898075, 44.91482641 ] }, "properties": { "name": "École maternelle Jean de La Fontaine", "amenity": "school" } }, { "type": "Feature", "geometry": { "type": "Point", "coordinates": [ -0.0214858, 44.9014277 ] }, "properties": { "name": "École élémentaire", "amenity": "school" } }, { "type": "Feature", "geometry": { "type": "Point", "coordinates": [ -0.590114257, 44.789114173 ] }, "properties": { "name": "Groupe scolaire Pablo Picasso", "amenity": "school" } }, { "type": "Feature", "geometry": { "type": "Point", "coordinates": [ -0.696782188, 44.888380462 ] }, "properties": { "name": "École Élémentaire Gajac", "amenity": "school" } }, { "type": "Feature", "geometry": { "type": "Point", "coordinates": [ -0.631439927, 44.855715838 ] }, "properties": { "name": "Collège Monséjour", "amenity": "school" } }, { "type": "Feature", "geometry": { "type": "Point", "coordinates": [ 7.0870342, 48.9237628 ] }, "properties": { "name": "École élémentaire les Alouettes", "amenity": "school" } }, { "type": "Feature", "geometry": { "type": "Point", "coordinates": [ -0.5987189, 44.7301575 ] }, "properties": { "name": "École élémentaire Marcel Pagnol", "amenity": "school" } }, { "type": "Feature", "geometry": { "type": "Point", "coordinates": [ 7.7811565, 48.7998912 ] }, "properties": { "name": "École maternelle Musau", "amenity": "school" } }, { "type": "Feature", "geometry": { "type": "Point", "coordinates": [ 7.707186371, 48.596720294 ] }, "properties": { "name": "Le Jardin d'Alice", "amenity": "kindergarten" } }, { "type": "Feature", "geometry": { "type": "Point", "coordinates": [ 7.7477995, 48.5893242 ] }, "properties": { "name": "École Supérieure de Management et de Gestion", "amenity": "college" } }, { "type": "Feature", "geometry": { "type": "Point", "coordinates": [ -0.627024545, 44.907082451 ] }, "properties": { "name": "Collège Emmanuel Dupaty", "amenity": "school" } }, { "type": "Feature", "geometry": { "type": "Point", "coordinates": [ 8.180097687, 48.977148983 ] }, "properties": { "name": "Périscolaire de Lauterbourg", "amenity": "kindergarten" } }, { "type": "Feature", "geometry": { "type": "Point", "coordinates": [ 7.77168621, 48.587459599 ] }, "properties": { "name": "Lycée des Métiers Sainte-Clotilde", "amenity": "school" } }, { "type": "Feature", "geometry": { "type": "Point", "coordinates": [ -0.2597128, 44.578824501 ] }, "properties": { "name": "École Primaire François Mauriac", "amenity": "school" } }, { "type": "Feature", "geometry": { "type": "Point", "coordinates": [ -0.5577651, 44.8447739 ] }, "properties": { "name": "IUT", "amenity": "university" } }, { "type": "Feature", "geometry": { "type": "Point", "coordinates": [ -0.603129726, 44.793580741 ] }, "properties": { "name": "École Nationale Supérieure d'Architecture et de Paysage", "amenity": "college" } }, { "type": "Feature", "geometry": { "type": "Point", "coordinates": [ 7.496883, 48.4668365 ] }, "properties": { "name": "Établissement Public Local d?Enseignement et de Formation Professionnelle Agricoles (EPLEFPA) du Bas-Rhin", "amenity": "school" } }, { "type": "Feature", "geometry": { "type": "Point", "coordinates": [ -0.784288155, 44.806371304 ] }, "properties": { "name": "École Maurice Ravel", "amenity": "school" } }, { "type": "Feature", "geometry": { "type": "Point", "coordinates": [ 7.762949533, 48.579621481 ] }, "properties": { "name": "Ecole et Observatoire des Sciences de la Terre (EOST) & UFR de mathématiques et d'informatique - Université De Strasbourg", "amenity": "university" } }, { "type": "Feature", "geometry": { "type": "Point", "coordinates": [ 8.1528166, 48.9311369 ] }, "properties": { "name": "École maternelle et élémentaire", "amenity": "school" } }, { "type": "Feature", "geometry": { "type": "Point", "coordinates": [ 7.770659795, 48.562798168 ] }, "properties": { "name": "Lycée général et technologique Jean Monnet", "amenity": "school" } }, { "type": "Feature", "geometry": { "type": "Point", "coordinates": [ -0.528902036, 44.831065906 ] }, "properties": { "name": "École maternelle Louis Pasteur", "amenity": "school" } }, { "type": "Feature", "geometry": { "type": "Point", "coordinates": [ 7.71305261, 48.319312047 ] }, "properties": { "name": "Collège des Deux Rives", "amenity": "school" } }, { "type": "Feature", "geometry": { "type": "Point", "coordinates": [ 7.746674042, 48.575960754 ] }, "properties": { "name": "Institut d'Anatomie Normale et Pathologique", "amenity": "university" } }, { "type": "Feature", "geometry": { "type": "Point", "coordinates": [ -0.2300351, 44.9147448 ] }, "properties": { "name": "Lycée professionnel Henri Brulle", "amenity": "school" } }, { "type": "Feature", "geometry": { "type": "Point", "coordinates": [ -0.6186361, 45.1294736 ] }, "properties": { "name": "Crèche de Cars", "amenity": "kindergarten" } }, { "type": "Feature", "geometry": { "type": "Point", "coordinates": [ -0.575845086, 44.832340044 ] }, "properties": { "name": "École maternelle Francis de Pressensé", "amenity": "school" } }, { "type": "Feature", "geometry": { "type": "Point", "coordinates": [ 7.757466, 48.6131358 ] }, "properties": { "name": "École République", "amenity": "school" } }, { "type": "Feature", "geometry": { "type": "Point", "coordinates": [ 7.613604777, 48.850924116 ] }, "properties": { "name": "École primaire", "amenity": "school" } }, { "type": "Feature", "geometry": { "type": "Point", "coordinates": [ -0.6548839, 44.7743106 ] }, "properties": { "name": "Les Graines de Bonheur", "amenity": "school" } }, { "type": "Feature", "geometry": { "type": "Point", "coordinates": [ -0.610140224, 44.833071981 ] }, "properties": { "name": "École primaire d'application Flornoy", "amenity": "school" } }, { "type": "Feature", "geometry": { "type": "Point", "coordinates": [ 7.3143443, 48.9118856 ] }, "properties": { "name": "École Primaire", "amenity": "school" } }, { "type": "Feature", "geometry": { "type": "Point", "coordinates": [ -0.0844512, 44.6925009 ] }, "properties": { "name": "École maternelle", "amenity": "school" } }, { "type": "Feature", "geometry": { "type": "Point", "coordinates": [ 7.677727641, 48.477147863 ] }, "properties": { "name": "École Intercommunal d'Ichtratzheim", "amenity": "school" } }, { "type": "Feature", "geometry": { "type": "Point", "coordinates": [ -0.2117538, 44.8993126 ] }, "properties": { "name": "École Jules Steeg", "amenity": "school" } }, { "type": "Feature", "geometry": { "type": "Point", "coordinates": [ -0.8832554, 44.484490501 ] }, "properties": { "name": "École primaire", "amenity": "school" } }, { "type": "Feature", "geometry": { "type": "Point", "coordinates": [ -0.6560039, 44.7621277 ] }, "properties": { "name": "École élémentaire Cassiot", "amenity": "school" } }, { "type": "Feature", "geometry": { "type": "Point", "coordinates": [ -0.422576861, 44.696218649 ] }, "properties": { "name": "Ecole élementaire", "amenity": "school" } }, { "type": "Feature", "geometry": { "type": "Point", "coordinates": [ -0.513568098, 44.846441263 ] }, "properties": { "name": "Ensemble Scolaire Privé Sainte-Claire", "amenity": "college" } }, { "type": "Feature", "geometry": { "type": "Point", "coordinates": [ -0.435234982, 44.986560487 ] }, "properties": { "name": "Lycée STAM", "amenity": "school" } }, { "type": "Feature", "geometry": { "type": "Point", "coordinates": [ -0.64023512, 44.876501657 ] }, "properties": { "name": "École primaire du Derby", "amenity": "school" } }, { "type": "Feature", "geometry": { "type": "Point", "coordinates": [ -0.5425323, 44.8501773 ] }, "properties": { "name": "École maternelle Thiers", "amenity": "school" } }, { "type": "Feature", "geometry": { "type": "Point", "coordinates": [ -0.575907925, 44.825397825 ] }, "properties": { "name": "Lycée professionnel privé Saint-Vincent de Paul", "amenity": "school" } }, { "type": "Feature", "geometry": { "type": "Point", "coordinates": [ 7.705582489, 48.565919952 ] }, "properties": { "name": "Multi-Accueil Petite Enfance", "amenity": "kindergarten" } }, { "type": "Feature", "geometry": { "type": "Point", "coordinates": [ 7.513357176, 48.658644328 ] }, "properties": { "name": "École primaire interconfessionnelle", "amenity": "school" } }, { "type": "Feature", "geometry": { "type": "Point", "coordinates": [ 7.681294878, 48.558144846 ] }, "properties": { "name": "École Élémentaire du Centre", "amenity": "school" } }, { "type": "Feature", "geometry": { "type": "Point", "coordinates": [ 7.749894839, 48.605410852 ] }, "properties": { "name": "Écoles Exen", "amenity": "school" } }, { "type": "Feature", "geometry": { "type": "Point", "coordinates": [ 7.453615156, 48.536916373 ] }, "properties": { "name": "École Rohan", "amenity": "school" } }, { "type": "Feature", "geometry": { "type": "Point", "coordinates": [ -0.6584822, 45.126493 ] }, "properties": { "name": "École primaire privée Jeanne d'Arc-Saint-Romain", "amenity": "school" } }, { "type": "Feature", "geometry": { "type": "Point", "coordinates": [ 7.882242, 48.6921775 ] }, "properties": { "name": "École Élémentaire l'Ill au Rhin", "amenity": "school" } }, { "type": "Feature", "geometry": { "type": "Point", "coordinates": [ 7.4070338, 48.6849771 ] }, "properties": { "name": "École primaire catholique", "amenity": "school" } }, { "type": "Feature", "geometry": { "type": "Point", "coordinates": [ 7.7408589, 48.5789329 ] }, "properties": { "name": "École primaire Finkwiller", "amenity": "school" } }, { "type": "Feature", "geometry": { "type": "Point", "coordinates": [ 7.678008166, 48.552498869 ] }, "properties": { "name": "École Maternelle des Primevères", "amenity": "school" } }, { "type": "Feature", "geometry": { "type": "Point", "coordinates": [ 7.710569749, 48.606145555 ] }, "properties": { "name": "Département Recherches Subatomiques - Accueil - Bâtiment 27", "amenity": "university" } }, { "type": "Feature", "geometry": { "type": "Point", "coordinates": [ 7.741628085, 48.941165499 ] }, "properties": { "name": "école primaire de Woerth", "amenity": "school" } }, { "type": "Feature", "geometry": { "type": "Point", "coordinates": [ 7.268517366, 48.330558468 ] }, "properties": { "name": "Groupe scolaire du Giessen", "amenity": "school" } }, { "type": "Feature", "geometry": { "type": "Point", "coordinates": [ -0.5107122, 44.6914703 ] }, "properties": { "name": "Lycée Général Privé La Sauque", "amenity": "school" } }, { "type": "Feature", "geometry": { "type": "Point", "coordinates": [ 7.771166021, 48.584528276 ] }, "properties": { "name": "Ensemble Saint-Georges", "amenity": "university" } }, { "type": "Feature", "geometry": { "type": "Point", "coordinates": [ 7.736756811, 48.603888438 ] }, "properties": { "name": "École primaire Jean Mermoz", "amenity": "school" } }, { "type": "Feature", "geometry": { "type": "Point", "coordinates": [ 7.4783541, 48.8086766 ] }, "properties": { "name": "École primaire", "amenity": "school" } }, { "type": "Feature", "geometry": { "type": "Point", "coordinates": [ 7.149153, 48.4146847 ] }, "properties": { "name": "École primaire catholique", "amenity": "school" } }, { "type": "Feature", "geometry": { "type": "Point", "coordinates": [ 7.9921369, 48.9706479 ] }, "properties": { "name": "École élémentaire", "amenity": "school" } }, { "type": "Feature", "geometry": { "type": "Point", "coordinates": [ 7.6650688, 48.419131 ] }, "properties": { "name": "Institut de formation en soins infirmiers du Pays d'Erstein", "amenity": "college" } }, { "type": "Feature", "geometry": { "type": "Point", "coordinates": [ -0.582945889, 44.824189813 ] }, "properties": { "name": "Groupe scolaire privé Albert le Grand", "amenity": "school" } }, { "type": "Feature", "geometry": { "type": "Point", "coordinates": [ -0.5694987, 44.7909117 ] }, "properties": { "name": "École maternelle privée Pluie de Roses", "amenity": "school" } }, { "type": "Feature", "geometry": { "type": "Point", "coordinates": [ 7.6607303, 48.5866269 ] }, "properties": { "name": "Cocci'Bulles", "amenity": "kindergarten" } }, { "type": "Feature", "geometry": { "type": "Point", "coordinates": [ -0.682679128, 45.039335971 ] }, "properties": { "name": "École de Margaux", "amenity": "school" } }, { "type": "Feature", "geometry": { "type": "Point", "coordinates": [ 7.534842098, 48.549255737 ] }, "properties": { "name": "Groupe scolaire François J'ESPERE", "amenity": "school" } }, { "type": "Feature", "geometry": { "type": "Point", "coordinates": [ -1.0583596, 45.5464865 ] }, "properties": { "name": "École primaire Georges Poirier", "amenity": "school" } }, { "type": "Feature", "geometry": { "type": "Point", "coordinates": [ 7.767146491, 48.568035299 ] }, "properties": { "name": "École de la Musau", "amenity": "school" } }, { "type": "Feature", "geometry": { "type": "Point", "coordinates": [ -0.1153155, 44.570820001 ] }, "properties": { "name": "École Jean Raymond Guyon", "amenity": "school" } }, { "type": "Feature", "geometry": { "type": "Point", "coordinates": [ -0.450972166, 44.988718341 ] }, "properties": { "name": "Section d'enseignement général et technologique du lycée polyvalent Philippe Cousteau", "amenity": "school" } }, { "type": "Feature", "geometry": { "type": "Point", "coordinates": [ 7.317591416, 48.856746217 ] }, "properties": { "name": "École primaire Les Castors", "amenity": "school" } }, { "type": "Feature", "geometry": { "type": "Point", "coordinates": [ -0.633487237, 44.91730678 ] }, "properties": { "name": "CFA & CFPPA Agricoles de la Gironde", "amenity": "college" } }, { "type": "Feature", "geometry": { "type": "Point", "coordinates": [ 7.736727064, 48.529173323 ] }, "properties": { "name": "Campus d'Illkirch", "amenity": "university" } }, { "type": "Feature", "geometry": { "type": "Point", "coordinates": [ 7.6582633, 48.7087958 ] }, "properties": { "name": "École primaire catholique", "amenity": "school" } }, { "type": "Feature", "geometry": { "type": "Point", "coordinates": [ 7.2301587, 48.4765271 ] }, "properties": { "name": "École Maternelle", "amenity": "school" } }, { "type": "Feature", "geometry": { "type": "Point", "coordinates": [ -0.3166731, 44.6380805 ] }, "properties": { "name": "École primaire Jean de la Fontaine", "amenity": "school" } }, { "type": "Feature", "geometry": { "type": "Point", "coordinates": [ 7.722742242, 48.524272845 ] }, "properties": { "name": "crêche collective les Vignes", "amenity": "kindergarten" } }, { "type": "Feature", "geometry": { "type": "Point", "coordinates": [ -0.645849093, 44.792232005 ] }, "properties": { "name": "Collège François Mitterrand", "amenity": "school" } }, { "type": "Feature", "geometry": { "type": "Point", "coordinates": [ 7.6264981, 48.9078329 ] }, "properties": { "name": "École primaire", "amenity": "school" } }, { "type": "Feature", "geometry": { "type": "Point", "coordinates": [ -0.5689493, 44.8570418 ] }, "properties": { "name": "École primaire privée Saint-Louis Sainte-Thérèse", "amenity": "school" } }, { "type": "Feature", "geometry": { "type": "Point", "coordinates": [ 7.760641701, 48.563595766 ] }, "properties": { "name": "Collège privé École Libre Sainte-Anne", "amenity": "school" } }, { "type": "Feature", "geometry": { "type": "Point", "coordinates": [ -0.471399072, 44.724557882 ] }, "properties": { "name": "École primaire", "amenity": "school" } }, { "type": "Feature", "geometry": { "type": "Point", "coordinates": [ 7.6583534, 48.927804 ] }, "properties": { "name": "École Elémentaire Pierre de Leusse", "amenity": "school" } }, { "type": "Feature", "geometry": { "type": "Point", "coordinates": [ -0.5030323, 45.049587 ] }, "properties": { "name": "École primaire R. Bertet", "amenity": "school" } }, { "type": "Feature", "geometry": { "type": "Point", "coordinates": [ -0.8725729, 44.517700701 ] }, "properties": { "name": "École élémentaire du Lanot", "amenity": "school" } }, { "type": "Feature", "geometry": { "type": "Point", "coordinates": [ -0.515087036, 44.853934893 ] }, "properties": { "name": "École maternelle Francisque Poulbot", "amenity": "school" } }, { "type": "Feature", "geometry": { "type": "Point", "coordinates": [ 7.700177353, 48.652920824 ] }, "properties": { "name": "École primaire de Lampertheim", "amenity": "school" } }, { "type": "Feature", "geometry": { "type": "Point", "coordinates": [ -0.587118986, 44.87418258 ] }, "properties": { "name": "Collège Rosa Bonheur", "amenity": "school" } }, { "type": "Feature", "geometry": { "type": "Point", "coordinates": [ 7.847183214, 48.778889929 ] }, "properties": { "name": "Lycée général et technologique André Maurois", "amenity": "school" } }, { "type": "Feature", "geometry": { "type": "Point", "coordinates": [ -0.6031799, 44.7675487 ] }, "properties": { "name": "École élémentaire Le Pin Franc", "amenity": "school" } }, { "type": "Feature", "geometry": { "type": "Point", "coordinates": [ 7.415453357, 48.696991228 ] }, "properties": { "name": "École primaire catholique", "amenity": "school" } }, { "type": "Feature", "geometry": { "type": "Point", "coordinates": [ -0.579875795, 44.824375519 ] }, "properties": { "name": "Lycée professionnel privé Saint-Genes", "amenity": "school" } }, { "type": "Feature", "geometry": { "type": "Point", "coordinates": [ -0.544148421, 44.813980207 ] }, "properties": { "name": "Crèche La Câlinerie", "amenity": "kindergarten" } }, { "type": "Feature", "geometry": { "type": "Point", "coordinates": [ 7.407016278, 48.824099096 ] }, "properties": { "name": "École primaire", "amenity": "school" } }, { "type": "Feature", "geometry": { "type": "Point", "coordinates": [ 7.7540631, 48.6144652 ] }, "properties": { "name": "École Maternelle du Centre", "amenity": "school" } }, { "type": "Feature", "geometry": { "type": "Point", "coordinates": [ -0.615312018, 45.163010306 ] }, "properties": { "name": "Ecole maternelle Lucie Artu", "amenity": "school" } }, { "type": "Feature", "geometry": { "type": "Point", "coordinates": [ -0.599606535, 44.945397453 ] }, "properties": { "name": "École maternelle Jean Jaurès", "amenity": "school" } }, { "type": "Feature", "geometry": { "type": "Point", "coordinates": [ 7.553206899, 48.345198009 ] }, "properties": { "name": "École primaire Adélaïde", "amenity": "school" } }, { "type": "Feature", "geometry": { "type": "Point", "coordinates": [ -0.253068006, 44.547519943 ] }, "properties": { "name": "Lycée professionnel Sud Gironde", "amenity": "school" } }, { "type": "Feature", "geometry": { "type": "Point", "coordinates": [ 7.699358477, 48.585311354 ] }, "properties": { "name": "Groupe Scolaire Gustave Stoskopf", "amenity": "school" } }, { "type": "Feature", "geometry": { "type": "Point", "coordinates": [ -0.661268081, 45.124259684 ] }, "properties": { "name": "Lycée Jaufré Rudel", "amenity": "school" } }, { "type": "Feature", "geometry": { "type": "Point", "coordinates": [ -0.702440802, 44.939403492 ] }, "properties": { "name": "Collège du Pian-Médoc", "amenity": "school" } }, { "type": "Feature", "geometry": { "type": "Point", "coordinates": [ -0.5835367, 44.8204596 ] }, "properties": { "name": "People & baby", "amenity": "kindergarten" } }, { "type": "Feature", "geometry": { "type": "Point", "coordinates": [ -0.6142687, 44.8821819 ] }, "properties": { "name": "École maternelle Picasso", "amenity": "school" } }, { "type": "Feature", "geometry": { "type": "Point", "coordinates": [ -0.1901938, 44.8774289 ] }, "properties": { "name": "École primaire du Ménhir", "amenity": "school" } }, { "type": "Feature", "geometry": { "type": "Point", "coordinates": [ 7.567424241, 48.28888364 ] }, "properties": { "name": "École maternelle d'Hilsenheim", "amenity": "school" } }, { "type": "Feature", "geometry": { "type": "Point", "coordinates": [ 7.7497528, 48.5836302 ] }, "properties": { "name": "Epitech Strasbourg", "amenity": "college" } }, { "type": "Feature", "geometry": { "type": "Point", "coordinates": [ 7.7601856, 48.5826387 ] }, "properties": { "name": "MJM", "amenity": "college" } }, { "type": "Feature", "geometry": { "type": "Point", "coordinates": [ -0.603017506, 44.955556633 ] }, "properties": { "name": "École Madelaine Bres", "amenity": "school" } }, { "type": "Feature", "geometry": { "type": "Point", "coordinates": [ -0.781048598, 44.613582761 ] }, "properties": { "name": "Lycée du Val de l'Eyre", "amenity": "school" } }, { "type": "Feature", "geometry": { "type": "Point", "coordinates": [ -0.60977475, 44.804128511 ] }, "properties": { "name": "ENSMAC - Bâtiment B", "amenity": "college" } }, { "type": "Feature", "geometry": { "type": "Point", "coordinates": [ 7.510322, 48.4520387 ] }, "properties": { "name": "École Primaire Odyssée", "amenity": "school" } }, { "type": "Feature", "geometry": { "type": "Point", "coordinates": [ 7.764356504, 48.588432457 ] }, "properties": { "name": "École primaire Notre-Dame de Sion", "amenity": "school" } }, { "type": "Feature", "geometry": { "type": "Point", "coordinates": [ -0.598989375, 44.84715111 ] }, "properties": { "name": "École primaire Privée Institution du Bon Pasteur", "amenity": "school" } }, { "type": "Feature", "geometry": { "type": "Point", "coordinates": [ -0.514647197, 44.842146259 ] }, "properties": { "name": "Collège Georges Rayet", "amenity": "school" } }, { "type": "Feature", "geometry": { "type": "Point", "coordinates": [ -0.569093925, 44.823689889 ] }, "properties": { "name": "Lycée Nicolas Brémontier", "amenity": "school" } }, { "type": "Feature", "geometry": { "type": "Point", "coordinates": [ -1.193077228, 45.003321589 ] }, "properties": { "name": "École primaire Antonia Guitard", "amenity": "school" } }, { "type": "Feature", "geometry": { "type": "Point", "coordinates": [ 7.3254924, 48.527997 ] }, "properties": { "name": "École maternelle Groupe scolaire", "amenity": "school" } }, { "type": "Feature", "geometry": { "type": "Point", "coordinates": [ 7.524423464, 48.872894372 ] }, "properties": { "name": "École maternelle publique", "amenity": "school" } }, { "type": "Feature", "geometry": { "type": "Point", "coordinates": [ 7.604550987, 48.662590065 ] }, "properties": { "name": "École primaire", "amenity": "school" } }, { "type": "Feature", "geometry": { "type": "Point", "coordinates": [ 7.1538759, 48.8956454 ] }, "properties": { "name": "École primaire", "amenity": "school" } }, { "type": "Feature", "geometry": { "type": "Point", "coordinates": [ -0.5174893, 44.9074632 ] }, "properties": { "name": "Crèche Fantasia", "amenity": "kindergarten" } }, { "type": "Feature", "geometry": { "type": "Point", "coordinates": [ 7.3846956, 48.3677213 ] }, "properties": { "name": "École primaire catholique", "amenity": "school" } }, { "type": "Feature", "geometry": { "type": "Point", "coordinates": [ 7.610903252, 48.282914862 ] }, "properties": { "name": "École primaire de Bindernheim", "amenity": "school" } }, { "type": "Feature", "geometry": { "type": "Point", "coordinates": [ -0.5761844, 44.8455807 ] }, "properties": { "name": "Institut Bordelais de Stylisme Modélisme", "amenity": "college" } }, { "type": "Feature", "geometry": { "type": "Point", "coordinates": [ -0.500232487, 44.923187051 ] }, "properties": { "name": "École élémentaire Bel-Air", "amenity": "school" } }, { "type": "Feature", "geometry": { "type": "Point", "coordinates": [ 7.457012932, 48.540734481 ] }, "properties": { "name": "École Maternelle du Génie", "amenity": "school" } }, { "type": "Feature", "geometry": { "type": "Point", "coordinates": [ 7.9428704, 49.0382645 ] }, "properties": { "name": "École primaire Saint-Jean Ohleyer", "amenity": "school" } }, { "type": "Feature", "geometry": { "type": "Point", "coordinates": [ -0.635742461, 44.923194263 ] }, "properties": { "name": "Crèche Les Poussins", "amenity": "kindergarten" } }, { "type": "Feature", "geometry": { "type": "Point", "coordinates": [ -0.584724707, 44.815881704 ] }, "properties": { "name": "Ensemble Scolaire Privé Saint-Genès", "amenity": "school" } }, { "type": "Feature", "geometry": { "type": "Point", "coordinates": [ 7.763458064, 48.563754181 ] }, "properties": { "name": "École Élémentaire de la Ziegelau", "amenity": "school" } }, { "type": "Feature", "geometry": { "type": "Point", "coordinates": [ 7.950865977, 48.764218702 ] }, "properties": { "name": "École Élémentaire Jacques Gachot", "amenity": "school" } }, { "type": "Feature", "geometry": { "type": "Point", "coordinates": [ 7.3779972, 48.7556864 ] }, "properties": { "name": "École élémentaire", "amenity": "school" } }, { "type": "Feature", "geometry": { "type": "Point", "coordinates": [ -0.1552588, 44.8941513 ] }, "properties": { "name": "École primaire privée Saint-Valéry", "amenity": "school" } }, { "type": "Feature", "geometry": { "type": "Point", "coordinates": [ 7.5125616, 48.569063 ] }, "properties": { "name": "École Élémentaire", "amenity": "school" } }, { "type": "Feature", "geometry": { "type": "Point", "coordinates": [ -0.513860376, 44.87643973 ] }, "properties": { "name": "Lycée Jacques Brel", "amenity": "school" } }, { "type": "Feature", "geometry": { "type": "Point", "coordinates": [ 7.575284454, 48.687007618 ] }, "properties": { "name": "École primaire", "amenity": "school" } }, { "type": "Feature", "geometry": { "type": "Point", "coordinates": [ -0.5355835, 44.9529679 ] }, "properties": { "name": "École élémentaire les Bords de Garonne", "amenity": "school" } }, { "type": "Feature", "geometry": { "type": "Point", "coordinates": [ -0.58981433, 44.806253637 ] }, "properties": { "name": "Groupe Scolaire Georges Lasserre", "amenity": "school" } }, { "type": "Feature", "geometry": { "type": "Point", "coordinates": [ -0.3746036, 44.597338701 ] }, "properties": { "name": "École maternelle", "amenity": "school" } }, { "type": "Feature", "geometry": { "type": "Point", "coordinates": [ -0.6008678, 45.0544046 ] }, "properties": { "name": "École primaire", "amenity": "school" } }, { "type": "Feature", "geometry": { "type": "Point", "coordinates": [ 7.372451927, 48.734964057 ] }, "properties": { "name": "Lycée Professionnel Jules Verne", "amenity": "school" } }, { "type": "Feature", "geometry": { "type": "Point", "coordinates": [ -0.321906395, 44.902021212 ] }, "properties": { "name": "École maternelle Henri Lesne", "amenity": "school" } }, { "type": "Feature", "geometry": { "type": "Point", "coordinates": [ -0.0423874, 44.8524687 ] }, "properties": { "name": "De box anglais", "amenity": "school" } }, { "type": "Feature", "geometry": { "type": "Point", "coordinates": [ -0.6116043, 44.780535 ] }, "properties": { "name": "École maternelle Domaine de Lange", "amenity": "school" } }, { "type": "Feature", "geometry": { "type": "Point", "coordinates": [ -0.48078473, 44.935774091 ] }, "properties": { "name": "École élémentaire François Auboin", "amenity": "school" } }, { "type": "Feature", "geometry": { "type": "Point", "coordinates": [ -0.606657096, 44.77668251 ] }, "properties": { "name": "Collège Fontaines de Monjous", "amenity": "school" } }, { "type": "Feature", "geometry": { "type": "Point", "coordinates": [ 7.734703101, 48.617237645 ] }, "properties": { "name": "École Maternelle du Lauchacker", "amenity": "school" } }, { "type": "Feature", "geometry": { "type": "Point", "coordinates": [ -0.574586459, 44.852228155 ] }, "properties": { "name": "Groupe Scolaire Saint-Louis - Sainte-Teresa", "amenity": "school" } }, { "type": "Feature", "geometry": { "type": "Point", "coordinates": [ 7.7350533, 48.6153836 ] }, "properties": { "name": "École des Prunneliers", "amenity": "school" } }, { "type": "Feature", "geometry": { "type": "Point", "coordinates": [ -0.546531831, 44.820497821 ] }, "properties": { "name": "Campus ESMA 3D", "amenity": "university" } }, { "type": "Feature", "geometry": { "type": "Point", "coordinates": [ 7.737751467, 48.526245881 ] }, "properties": { "name": "Pôle API", "amenity": "university" } }, { "type": "Feature", "geometry": { "type": "Point", "coordinates": [ -0.6798262, 44.8180074 ] }, "properties": { "name": "Les Petits Héros", "amenity": "kindergarten" } }, { "type": "Feature", "geometry": { "type": "Point", "coordinates": [ -0.0470317, 44.8561792 ] }, "properties": { "name": "Ancien École de fille", "amenity": "school" } }, { "type": "Feature", "geometry": { "type": "Point", "coordinates": [ -0.128261456, 45.040523402 ] }, "properties": { "name": "École primaire Henri Sauguet", "amenity": "school" } }, { "type": "Feature", "geometry": { "type": "Point", "coordinates": [ -0.631650497, 44.811751168 ] }, "properties": { "name": "École Maternelle Bellegrave", "amenity": "school" } }, { "type": "Feature", "geometry": { "type": "Point", "coordinates": [ -0.580280135, 44.840044613 ] }, "properties": { "name": "École primaire privée Institution Notre-Dame", "amenity": "school" } }, { "type": "Feature", "geometry": { "type": "Point", "coordinates": [ -0.642579964, 44.909003894 ] }, "properties": { "name": "École élémentaire Saturne", "amenity": "school" } }, { "type": "Feature", "geometry": { "type": "Point", "coordinates": [ 7.407536495, 48.824287162 ] }, "properties": { "name": "École maternelle", "amenity": "school" } }, { "type": "Feature", "geometry": { "type": "Point", "coordinates": [ -0.574438247, 44.872112696 ] }, "properties": { "name": "Les Petites pousses du Lac", "amenity": "kindergarten" } }, { "type": "Feature", "geometry": { "type": "Point", "coordinates": [ -0.5635168, 44.828021 ] }, "properties": { "name": "Barbey", "amenity": "school" } }, { "type": "Feature", "geometry": { "type": "Point", "coordinates": [ 7.769252591, 48.567642021 ] }, "properties": { "name": "Collège Louise Weiss", "amenity": "school" } }, { "type": "Feature", "geometry": { "type": "Point", "coordinates": [ -0.6011917, 44.8401761 ] }, "properties": { "name": "Les P'tites Quenottes", "amenity": "kindergarten" } }, { "type": "Feature", "geometry": { "type": "Point", "coordinates": [ -0.673264809, 44.864393479 ] }, "properties": { "name": "Collège du Haillan", "amenity": "school" } }, { "type": "Feature", "geometry": { "type": "Point", "coordinates": [ 7.698838262, 48.592303012 ] }, "properties": { "name": "École Élémentaire Brigitte", "amenity": "school" } }, { "type": "Feature", "geometry": { "type": "Point", "coordinates": [ -0.6366767, 44.8843023 ] }, "properties": { "name": "FAsup'", "amenity": "college" } }, { "type": "Feature", "geometry": { "type": "Point", "coordinates": [ -0.507821167, 44.845294544 ] }, "properties": { "name": "École maternelle François Mauriac", "amenity": "school" } }, { "type": "Feature", "geometry": { "type": "Point", "coordinates": [ 7.908356, 49.0225605 ] }, "properties": { "name": "École primaire", "amenity": "school" } }, { "type": "Feature", "geometry": { "type": "Point", "coordinates": [ 7.828766047, 48.660263821 ] }, "properties": { "name": "La Maison De L'Enfant", "amenity": "kindergarten" } }, { "type": "Feature", "geometry": { "type": "Point", "coordinates": [ -0.308114486, 44.77183899 ] }, "properties": { "name": "École primaire", "amenity": "school" } }, { "type": "Feature", "geometry": { "type": "Point", "coordinates": [ 7.179443021, 48.901112502 ] }, "properties": { "name": "École primaire", "amenity": "school" } }, { "type": "Feature", "geometry": { "type": "Point", "coordinates": [ -0.705980124, 44.895215896 ] }, "properties": { "name": "Lycée professionnel Jehan Dupérier", "amenity": "school" } }, { "type": "Feature", "geometry": { "type": "Point", "coordinates": [ 7.625645809, 48.821124815 ] }, "properties": { "name": "Cour de l'école", "amenity": "school" } }, { "type": "Feature", "geometry": { "type": "Point", "coordinates": [ -0.7462676, 45.1927899 ] }, "properties": { "name": "École primaire du Pradinà", "amenity": "school" } }, { "type": "Feature", "geometry": { "type": "Point", "coordinates": [ -0.252485832, 44.548865581 ] }, "properties": { "name": "Collège Jules Ferry", "amenity": "school" } }, { "type": "Feature", "geometry": { "type": "Point", "coordinates": [ 7.209515392, 48.465854141 ] }, "properties": { "name": "Collège Frison Roche", "amenity": "school" } }, { "type": "Feature", "geometry": { "type": "Point", "coordinates": [ -0.671305423, 44.955111394 ] }, "properties": { "name": "École Élémentaire du Bourg", "amenity": "school" } }, { "type": "Feature", "geometry": { "type": "Point", "coordinates": [ 7.768758534, 48.60876949 ] }, "properties": { "name": "Collège Rouget de Lisle", "amenity": "school" } }, { "type": "Feature", "geometry": { "type": "Point", "coordinates": [ -0.4587285, 44.8217172 ] }, "properties": { "name": "Collège privé Lestonnac", "amenity": "school" } }, { "type": "Feature", "geometry": { "type": "Point", "coordinates": [ 7.754931016, 48.581900583 ] }, "properties": { "name": "École maternelle Louis Pasteur", "amenity": "school" } }, { "type": "Feature", "geometry": { "type": "Point", "coordinates": [ 7.60409674, 48.65600222 ] }, "properties": { "name": "Collège du Kochersberg", "amenity": "school" } }, { "type": "Feature", "geometry": { "type": "Point", "coordinates": [ 7.7497956, 48.5836815 ] }, "properties": { "name": "XP School Strasbourg", "amenity": "college" } }, { "type": "Feature", "geometry": { "type": "Point", "coordinates": [ -0.512711046, 44.900313655 ] }, "properties": { "name": "École Maternelle du Bousquet", "amenity": "school" } }, { "type": "Feature", "geometry": { "type": "Point", "coordinates": [ -0.585011112, 44.791359579 ] }, "properties": { "name": "École maternelle Saint-Exupéry", "amenity": "school" } }, { "type": "Feature", "geometry": { "type": "Point", "coordinates": [ -0.4501289, 44.991733 ] }, "properties": { "name": "Lycée Philippe Cousteau", "amenity": "school" } }, { "type": "Feature", "geometry": { "type": "Point", "coordinates": [ -0.4396749, 44.8209932 ] }, "properties": { "name": "Les Bons Enfants", "amenity": "kindergarten" } }, { "type": "Feature", "geometry": { "type": "Point", "coordinates": [ 7.716953379, 48.734946099 ] }, "properties": { "name": "École maternelle l'arc en ciel", "amenity": "school" } }, { "type": "Feature", "geometry": { "type": "Point", "coordinates": [ 7.745129707, 48.634187676 ] }, "properties": { "name": "École maternelle Les Cigognes", "amenity": "school" } }, { "type": "Feature", "geometry": { "type": "Point", "coordinates": [ -0.5832434, 44.8390293 ] }, "properties": { "name": "L'Île aux Oiseaux", "amenity": "kindergarten" } }, { "type": "Feature", "geometry": { "type": "Point", "coordinates": [ -0.750376626, 45.195551005 ] }, "properties": { "name": "Lycée général privé Saint-Jean", "amenity": "school" } }, { "type": "Feature", "geometry": { "type": "Point", "coordinates": [ 7.6185135, 48.8578881 ] }, "properties": { "name": "École primaire", "amenity": "school" } }, { "type": "Feature", "geometry": { "type": "Point", "coordinates": [ 7.728457419, 48.541764425 ] }, "properties": { "name": "École primaire Les Vergers", "amenity": "school" } }, { "type": "Feature", "geometry": { "type": "Point", "coordinates": [ -0.703029646, 44.873361964 ] }, "properties": { "name": "École élémentaire de Corbiac", "amenity": "school" } }, { "type": "Feature", "geometry": { "type": "Point", "coordinates": [ 7.751282617, 48.588593538 ] }, "properties": { "name": "Collège Foch", "amenity": "school" } }, { "type": "Feature", "geometry": { "type": "Point", "coordinates": [ -0.5074114, 45.234483 ] }, "properties": { "name": "Ecole primaire", "amenity": "school" } }, { "type": "Feature", "geometry": { "type": "Point", "coordinates": [ 7.909676501, 49.039045038 ] }, "properties": { "name": "École primaire", "amenity": "school" } }, { "type": "Feature", "geometry": { "type": "Point", "coordinates": [ -0.8359116, 44.6533827 ] }, "properties": { "name": "? École Café Bordeaux | Mios ? MaxiCoffee", "amenity": "school" } }, { "type": "Feature", "geometry": { "type": "Point", "coordinates": [ 7.743452558, 48.600850235 ] }, "properties": { "name": "Groupe Scolaire Simone Veil", "amenity": "school" } }, { "type": "Feature", "geometry": { "type": "Point", "coordinates": [ 7.520748899, 48.734981782 ] }, "properties": { "name": "École primaire", "amenity": "school" } }, { "type": "Feature", "geometry": { "type": "Point", "coordinates": [ 8.1064809, 48.893932 ] }, "properties": { "name": "École élémentaire de la Fontaine", "amenity": "school" } }, { "type": "Feature", "geometry": { "type": "Point", "coordinates": [ -0.496073075, 44.848548006 ] }, "properties": { "name": "École Joséphine Baker", "amenity": "school" } }, { "type": "Feature", "geometry": { "type": "Point", "coordinates": [ 7.660669203, 48.42409687 ] }, "properties": { "name": "École primaire Anne Frank", "amenity": "school" } }, { "type": "Feature", "geometry": { "type": "Point", "coordinates": [ 0.214937638, 44.840237107 ] }, "properties": { "name": "Collège privé Anglade", "amenity": "school" } }, { "type": "Feature", "geometry": { "type": "Point", "coordinates": [ -0.604598033, 44.80441731 ] }, "properties": { "name": "Institut d'Optique Aquitaine", "amenity": "university" } }, { "type": "Feature", "geometry": { "type": "Point", "coordinates": [ 7.594900716, 48.793146266 ] }, "properties": { "name": "École primaire", "amenity": "school" } }, { "type": "Feature", "geometry": { "type": "Point", "coordinates": [ 7.1954552, 48.8679821 ] }, "properties": { "name": "Collège Des Racines et des Ailes", "amenity": "school" } }, { "type": "Feature", "geometry": { "type": "Point", "coordinates": [ -0.5518154, 44.8137937 ] }, "properties": { "name": "3iS - Institut International Image & Son", "amenity": "college" } }, { "type": "Feature", "geometry": { "type": "Point", "coordinates": [ -1.1551679, 45.3788016 ] }, "properties": { "name": "École de Langues et de Culture", "amenity": "school" } }, { "type": "Feature", "geometry": { "type": "Point", "coordinates": [ -0.657953601, 44.796580734 ] }, "properties": { "name": "École des Ambulanciers", "amenity": "school" } }, { "type": "Feature", "geometry": { "type": "Point", "coordinates": [ 7.7102155, 48.5677416 ] }, "properties": { "name": "École primaire du Gliesberg", "amenity": "school" } }, { "type": "Feature", "geometry": { "type": "Point", "coordinates": [ -0.617064283, 44.857188879 ] }, "properties": { "name": "École maternelle Paul Doumer", "amenity": "school" } }, { "type": "Feature", "geometry": { "type": "Point", "coordinates": [ 7.723213316, 48.590596373 ] }, "properties": { "name": "Institution La Doctrine Chrétienne", "amenity": "school" } }, { "type": "Feature", "geometry": { "type": "Point", "coordinates": [ 7.954700407, 49.037177467 ] }, "properties": { "name": "Collège Otfried", "amenity": "school" } }, { "type": "Feature", "geometry": { "type": "Point", "coordinates": [ -0.542840851, 44.850061813 ] }, "properties": { "name": "École élémentaire Thiers", "amenity": "school" } }, { "type": "Feature", "geometry": { "type": "Point", "coordinates": [ 7.440958912, 48.383023324 ] }, "properties": { "name": "École primaire Les Petits Chênes", "amenity": "school" } }, { "type": "Feature", "geometry": { "type": "Point", "coordinates": [ -0.5421497, 44.8088343 ] }, "properties": { "name": "Crèche les Esteyous", "amenity": "kindergarten" } }, { "type": "Feature", "geometry": { "type": "Point", "coordinates": [ 7.761576, 48.5947651 ] }, "properties": { "name": "Groupe Scolaire Edouard Branly", "amenity": "school" } }, { "type": "Feature", "geometry": { "type": "Point", "coordinates": [ -0.609043966, 44.867883595 ] }, "properties": { "name": "Crèche et École Maternelle Chenille Verte", "amenity": "school" } }, { "type": "Feature", "geometry": { "type": "Point", "coordinates": [ -0.5423627, 44.850679 ] }, "properties": { "name": "Institut Supérieur d'optique", "amenity": "university" } }, { "type": "Feature", "geometry": { "type": "Point", "coordinates": [ -0.7266646, 44.864421991 ] }, "properties": { "name": "École primaire Pierre et Maïa Carrié", "amenity": "school" } }, { "type": "Feature", "geometry": { "type": "Point", "coordinates": [ 7.705348246, 48.624908313 ] }, "properties": { "name": "École primaire Jules Verne", "amenity": "school" } }, { "type": "Feature", "geometry": { "type": "Point", "coordinates": [ 7.510488481, 48.704259724 ] }, "properties": { "name": "Groupe scolaire", "amenity": "school" } }, { "type": "Feature", "geometry": { "type": "Point", "coordinates": [ -0.55042946, 44.874197028 ] }, "properties": { "name": "Collège Blanqui", "amenity": "school" } }, { "type": "Feature", "geometry": { "type": "Point", "coordinates": [ -0.295294512, 44.536414878 ] }, "properties": { "name": "École primaire", "amenity": "school" } }, { "type": "Feature", "geometry": { "type": "Point", "coordinates": [ -0.646141675, 44.799809756 ] }, "properties": { "name": "École Maternelle du Monteil", "amenity": "school" } }, { "type": "Feature", "geometry": { "type": "Point", "coordinates": [ -0.600273636, 44.822633977 ] }, "properties": { "name": "École élémentaire Loucheur", "amenity": "school" } }, { "type": "Feature", "geometry": { "type": "Point", "coordinates": [ 7.765289557, 48.583572714 ] }, "properties": { "name": "Faculté de Philosophie", "amenity": "university" } }, { "type": "Feature", "geometry": { "type": "Point", "coordinates": [ 7.7670335, 48.5863004 ] }, "properties": { "name": "Plitsch-platsch", "amenity": "kindergarten" } }, { "type": "Feature", "geometry": { "type": "Point", "coordinates": [ -0.5352556, 44.8380348 ] }, "properties": { "name": "École élémentaire Jean Jaurès", "amenity": "school" } }, { "type": "Feature", "geometry": { "type": "Point", "coordinates": [ 7.788392931, 48.623685475 ] }, "properties": { "name": "Groupe Scolaire Pourtalès", "amenity": "school" } }, { "type": "Feature", "geometry": { "type": "Point", "coordinates": [ 8.055799944, 48.843572599 ] }, "properties": { "name": "École primaire", "amenity": "school" } }, { "type": "Feature", "geometry": { "type": "Point", "coordinates": [ 7.705636726, 48.317530789 ] }, "properties": { "name": "École primaire Centre", "amenity": "school" } }, { "type": "Feature", "geometry": { "type": "Point", "coordinates": [ -0.559761667, 44.844053845 ] }, "properties": { "name": "Centre National de Formation de la Fonction Publique Territoriale (CNFPT)", "amenity": "college" } }, { "type": "Feature", "geometry": { "type": "Point", "coordinates": [ -0.491367665, 44.860107636 ] }, "properties": { "name": "Les Rêves Bleus", "amenity": "kindergarten" } }, { "type": "Feature", "geometry": { "type": "Point", "coordinates": [ -0.597284343, 44.882654954 ] }, "properties": { "name": "Groupe Scolaire Frida Kahlo", "amenity": "school" } }, { "type": "Feature", "geometry": { "type": "Point", "coordinates": [ 7.789886603, 48.81848895 ] }, "properties": { "name": "École maternelle Saint Nicolas", "amenity": "school" } }, { "type": "Feature", "geometry": { "type": "Point", "coordinates": [ 7.758617482, 48.581482988 ] }, "properties": { "name": "Haute école des arts du Rhin", "amenity": "university" } }, { "type": "Feature", "geometry": { "type": "Point", "coordinates": [ 7.7106367, 48.5781389 ] }, "properties": { "name": "L'Iconograf", "amenity": "college" } }, { "type": "Feature", "geometry": { "type": "Point", "coordinates": [ 7.718285528, 48.569179526 ] }, "properties": { "name": "Collège Hans Arp", "amenity": "school" } }, { "type": "Feature", "geometry": { "type": "Point", "coordinates": [ -0.1965612, 44.9979683 ] }, "properties": { "name": "Assistante Maternelle", "amenity": "kindergarten" } }, { "type": "Feature", "geometry": { "type": "Point", "coordinates": [ -0.6292197, 45.2494834 ] }, "properties": { "name": "École élémentaire", "amenity": "school" } }, { "type": "Feature", "geometry": { "type": "Point", "coordinates": [ 7.762515868, 48.584773648 ] }, "properties": { "name": "Palais Universitaire", "amenity": "university" } }, { "type": "Feature", "geometry": { "type": "Point", "coordinates": [ 7.781628246, 48.602940694 ] }, "properties": { "name": "Collège de la Robertsau", "amenity": "school" } }, { "type": "Feature", "geometry": { "type": "Point", "coordinates": [ 7.3516362, 48.7308675 ] }, "properties": { "name": "Lycée du Haut-Barr", "amenity": "school" } }, { "type": "Feature", "geometry": { "type": "Point", "coordinates": [ 7.584363408, 48.813283362 ] }, "properties": { "name": "École primaire", "amenity": "school" } }, { "type": "Feature", "geometry": { "type": "Point", "coordinates": [ -0.5967497, 44.7711471 ] }, "properties": { "name": "École élémentaire Malartic", "amenity": "school" } }, { "type": "Feature", "geometry": { "type": "Point", "coordinates": [ 0.0369368, 44.8271252 ] }, "properties": { "name": "École maternelle", "amenity": "school" } }, { "type": "Feature", "geometry": { "type": "Point", "coordinates": [ 7.7653008, 48.5902533 ] }, "properties": { "name": "Université de Syracuse", "amenity": "school" } }, { "type": "Feature", "geometry": { "type": "Point", "coordinates": [ -1.071941361, 44.977597273 ] }, "properties": { "name": "École primaire Ville", "amenity": "school" } }, { "type": "Feature", "geometry": { "type": "Point", "coordinates": [ 7.6877203, 48.867315 ] }, "properties": { "name": "Collège Jacques Tati", "amenity": "school" } }, { "type": "Feature", "geometry": { "type": "Point", "coordinates": [ 7.445922089, 48.406276755 ] }, "properties": { "name": "École primaire des Vignes", "amenity": "school" } }, { "type": "Feature", "geometry": { "type": "Point", "coordinates": [ -0.634172595, 44.789567455 ] }, "properties": { "name": "École élémentaire Montesquieu", "amenity": "school" } }, { "type": "Feature", "geometry": { "type": "Point", "coordinates": [ -0.631608909, 44.807476205 ] }, "properties": { "name": "École élémentaire Aristide Briand", "amenity": "school" } }, { "type": "Feature", "geometry": { "type": "Point", "coordinates": [ -0.5965775, 44.8669306 ] }, "properties": { "name": "École Sécurité C-SRD - Bordeaux", "amenity": "college" } }, { "type": "Feature", "geometry": { "type": "Point", "coordinates": [ 7.7951899, 49.0028406 ] }, "properties": { "name": "École primaire", "amenity": "school" } }, { "type": "Feature", "geometry": { "type": "Point", "coordinates": [ -0.697105355, 44.884192638 ] }, "properties": { "name": "École Maternelle Villagexpo", "amenity": "school" } }, { "type": "Feature", "geometry": { "type": "Point", "coordinates": [ -0.574468083, 44.876831515 ] }, "properties": { "name": "Centres de Formation du Lac", "amenity": "college" } }, { "type": "Feature", "geometry": { "type": "Point", "coordinates": [ -0.500202725, 44.911053574 ] }, "properties": { "name": "Collège de Carbon Blanc", "amenity": "school" } }, { "type": "Feature", "geometry": { "type": "Point", "coordinates": [ -0.285040301, 44.88311459 ] }, "properties": { "name": "École maternelle du Bourg", "amenity": "school" } }, { "type": "Feature", "geometry": { "type": "Point", "coordinates": [ 7.7728728, 48.5831481 ] }, "properties": { "name": "École de Management", "amenity": "university" } }, { "type": "Feature", "geometry": { "type": "Point", "coordinates": [ -0.273783587, 44.991641481 ] }, "properties": { "name": "École élémentaire R. Perret", "amenity": "school" } }, { "type": "Feature", "geometry": { "type": "Point", "coordinates": [ -0.62028, 44.8358811 ] }, "properties": { "name": "École élementaire Anatole France", "amenity": "school" } }, { "type": "Feature", "geometry": { "type": "Point", "coordinates": [ -0.591458407, 44.819043733 ] }, "properties": { "name": "Collège Henri Brisson", "amenity": "school" } }, { "type": "Feature", "geometry": { "type": "Point", "coordinates": [ 7.7759986, 48.5843036 ] }, "properties": { "name": "Crèche franco-allemande Ratz-Fatz", "amenity": "kindergarten" } }, { "type": "Feature", "geometry": { "type": "Point", "coordinates": [ 0.214855092, 44.840376009 ] }, "properties": { "name": "Collège privé Anglade", "amenity": "school" } }, { "type": "Feature", "geometry": { "type": "Point", "coordinates": [ -1.1516058, 44.6524236 ] }, "properties": { "name": "École élémentaire Les Mouettes", "amenity": "school" } }, { "type": "Feature", "geometry": { "type": "Point", "coordinates": [ -0.5293611, 44.7570839 ] }, "properties": { "name": "École maternelle Alienor d'Aquitaine", "amenity": "school" } }, { "type": "Feature", "geometry": { "type": "Point", "coordinates": [ 7.77649745, 48.582552374 ] }, "properties": { "name": "École élémentaire Conseil des XV", "amenity": "school" } }, { "type": "Feature", "geometry": { "type": "Point", "coordinates": [ -0.5010724, 45.0353705 ] }, "properties": { "name": "École élémentaire", "amenity": "school" } }, { "type": "Feature", "geometry": { "type": "Point", "coordinates": [ 7.5830203, 48.3632999 ] }, "properties": { "name": "Le Cabanon des Cigogneaux", "amenity": "kindergarten" } }, { "type": "Feature", "geometry": { "type": "Point", "coordinates": [ -0.509152405, 44.9000752 ] }, "properties": { "name": "Collège Manon Cormier", "amenity": "school" } }, { "type": "Feature", "geometry": { "type": "Point", "coordinates": [ 7.714160116, 48.552524708 ] }, "properties": { "name": "École Maternelle Charles Perrault I", "amenity": "school" } }, { "type": "Feature", "geometry": { "type": "Point", "coordinates": [ -0.568452197, 44.76745015 ] }, "properties": { "name": "École maternelle Jules Michelet", "amenity": "school" } }, { "type": "Feature", "geometry": { "type": "Point", "coordinates": [ 7.649790323, 48.584426234 ] }, "properties": { "name": "École primaire les Cigognes", "amenity": "school" } }, { "type": "Feature", "geometry": { "type": "Point", "coordinates": [ -0.562418786, 44.830203333 ] }, "properties": { "name": "IUT Bordeaux Montaigne", "amenity": "university" } }, { "type": "Feature", "geometry": { "type": "Point", "coordinates": [ 7.74282791, 48.57811891 ] }, "properties": { "name": "Collège Lucie Berger", "amenity": "school" } }, { "type": "Feature", "geometry": { "type": "Point", "coordinates": [ -0.2979674, 44.628382 ] }, "properties": { "name": "École de Loupiac", "amenity": "school" } }, { "type": "Feature", "geometry": { "type": "Point", "coordinates": [ 7.1842818, 48.4842191 ] }, "properties": { "name": "École primaire catholique Hameau de Wackenbach", "amenity": "school" } }, { "type": "Feature", "geometry": { "type": "Point", "coordinates": [ 7.216234301, 48.478969538 ] }, "properties": { "name": "École Élémentaire", "amenity": "school" } }, { "type": "Feature", "geometry": { "type": "Point", "coordinates": [ -0.6484589, 44.7941326 ] }, "properties": { "name": "École élémentaire Georges Leygues", "amenity": "school" } }, { "type": "Feature", "geometry": { "type": "Point", "coordinates": [ 7.767707402, 48.579784215 ] }, "properties": { "name": "Centre de Neurochimie", "amenity": "university" } }, { "type": "Feature", "geometry": { "type": "Point", "coordinates": [ 7.6360398, 48.9572942 ] }, "properties": { "name": "Collège Charles Munch", "amenity": "school" } }, { "type": "Feature", "geometry": { "type": "Point", "coordinates": [ 7.3307096, 48.5508857 ] }, "properties": { "name": "École maternelle", "amenity": "school" } }, { "type": "Feature", "geometry": { "type": "Point", "coordinates": [ 7.083638714, 48.794710412 ] }, "properties": { "name": "École primaire", "amenity": "school" } }, { "type": "Feature", "geometry": { "type": "Point", "coordinates": [ -0.5834541, 44.8478023 ] }, "properties": { "name": "MJM Graphic Design", "amenity": "college" } }, { "type": "Feature", "geometry": { "type": "Point", "coordinates": [ -0.6417601, 44.7554177 ] }, "properties": { "name": "École élémentaire Jacques Brel", "amenity": "school" } }, { "type": "Feature", "geometry": { "type": "Point", "coordinates": [ 7.2700631, 48.508988 ] }, "properties": { "name": "École maternelle", "amenity": "school" } }, { "type": "Feature", "geometry": { "type": "Point", "coordinates": [ 7.177541297, 48.925368756 ] }, "properties": { "name": "École primaire", "amenity": "school" } }, { "type": "Feature", "geometry": { "type": "Point", "coordinates": [ -0.573273, 44.8562319 ] }, "properties": { "name": "École secondaire privée Jacques Prévert", "amenity": "school" } }, { "type": "Feature", "geometry": { "type": "Point", "coordinates": [ -0.57078185, 44.832341943 ] }, "properties": { "name": "Section d'enseignement général et professionnel adapté du Collège Cheverus", "amenity": "school" } }, { "type": "Feature", "geometry": { "type": "Point", "coordinates": [ 7.765866133, 48.583625959 ] }, "properties": { "name": "Campus Centre", "amenity": "university" } }, { "type": "Feature", "geometry": { "type": "Point", "coordinates": [ -0.512477537, 44.876335301 ] }, "properties": { "name": "École élémentaire Jean Rostand", "amenity": "school" } }, { "type": "Feature", "geometry": { "type": "Point", "coordinates": [ -0.4643151, 44.847227 ] }, "properties": { "name": "École maternelle Pauline Reclus-Kergomard", "amenity": "school" } }, { "type": "Feature", "geometry": { "type": "Point", "coordinates": [ -0.575816867, 44.839235534 ] }, "properties": { "name": "Collège Cheverus", "amenity": "school" } }, { "type": "Feature", "geometry": { "type": "Point", "coordinates": [ 7.718622, 48.593647068 ] }, "properties": { "name": "École primaire et élémentaire Camille Hirtz", "amenity": "school" } }, { "type": "Feature", "geometry": { "type": "Point", "coordinates": [ -0.924983622, 45.29908125 ] }, "properties": { "name": "Lycée Odilon Redon", "amenity": "school" } }, { "type": "Feature", "geometry": { "type": "Point", "coordinates": [ 7.7498887, 48.5828943 ] }, "properties": { "name": "Institution La Providence", "amenity": "school" } }, { "type": "Feature", "geometry": { "type": "Point", "coordinates": [ 7.456649478, 48.409394244 ] }, "properties": { "name": "Collège de Barr", "amenity": "school" } }, { "type": "Feature", "geometry": { "type": "Point", "coordinates": [ -0.5704537, 44.8563607 ] }, "properties": { "name": "Multiaccueil Barreyre", "amenity": "kindergarten" } }, { "type": "Feature", "geometry": { "type": "Point", "coordinates": [ 7.5297007, 48.8141191 ] }, "properties": { "name": "École primaire", "amenity": "school" } }, { "type": "Feature", "geometry": { "type": "Point", "coordinates": [ -0.604323181, 44.859186934 ] }, "properties": { "name": "École Jeanne d'Arc", "amenity": "school" } }, { "type": "Feature", "geometry": { "type": "Point", "coordinates": [ 7.423038217, 48.325345008 ] }, "properties": { "name": "École élémentaire de Dambach-la-Ville", "amenity": "school" } }, { "type": "Feature", "geometry": { "type": "Point", "coordinates": [ 7.7200313, 48.8809744 ] }, "properties": { "name": "École primaire", "amenity": "school" } }, { "type": "Feature", "geometry": { "type": "Point", "coordinates": [ -0.517463196, 44.856578888 ] }, "properties": { "name": "Lycée La Morlette", "amenity": "school" } }, { "type": "Feature", "geometry": { "type": "Point", "coordinates": [ 7.551757, 48.8820541 ] }, "properties": { "name": "École primaire", "amenity": "school" } }, { "type": "Feature", "geometry": { "type": "Point", "coordinates": [ -0.616088686, 44.865767003 ] }, "properties": { "name": "École maternelle Lafon Feline", "amenity": "school" } }, { "type": "Feature", "geometry": { "type": "Point", "coordinates": [ 7.715202512, 48.532804969 ] }, "properties": { "name": "Collège du Parc", "amenity": "school" } }, { "type": "Feature", "geometry": { "type": "Point", "coordinates": [ -0.41527239, 44.566301973 ] }, "properties": { "name": "Ecole primaire et maternelle de Landiras", "amenity": "school" } }, { "type": "Feature", "geometry": { "type": "Point", "coordinates": [ -0.616538061, 44.855223072 ] }, "properties": { "name": "Collège Saint-André", "amenity": "school" } }, { "type": "Feature", "geometry": { "type": "Point", "coordinates": [ 7.707307468, 48.596839419 ] }, "properties": { "name": "Le Jardin d'Alice", "amenity": "kindergarten" } }, { "type": "Feature", "geometry": { "type": "Point", "coordinates": [ -0.031991206, 44.584301453 ] }, "properties": { "name": "Collège Paul Esquinance", "amenity": "school" } }, { "type": "Feature", "geometry": { "type": "Point", "coordinates": [ 7.7930982, 48.8196453 ] }, "properties": { "name": "École élémentaire Saint-Nicolas", "amenity": "school" } }, { "type": "Feature", "geometry": { "type": "Point", "coordinates": [ 0.0825636, 44.6503246 ] }, "properties": { "name": "École Primaire de Monségur", "amenity": "school" } }, { "type": "Feature", "geometry": { "type": "Point", "coordinates": [ -0.617769685, 44.795030431 ] }, "properties": { "name": "Université Bordeaux Montaigne", "amenity": "university" } }, { "type": "Feature", "geometry": { "type": "Point", "coordinates": [ -0.537020719, 44.855420174 ] }, "properties": { "name": "École maternelle Jules Guesde", "amenity": "school" } }, { "type": "Feature", "geometry": { "type": "Point", "coordinates": [ 7.2148621, 48.4139276 ] }, "properties": { "name": "École primaire protestante", "amenity": "school" } }, { "type": "Feature", "geometry": { "type": "Point", "coordinates": [ -0.5626409, 44.7844026 ] }, "properties": { "name": "People & Baby", "amenity": "kindergarten" } }, { "type": "Feature", "geometry": { "type": "Point", "coordinates": [ 7.451578309, 48.683325204 ] }, "properties": { "name": "École primaire Les Acacias", "amenity": "school" } }, { "type": "Feature", "geometry": { "type": "Point", "coordinates": [ -1.0500239, 44.7151534 ] }, "properties": { "name": "École élémentaire France Gall", "amenity": "school" } }, { "type": "Feature", "geometry": { "type": "Point", "coordinates": [ 7.7056763, 48.3742046 ] }, "properties": { "name": "École élémentaire", "amenity": "kindergarten" } }, { "type": "Feature", "geometry": { "type": "Point", "coordinates": [ 7.643186123, 48.453198644 ] }, "properties": { "name": "École Primaire", "amenity": "school" } }, { "type": "Feature", "geometry": { "type": "Point", "coordinates": [ 7.682385026, 48.837480019 ] }, "properties": { "name": "École primaire de Neubourg", "amenity": "school" } }, { "type": "Feature", "geometry": { "type": "Point", "coordinates": [ 7.768375665, 48.799671893 ] }, "properties": { "name": "Lycée des Métiers Heinrich-Nessel", "amenity": "school" } }, { "type": "Feature", "geometry": { "type": "Point", "coordinates": [ -0.2438164, 44.9373686 ] }, "properties": { "name": "École élémentaire des Charruauds", "amenity": "school" } }, { "type": "Feature", "geometry": { "type": "Point", "coordinates": [ -0.7482286, 45.2007774 ] }, "properties": { "name": "École maternelle Montauroy", "amenity": "school" } }, { "type": "Feature", "geometry": { "type": "Point", "coordinates": [ -0.6826533, 45.039114 ] }, "properties": { "name": "École primaire", "amenity": "school" } }, { "type": "Feature", "geometry": { "type": "Point", "coordinates": [ 7.1338651, 48.8708113 ] }, "properties": { "name": "École primaire", "amenity": "school" } }, { "type": "Feature", "geometry": { "type": "Point", "coordinates": [ -0.602146052, 44.803662414 ] }, "properties": { "name": "École Nationale Supérieure d'Arts et Métiers", "amenity": "university" } }, { "type": "Feature", "geometry": { "type": "Point", "coordinates": [ -0.622713605, 44.798952266 ] }, "properties": { "name": "Collège Gérard Philipe", "amenity": "school" } }, { "type": "Feature", "geometry": { "type": "Point", "coordinates": [ 7.780663761, 48.697443929 ] }, "properties": { "name": "École maternelle Les Courlis", "amenity": "school" } }, { "type": "Feature", "geometry": { "type": "Point", "coordinates": [ -0.533987087, 44.844406437 ] }, "properties": { "name": "École maternelle Léon Gambetta", "amenity": "school" } }, { "type": "Feature", "geometry": { "type": "Point", "coordinates": [ -0.587040877, 44.844469347 ] }, "properties": { "name": "Crèche Albert Barraud", "amenity": "kindergarten" } }, { "type": "Feature", "geometry": { "type": "Point", "coordinates": [ 7.639622, 48.9556235 ] }, "properties": { "name": "École maternelle Montrouge", "amenity": "school" } }, { "type": "Feature", "geometry": { "type": "Point", "coordinates": [ 7.4867216, 48.5903192 ] }, "properties": { "name": "École Élémentaire Publique", "amenity": "school" } }, { "type": "Feature", "geometry": { "type": "Point", "coordinates": [ 7.447521617, 48.425556799 ] }, "properties": { "name": "Groupe scolaire Les Hirondelles", "amenity": "school" } }, { "type": "Feature", "geometry": { "type": "Point", "coordinates": [ 7.5663897, 48.561578 ] }, "properties": { "name": "Périscolaire", "amenity": "kindergarten" } }, { "type": "Feature", "geometry": { "type": "Point", "coordinates": [ -0.533327124, 44.838150367 ] }, "properties": { "name": "Collège Nelson Mandela", "amenity": "school" } }, { "type": "Feature", "geometry": { "type": "Point", "coordinates": [ 7.1061604, 48.3478179 ] }, "properties": { "name": "École primaire interconfessionnelle", "amenity": "school" } }, { "type": "Feature", "geometry": { "type": "Point", "coordinates": [ -0.574778371, 44.836496206 ] }, "properties": { "name": "École élémentaire Paul Bert", "amenity": "school" } }, { "type": "Feature", "geometry": { "type": "Point", "coordinates": [ -0.064389842, 44.814534308 ] }, "properties": { "name": "École élémentaire", "amenity": "school" } }, { "type": "Feature", "geometry": { "type": "Point", "coordinates": [ 7.853237945, 48.673366506 ] }, "properties": { "name": "École Élémentaire Louise Weiss", "amenity": "school" } }, { "type": "Feature", "geometry": { "type": "Point", "coordinates": [ 7.496176407, 48.460469956 ] }, "properties": { "name": "École primaire Auguste Renoir", "amenity": "school" } }, { "type": "Feature", "geometry": { "type": "Point", "coordinates": [ 7.425769282, 48.285883145 ] }, "properties": { "name": "École maternelle", "amenity": "school" } }, { "type": "Feature", "geometry": { "type": "Point", "coordinates": [ -0.7044634, 44.7927126 ] }, "properties": { "name": "École élémentaire Magonty", "amenity": "school" } }, { "type": "Feature", "geometry": { "type": "Point", "coordinates": [ -0.231466722, 44.692953583 ] }, "properties": { "name": "École élémentaire", "amenity": "school" } }, { "type": "Feature", "geometry": { "type": "Point", "coordinates": [ 7.356121794, 48.747900855 ] }, "properties": { "name": "École maternelle Bouc d'Or", "amenity": "school" } }, { "type": "Feature", "geometry": { "type": "Point", "coordinates": [ 7.7564618, 48.5710488 ] }, "properties": { "name": "Les crèches de Tilio - Les Tilionceaux", "amenity": "kindergarten" } }, { "type": "Feature", "geometry": { "type": "Point", "coordinates": [ -0.8538266, 44.6922675 ] }, "properties": { "name": "École élementaire Maurice Fognet", "amenity": "school" } }, { "type": "Feature", "geometry": { "type": "Point", "coordinates": [ 7.707189386, 48.60587785 ] }, "properties": { "name": "Lycée professionnel privé Charles de Foucauld", "amenity": "school" } }, { "type": "Feature", "geometry": { "type": "Point", "coordinates": [ -0.576119867, 44.796770225 ] }, "properties": { "name": "Crèche municipale Le Carrousel", "amenity": "kindergarten" } }, { "type": "Feature", "geometry": { "type": "Point", "coordinates": [ 7.1792109, 48.8849186 ] }, "properties": { "name": "École primaire", "amenity": "school" } }, { "type": "Feature", "geometry": { "type": "Point", "coordinates": [ -0.5841187, 44.8240625 ] }, "properties": { "name": "École primaire privée Cours Albert Le Grand", "amenity": "school" } }, { "type": "Feature", "geometry": { "type": "Point", "coordinates": [ -1.028632081, 44.623851138 ] }, "properties": { "name": "Collège Val des Pins", "amenity": "school" } }, { "type": "Feature", "geometry": { "type": "Point", "coordinates": [ -0.567473374, 44.807969591 ] }, "properties": { "name": "Collège Marcelin Berthelot", "amenity": "school" } }, { "type": "Feature", "geometry": { "type": "Point", "coordinates": [ 7.191466329, 48.86886541 ] }, "properties": { "name": "École primaire", "amenity": "school" } }, { "type": "Feature", "geometry": { "type": "Point", "coordinates": [ 7.7422712, 48.5841246 ] }, "properties": { "name": "Collège Ostéopathique Strasbourg Europe", "amenity": "college" } }, { "type": "Feature", "geometry": { "type": "Point", "coordinates": [ 7.7348529, 48.5773392 ] }, "properties": { "name": "EPITA - Campus Strasbourg", "amenity": "college" } }, { "type": "Feature", "geometry": { "type": "Point", "coordinates": [ -0.590393883, 44.845565959 ] }, "properties": { "name": "Lycée Camille Jullian", "amenity": "school" } }, { "type": "Feature", "geometry": { "type": "Point", "coordinates": [ -0.568541692, 44.881038014 ] }, "properties": { "name": "Collège de Bordeaux Lac", "amenity": "school" } }, { "type": "Feature", "geometry": { "type": "Point", "coordinates": [ -0.256936148, 44.546951523 ] }, "properties": { "name": "Lycée Jean Moulin", "amenity": "school" } }, { "type": "Feature", "geometry": { "type": "Point", "coordinates": [ 7.501790366, 48.536227121 ] }, "properties": { "name": "Lycée Louis Marchall", "amenity": "school" } }, { "type": "Feature", "geometry": { "type": "Point", "coordinates": [ 7.1954347, 48.8650707 ] }, "properties": { "name": "École maternelle", "amenity": "school" } }, { "type": "Feature", "geometry": { "type": "Point", "coordinates": [ 7.0632278, 48.8226932 ] }, "properties": { "name": "École primaire", "amenity": "school" } }, { "type": "Feature", "geometry": { "type": "Point", "coordinates": [ -0.597003835, 44.828598037 ] }, "properties": { "name": "École maternelle Albert Thomas", "amenity": "school" } }, { "type": "Feature", "geometry": { "type": "Point", "coordinates": [ 7.687840083, 48.55345348 ] }, "properties": { "name": "École Maternelle des Mésanges", "amenity": "school" } }, { "type": "Feature", "geometry": { "type": "Point", "coordinates": [ 7.566845126, 48.290342684 ] }, "properties": { "name": "École élémentaire d'Hilsenheim", "amenity": "school" } }, { "type": "Feature", "geometry": { "type": "Point", "coordinates": [ 7.671015361, 48.447845202 ] }, "properties": { "name": "École élémentaire de Nordhouse", "amenity": "school" } }, { "type": "Feature", "geometry": { "type": "Point", "coordinates": [ -0.657326847, 44.852368493 ] }, "properties": { "name": "École Maternelle André Cabiran", "amenity": "school" } }, { "type": "Feature", "geometry": { "type": "Point", "coordinates": [ 7.753488703, 48.589670111 ] }, "properties": { "name": "Centre de Formation d'Apprentis Jean Geiler de Kaysersberg", "amenity": "school" } }, { "type": "Feature", "geometry": { "type": "Point", "coordinates": [ 7.696265101, 48.599311833 ] }, "properties": { "name": "Collège François Truffaut", "amenity": "school" } }, { "type": "Feature", "geometry": { "type": "Point", "coordinates": [ 7.7859323, 48.8149803 ] }, "properties": { "name": "École maternelle de la Moder", "amenity": "school" } }, { "type": "Feature", "geometry": { "type": "Point", "coordinates": [ -0.530947508, 44.683296826 ] }, "properties": { "name": "École élémentaire Jean Cazauvieilh", "amenity": "school" } }, { "type": "Feature", "geometry": { "type": "Point", "coordinates": [ -0.567671832, 44.855724915 ] }, "properties": { "name": "École maternelle Stendhal", "amenity": "school" } }, { "type": "Feature", "geometry": { "type": "Point", "coordinates": [ -0.61563898, 44.851857493 ] }, "properties": { "name": "École élémentaire Paul Lapie", "amenity": "school" } }, { "type": "Feature", "geometry": { "type": "Point", "coordinates": [ 7.478354178, 48.824668179 ] }, "properties": { "name": "École primaire Marguerite Thiebold", "amenity": "school" } }, { "type": "Feature", "geometry": { "type": "Point", "coordinates": [ 7.436355731, 48.324346472 ] }, "properties": { "name": "Collège du Bernstein", "amenity": "school" } }, { "type": "Feature", "geometry": { "type": "Point", "coordinates": [ 7.679206297, 48.489319337 ] }, "properties": { "name": "École primaire Marie Hart", "amenity": "school" } }, { "type": "Feature", "geometry": { "type": "Point", "coordinates": [ 7.765609444, 48.597068351 ] }, "properties": { "name": "École Maternelle du Wacken", "amenity": "school" } }, { "type": "Feature", "geometry": { "type": "Point", "coordinates": [ 7.686638495, 48.579253994 ] }, "properties": { "name": "École Élémentaire les Tilleuls", "amenity": "school" } }, { "type": "Feature", "geometry": { "type": "Point", "coordinates": [ -0.713038666, 44.906037123 ] }, "properties": { "name": "Lycée Sud-Médoc", "amenity": "school" } }, { "type": "Feature", "geometry": { "type": "Point", "coordinates": [ 7.623334471, 48.427824623 ] }, "properties": { "name": "École primaire Serge JUNG", "amenity": "school" } }, { "type": "Feature", "geometry": { "type": "Point", "coordinates": [ 7.254493, 48.8917844 ] }, "properties": { "name": "École primaire", "amenity": "school" } }, { "type": "Feature", "geometry": { "type": "Point", "coordinates": [ -0.52882548, 44.827746997 ] }, "properties": { "name": "Groupe scolaire Danièle Mitterrand", "amenity": "school" } }, { "type": "Feature", "geometry": { "type": "Point", "coordinates": [ -1.09482389, 44.871591501 ] }, "properties": { "name": "Garderie scolaire - la Pimpa", "amenity": "kindergarten" } }, { "type": "Feature", "geometry": { "type": "Point", "coordinates": [ -0.670800038, 44.81225464 ] }, "properties": { "name": "Groupe Scolaire Jacques Cartier", "amenity": "school" } }, { "type": "Feature", "geometry": { "type": "Point", "coordinates": [ -0.491383098, 44.926438424 ] }, "properties": { "name": "Pôle éducatif Rosa Bonheur", "amenity": "school" } }, { "type": "Feature", "geometry": { "type": "Point", "coordinates": [ -0.5727483, 44.8282364 ] }, "properties": { "name": "École primaire privée Le Mirail", "amenity": "school" } }, { "type": "Feature", "geometry": { "type": "Point", "coordinates": [ -0.160018287, 44.739402754 ] }, "properties": { "name": "École primaire", "amenity": "school" } }, { "type": "Feature", "geometry": { "type": "Point", "coordinates": [ -0.596658, 44.8403274 ] }, "properties": { "name": "Bordeaux International School", "amenity": "school" } }, { "type": "Feature", "geometry": { "type": "Point", "coordinates": [ -0.250551673, 44.549535848 ] }, "properties": { "name": "École élémentaire Antoine de Saint-Exupéry", "amenity": "school" } }, { "type": "Feature", "geometry": { "type": "Point", "coordinates": [ 7.6268438, 48.9077436 ] }, "properties": { "name": "École maternelle", "amenity": "school" } }, { "type": "Feature", "geometry": { "type": "Point", "coordinates": [ -0.6030922, 44.7790976 ] }, "properties": { "name": "École élémentaire Saint-Gery", "amenity": "school" } }, { "type": "Feature", "geometry": { "type": "Point", "coordinates": [ -0.443718506, 45.111458747 ] }, "properties": { "name": "École primaire Paulette Fricain", "amenity": "school" } }, { "type": "Feature", "geometry": { "type": "Point", "coordinates": [ -0.97548869, 44.642888032 ] }, "properties": { "name": "École maternelle Marcel Pagnol", "amenity": "school" } }, { "type": "Feature", "geometry": { "type": "Point", "coordinates": [ -0.5531169, 44.8431338 ] }, "properties": { "name": "Collège Sainte-Marie Bastide", "amenity": "school" } }, { "type": "Feature", "geometry": { "type": "Point", "coordinates": [ -0.5551052, 44.8181349 ] }, "properties": { "name": "JUNIA Bordeaux", "amenity": "school" } }, { "type": "Feature", "geometry": { "type": "Point", "coordinates": [ -0.54563, 44.8714927 ] }, "properties": { "name": "Compagnie Crazy R", "amenity": "school" } }, { "type": "Feature", "geometry": { "type": "Point", "coordinates": [ 7.774348725, 48.582865032 ] }, "properties": { "name": "Pôle Européen de Gestion et d'Economie", "amenity": "university" } }, { "type": "Feature", "geometry": { "type": "Point", "coordinates": [ -0.516441773, 44.861760292 ] }, "properties": { "name": "École maternelle Jean Jaurès", "amenity": "school" } }, { "type": "Feature", "geometry": { "type": "Point", "coordinates": [ 7.701565691, 48.595470936 ] }, "properties": { "name": "Groupe Scolaire Catherine", "amenity": "school" } }, { "type": "Feature", "geometry": { "type": "Point", "coordinates": [ -0.611339911, 45.292309908 ] }, "properties": { "name": "École Primaire Privée Jeanne d'Arc", "amenity": "school" } }, { "type": "Feature", "geometry": { "type": "Point", "coordinates": [ 7.948400988, 48.923006503 ] }, "properties": { "name": "École maternelle", "amenity": "school" } }, { "type": "Feature", "geometry": { "type": "Point", "coordinates": [ 7.6859239, 48.8658211 ] }, "properties": { "name": "École maternelle La Buissonnière", "amenity": "school" } }, { "type": "Feature", "geometry": { "type": "Point", "coordinates": [ -0.0447831, 44.547272201 ] }, "properties": { "name": "École élémentaire", "amenity": "school" } }, { "type": "Feature", "geometry": { "type": "Point", "coordinates": [ -0.654228737, 44.842868394 ] }, "properties": { "name": "École Maternelle Pont de Madame", "amenity": "school" } }, { "type": "Feature", "geometry": { "type": "Point", "coordinates": [ 7.6048917, 48.2484161 ] }, "properties": { "name": "École maternelle", "amenity": "school" } }, { "type": "Feature", "geometry": { "type": "Point", "coordinates": [ 7.5602858, 48.7813497 ] }, "properties": { "name": "École primaire", "amenity": "school" } }, { "type": "Feature", "geometry": { "type": "Point", "coordinates": [ -0.521103358, 44.857970003 ] }, "properties": { "name": "École maternelle Alain Fournier", "amenity": "school" } }, { "type": "Feature", "geometry": { "type": "Point", "coordinates": [ -1.061078, 45.3570335 ] }, "properties": { "name": "École primaire privée Saint-Joseph", "amenity": "school" } }, { "type": "Feature", "geometry": { "type": "Point", "coordinates": [ 0.1967701, 44.816478 ] }, "properties": { "name": "École primaire", "amenity": "school" } }, { "type": "Feature", "geometry": { "type": "Point", "coordinates": [ -0.635871764, 44.838472883 ] }, "properties": { "name": "École élémentaire d application bourran", "amenity": "school" } }, { "type": "Feature", "geometry": { "type": "Point", "coordinates": [ 7.893362772, 48.930104991 ] }, "properties": { "name": "Collège de l'Outre Forêt", "amenity": "school" } }, { "type": "Feature", "geometry": { "type": "Point", "coordinates": [ -0.6125602, 45.2932863 ] }, "properties": { "name": "Collège Jean Monnet", "amenity": "school" } }, { "type": "Feature", "geometry": { "type": "Point", "coordinates": [ -0.63817224, 44.492145548 ] }, "properties": { "name": "École primaire Nathalie Constantini", "amenity": "school" } }, { "type": "Feature", "geometry": { "type": "Point", "coordinates": [ -0.5492378, 44.8253141 ] }, "properties": { "name": "IPCEM", "amenity": "university" } }, { "type": "Feature", "geometry": { "type": "Point", "coordinates": [ -0.6480832, 44.7938329 ] }, "properties": { "name": "École maternelle Georges Leygues", "amenity": "school" } }, { "type": "Feature", "geometry": { "type": "Point", "coordinates": [ -0.7483707, 45.1941305 ] }, "properties": { "name": "Lycée général et technologique Odilon Redon", "amenity": "school" } }, { "type": "Feature", "geometry": { "type": "Point", "coordinates": [ -0.76773504, 44.605325085 ] }, "properties": { "name": "École élémentaire Michel Ballion", "amenity": "school" } }, { "type": "Feature", "geometry": { "type": "Point", "coordinates": [ -0.576167181, 44.82738041 ] }, "properties": { "name": "École maternelle Argonne", "amenity": "school" } }, { "type": "Feature", "geometry": { "type": "Point", "coordinates": [ -0.76648709, 44.606201972 ] }, "properties": { "name": "Les Lutins", "amenity": "school" } }, { "type": "Feature", "geometry": { "type": "Point", "coordinates": [ -0.580787818, 44.825184488 ] }, "properties": { "name": "Collège privé Saint-Genès", "amenity": "school" } }, { "type": "Feature", "geometry": { "type": "Point", "coordinates": [ -0.5612542, 44.8407952 ] }, "properties": { "name": "ISCOM Bordeaux", "amenity": "college" } }, { "type": "Feature", "geometry": { "type": "Point", "coordinates": [ 7.760095872, 48.581381492 ] }, "properties": { "name": "Lycée professionnel Jean-Frédéric Oberlin", "amenity": "school" } }, { "type": "Feature", "geometry": { "type": "Point", "coordinates": [ 7.791362821, 48.884777758 ] }, "properties": { "name": "Séminaire de Jeunes Walbourg", "amenity": "school" } }, { "type": "Feature", "geometry": { "type": "Point", "coordinates": [ 7.670780129, 48.584806513 ] }, "properties": { "name": "École Élémentaire Germain Muller", "amenity": "school" } }, { "type": "Feature", "geometry": { "type": "Point", "coordinates": [ 7.7094774, 48.732589 ] }, "properties": { "name": "Crèche Les petites étoiles filantes", "amenity": "kindergarten" } }, { "type": "Feature", "geometry": { "type": "Point", "coordinates": [ -0.0349874, 44.6266762 ] }, "properties": { "name": "École élémentaire", "amenity": "school" } }, { "type": "Feature", "geometry": { "type": "Point", "coordinates": [ -0.650083226, 44.842683985 ] }, "properties": { "name": "Collège Gisèle Halimi", "amenity": "school" } }, { "type": "Feature", "geometry": { "type": "Point", "coordinates": [ -0.650521228, 44.918094169 ] }, "properties": { "name": "AEIS", "amenity": "school" } }, { "type": "Feature", "geometry": { "type": "Point", "coordinates": [ 7.668996789, 48.590176157 ] }, "properties": { "name": "École Maternelle Maxime Alexandre", "amenity": "school" } }, { "type": "Feature", "geometry": { "type": "Point", "coordinates": [ -0.6246724, 44.9525218 ] }, "properties": { "name": "Crèches Kokoon Le Pian Medoc", "amenity": "kindergarten" } }, { "type": "Feature", "geometry": { "type": "Point", "coordinates": [ 7.761782776, 48.582291718 ] }, "properties": { "name": "Lycée polyvalent Jean Rostand", "amenity": "school" } }, { "type": "Feature", "geometry": { "type": "Point", "coordinates": [ -0.5894264, 44.8463295 ] }, "properties": { "name": "Le Monde de Jeanne", "amenity": "kindergarten" } }, { "type": "Feature", "geometry": { "type": "Point", "coordinates": [ 7.682091205, 48.522582912 ] }, "properties": { "name": "École primaire de la Gare", "amenity": "school" } }, { "type": "Feature", "geometry": { "type": "Point", "coordinates": [ 7.759324263, 48.581602579 ] }, "properties": { "name": "Haute école des arts du Rhin ? Batiment secondaire", "amenity": "college" } }, { "type": "Feature", "geometry": { "type": "Point", "coordinates": [ 7.2351554, 48.829414 ] }, "properties": { "name": "École primaire", "amenity": "school" } }, { "type": "Feature", "geometry": { "type": "Point", "coordinates": [ -0.2286794, 44.566198101 ] }, "properties": { "name": "École maternelle", "amenity": "school" } }, { "type": "Feature", "geometry": { "type": "Point", "coordinates": [ 7.53482519, 48.5496198 ] }, "properties": { "name": "École maternelle - Groupe scolaire François J'ESPERE", "amenity": "school" } }, { "type": "Feature", "geometry": { "type": "Point", "coordinates": [ -1.0617966, 45.3570658 ] }, "properties": { "name": "École primaire", "amenity": "school" } }, { "type": "Feature", "geometry": { "type": "Point", "coordinates": [ -0.9539493, 44.6496974 ] }, "properties": { "name": "Groupe scolaire du Lac Vert", "amenity": "school" } }, { "type": "Feature", "geometry": { "type": "Point", "coordinates": [ 7.456994371, 48.26342132 ] }, "properties": { "name": "Lycée Docteur-Koeberlé", "amenity": "college" } }, { "type": "Feature", "geometry": { "type": "Point", "coordinates": [ 7.483293232, 48.570811802 ] }, "properties": { "name": "École Primaire Les Pins", "amenity": "school" } }, { "type": "Feature", "geometry": { "type": "Point", "coordinates": [ -0.579990682, 44.831720956 ] }, "properties": { "name": "Lycée Général et Technologique privé Sainte-Famille - Saintonge", "amenity": "school" } }, { "type": "Feature", "geometry": { "type": "Point", "coordinates": [ 7.3509538, 48.7310626 ] }, "properties": { "name": "Section d'enseignement professionnel du Lycée du Haut-Barr", "amenity": "school" } }, { "type": "Feature", "geometry": { "type": "Point", "coordinates": [ -0.526819518, 44.885952678 ] }, "properties": { "name": "École élémentaire Paul Fort", "amenity": "school" } }, { "type": "Feature", "geometry": { "type": "Point", "coordinates": [ -0.586322199, 44.824252154 ] }, "properties": { "name": "École élementaire Jacques Prévert", "amenity": "school" } }, { "type": "Feature", "geometry": { "type": "Point", "coordinates": [ 7.7456266, 48.58897 ] }, "properties": { "name": "La Luciole", "amenity": "kindergarten" } }, { "type": "Feature", "geometry": { "type": "Point", "coordinates": [ -0.71752449, 44.839355493 ] }, "properties": { "name": "Institut Evering", "amenity": "college" } }, { "type": "Feature", "geometry": { "type": "Point", "coordinates": [ -0.7928718, 45.075700151 ] }, "properties": { "name": "École primaire", "amenity": "school" } }, { "type": "Feature", "geometry": { "type": "Point", "coordinates": [ 7.615090309, 48.852808754 ] }, "properties": { "name": "Collège du Val de Moder", "amenity": "school" } }, { "type": "Feature", "geometry": { "type": "Point", "coordinates": [ 7.687650935, 48.549826488 ] }, "properties": { "name": "Collège Galilée", "amenity": "school" } }, { "type": "Feature", "geometry": { "type": "Point", "coordinates": [ -0.574743375, 44.877633386 ] }, "properties": { "name": "École Ferrandi Paris - Campus de Bordeaux", "amenity": "college" } }, { "type": "Feature", "geometry": { "type": "Point", "coordinates": [ 7.73423706, 48.579299105 ] }, "properties": { "name": "Compagnons du Devoir", "amenity": "school" } }, { "type": "Feature", "geometry": { "type": "Point", "coordinates": [ 7.6581626, 48.9288518 ] }, "properties": { "name": "Section d'enseignement général et professionnel adapté du Collège Françoise Dolto", "amenity": "school" } }, { "type": "Feature", "geometry": { "type": "Point", "coordinates": [ 7.4961869, 48.4603862 ] }, "properties": { "name": "École Primaire Pablo Picasso", "amenity": "school" } }, { "type": "Feature", "geometry": { "type": "Point", "coordinates": [ -0.5784606, 44.8362053 ] }, "properties": { "name": "EDA Alienor", "amenity": "college" } }, { "type": "Feature", "geometry": { "type": "Point", "coordinates": [ -1.094013346, 44.735681593 ] }, "properties": { "name": "École maternelle du Bétey", "amenity": "school" } }, { "type": "Feature", "geometry": { "type": "Point", "coordinates": [ -0.5891681, 44.8511027 ] }, "properties": { "name": "Hopscotch", "amenity": "kindergarten" } }, { "type": "Feature", "geometry": { "type": "Point", "coordinates": [ -0.647837028, 44.851747131 ] }, "properties": { "name": "École maternelle Jean Jaurès", "amenity": "school" } }, { "type": "Feature", "geometry": { "type": "Point", "coordinates": [ -1.1325202, 44.7722318 ] }, "properties": { "name": "École maternelle d'Arès", "amenity": "school" } }, { "type": "Feature", "geometry": { "type": "Point", "coordinates": [ 7.48903363, 48.48677578 ] }, "properties": { "name": "Mairie de Bischoffsheim", "amenity": "school" } }, { "type": "Feature", "geometry": { "type": "Point", "coordinates": [ -0.520500692, 44.870167423 ] }, "properties": { "name": "Lycée Élie Faure", "amenity": "school" } }, { "type": "Feature", "geometry": { "type": "Point", "coordinates": [ 7.637597394, 48.469369767 ] }, "properties": { "name": "École Maternelle", "amenity": "school" } }, { "type": "Feature", "geometry": { "type": "Point", "coordinates": [ 7.780480335, 48.568636246 ] }, "properties": { "name": "Institut les Mouettes", "amenity": "school" } }, { "type": "Feature", "geometry": { "type": "Point", "coordinates": [ -0.522201578, 44.838555477 ] }, "properties": { "name": "École élementaire Léon Blum", "amenity": "school" } }, { "type": "Feature", "geometry": { "type": "Point", "coordinates": [ -0.581638, 44.8431899 ] }, "properties": { "name": "Lycée général privé Notre-Dame", "amenity": "school" } }, { "type": "Feature", "geometry": { "type": "Point", "coordinates": [ -0.567192242, 44.833337639 ] }, "properties": { "name": "École maternelle Menuts", "amenity": "school" } }, { "type": "Feature", "geometry": { "type": "Point", "coordinates": [ -0.239574287, 44.917989296 ] }, "properties": { "name": "Lycée Max Linder", "amenity": "school" } }, { "type": "Feature", "geometry": { "type": "Point", "coordinates": [ -0.5723876, 44.8515015 ] }, "properties": { "name": "École paroissiale des Chartrons", "amenity": "school" } }, { "type": "Feature", "geometry": { "type": "Point", "coordinates": [ 7.749225742, 48.567849739 ] }, "properties": { "name": "École du Schluthfeld", "amenity": "school" } }, { "type": "Feature", "geometry": { "type": "Point", "coordinates": [ -0.492621102, 44.785738463 ] }, "properties": { "name": "École maternelle Alphonse Dupeux", "amenity": "school" } }, { "type": "Feature", "geometry": { "type": "Point", "coordinates": [ 7.762778846, 48.580444824 ] }, "properties": { "name": "Institut de Recherches Mathématiques Avancées", "amenity": "university" } }, { "type": "Feature", "geometry": { "type": "Point", "coordinates": [ 7.769483331, 48.568872707 ] }, "properties": { "name": "École Élémentaire de la Musau", "amenity": "school" } }, { "type": "Feature", "geometry": { "type": "Point", "coordinates": [ -0.570583981, 44.863837194 ] }, "properties": { "name": "École primaire Sousa Mendes", "amenity": "school" } }, { "type": "Feature", "geometry": { "type": "Point", "coordinates": [ 7.718605732, 48.563500021 ] }, "properties": { "name": "École maternelle Martin Schongauer", "amenity": "school" } }, { "type": "Feature", "geometry": { "type": "Point", "coordinates": [ 7.697010772, 48.562706389 ] }, "properties": { "name": "Groupe Scolaire Erckmann Chatrian", "amenity": "school" } }, { "type": "Feature", "geometry": { "type": "Point", "coordinates": [ -0.622936587, 44.86416487 ] }, "properties": { "name": "École élémentaire spécialisée privée Saint-Ferdinand", "amenity": "school" } }, { "type": "Feature", "geometry": { "type": "Point", "coordinates": [ -0.576834623, 44.836853085 ] }, "properties": { "name": "École primaire privée Institution Sévigné", "amenity": "school" } }, { "type": "Feature", "geometry": { "type": "Point", "coordinates": [ -0.569731152, 44.824433778 ] }, "properties": { "name": "École maternelle Yser", "amenity": "school" } }, { "type": "Feature", "geometry": { "type": "Point", "coordinates": [ 7.7497281, 48.603579 ] }, "properties": { "name": "People & Baby", "amenity": "kindergarten" } }, { "type": "Feature", "geometry": { "type": "Point", "coordinates": [ -0.464830874, 44.847765197 ] }, "properties": { "name": "École élémentaire", "amenity": "school" } }, { "type": "Feature", "geometry": { "type": "Point", "coordinates": [ 7.488185635, 48.623510211 ] }, "properties": { "name": "École élémentaire interconfessionnelle Pierre Pflimlin", "amenity": "school" } }, { "type": "Feature", "geometry": { "type": "Point", "coordinates": [ -0.937267159, 45.307044583 ] }, "properties": { "name": "École-Collège Notre-Dame", "amenity": "school" } }, { "type": "Feature", "geometry": { "type": "Point", "coordinates": [ 7.571196756, 48.532215926 ] }, "properties": { "name": "Collège Nicolas Copernic", "amenity": "school" } }, { "type": "Feature", "geometry": { "type": "Point", "coordinates": [ 7.348444301, 48.321151514 ] }, "properties": { "name": "École primaire catholique", "amenity": "school" } }, { "type": "Feature", "geometry": { "type": "Point", "coordinates": [ 7.746224096, 48.548306964 ] }, "properties": { "name": "Collège Lezay-Marnésia", "amenity": "school" } }, { "type": "Feature", "geometry": { "type": "Point", "coordinates": [ -0.5572791, 44.8126698 ] }, "properties": { "name": "Ernestine", "amenity": "kindergarten" } }, { "type": "Feature", "geometry": { "type": "Point", "coordinates": [ -0.504141, 44.8179245 ] }, "properties": { "name": "École maternelle", "amenity": "school" } }, { "type": "Feature", "geometry": { "type": "Point", "coordinates": [ -0.628550109, 44.888505005 ] }, "properties": { "name": "Lycée Professionnel Charles Peguy", "amenity": "school" } }, { "type": "Feature", "geometry": { "type": "Point", "coordinates": [ 7.265881, 48.8324521 ] }, "properties": { "name": "École primaire", "amenity": "school" } }, { "type": "Feature", "geometry": { "type": "Point", "coordinates": [ -0.571965037, 44.833718676 ] }, "properties": { "name": "Lycée Michel Montaigne", "amenity": "school" } }, { "type": "Feature", "geometry": { "type": "Point", "coordinates": [ 7.8182314, 48.7813704 ] }, "properties": { "name": "École primaire Hameau de Marienthal", "amenity": "school" } }, { "type": "Feature", "geometry": { "type": "Point", "coordinates": [ 7.774787278, 48.562326322 ] }, "properties": { "name": "École maternelle Albert Le Grand", "amenity": "school" } }, { "type": "Feature", "geometry": { "type": "Point", "coordinates": [ -0.395377325, 45.041615803 ] }, "properties": { "name": "École primaire", "amenity": "school" } }, { "type": "Feature", "geometry": { "type": "Point", "coordinates": [ -0.4035317, 44.76308 ] }, "properties": { "name": "École Élémentaire", "amenity": "school" } }, { "type": "Feature", "geometry": { "type": "Point", "coordinates": [ -0.4943751, 44.7828933 ] }, "properties": { "name": "Groupe Institut de Soudure", "amenity": "college" } }, { "type": "Feature", "geometry": { "type": "Point", "coordinates": [ 7.7976006, 48.8067921 ] }, "properties": { "name": "École maternelle Bildstoeckel", "amenity": "school" } }, { "type": "Feature", "geometry": { "type": "Point", "coordinates": [ 7.7229053, 48.9419979 ] }, "properties": { "name": "École primaire", "amenity": "school" } }, { "type": "Feature", "geometry": { "type": "Point", "coordinates": [ -0.688150865, 44.759317999 ] }, "properties": { "name": "Collège Cantelande", "amenity": "school" } }, { "type": "Feature", "geometry": { "type": "Point", "coordinates": [ -0.5654161, 44.8692488 ] }, "properties": { "name": "Wild Code School", "amenity": "college" } }, { "type": "Feature", "geometry": { "type": "Point", "coordinates": [ 7.351273625, 48.730595027 ] }, "properties": { "name": "Lycée du Haut-Barr", "amenity": "school" } }, { "type": "Feature", "geometry": { "type": "Point", "coordinates": [ 7.7125913, 48.60981 ] }, "properties": { "name": "Exchange College", "amenity": "college" } }, { "type": "Feature", "geometry": { "type": "Point", "coordinates": [ 7.462420026, 48.45103589 ] }, "properties": { "name": "École primaire de Bernardswiller", "amenity": "school" } }, { "type": "Feature", "geometry": { "type": "Point", "coordinates": [ 7.7408163, 48.7718767 ] }, "properties": { "name": "École maternelle", "amenity": "school" } }, { "type": "Feature", "geometry": { "type": "Point", "coordinates": [ -0.574652049, 44.801711503 ] }, "properties": { "name": "École Maternelle le Béquet", "amenity": "school" } }, { "type": "Feature", "geometry": { "type": "Point", "coordinates": [ 7.437953021, 48.261952567 ] }, "properties": { "name": "École maternelle Camille Claus", "amenity": "school" } }, { "type": "Feature", "geometry": { "type": "Point", "coordinates": [ 7.75021471, 48.610482228 ] }, "properties": { "name": "École maternelle Léo Delibes", "amenity": "school" } }, { "type": "Feature", "geometry": { "type": "Point", "coordinates": [ 7.746510619, 48.57833713 ] }, "properties": { "name": "Section professionnelle du lycée Cassin", "amenity": "school" } }, { "type": "Feature", "geometry": { "type": "Point", "coordinates": [ 7.78290738, 48.590779537 ] }, "properties": { "name": "Laboratoire ICube", "amenity": "university" } }, { "type": "Feature", "geometry": { "type": "Point", "coordinates": [ -0.565997114, 44.810014598 ] }, "properties": { "name": "École maternelle La Ferrade", "amenity": "school" } }, { "type": "Feature", "geometry": { "type": "Point", "coordinates": [ -0.580996162, 44.824248891 ] }, "properties": { "name": "Lycée général privé Saint-Genès", "amenity": "school" } }, { "type": "Feature", "geometry": { "type": "Point", "coordinates": [ 7.450315389, 48.256136683 ] }, "properties": { "name": "École maternelle Pestalozzi", "amenity": "school" } }, { "type": "Feature", "geometry": { "type": "Point", "coordinates": [ -0.5719583, 45.224259 ] }, "properties": { "name": "École Le Tilleul Argenté", "amenity": "school" } }, { "type": "Feature", "geometry": { "type": "Point", "coordinates": [ 7.771658268, 48.580186518 ] }, "properties": { "name": "École Primaire Internationale Robert Schuman", "amenity": "school" } }, { "type": "Feature", "geometry": { "type": "Point", "coordinates": [ 7.2885443, 48.5214343 ] }, "properties": { "name": "École maternelle", "amenity": "school" } }, { "type": "Feature", "geometry": { "type": "Point", "coordinates": [ -0.491140399, 44.43121887 ] }, "properties": { "name": "École élémentaire", "amenity": "school" } }, { "type": "Feature", "geometry": { "type": "Point", "coordinates": [ 7.449964542, 48.262207219 ] }, "properties": { "name": "Lycée Professionel Économique Schweisguth", "amenity": "school" } }, { "type": "Feature", "geometry": { "type": "Point", "coordinates": [ -0.5079463, 44.6408244 ] }, "properties": { "name": "Ani'Malice", "amenity": "school" } }, { "type": "Feature", "geometry": { "type": "Point", "coordinates": [ -0.546405079, 44.808706299 ] }, "properties": { "name": "École maternelle Paul Vaillant Couturier", "amenity": "school" } }, { "type": "Feature", "geometry": { "type": "Point", "coordinates": [ 7.651570318, 48.422871835 ] }, "properties": { "name": "Lycée Marguerite Yourcenar", "amenity": "school" } }, { "type": "Feature", "geometry": { "type": "Point", "coordinates": [ 7.654397, 48.9067817 ] }, "properties": { "name": "École primaire de la Breitmatt", "amenity": "school" } }, { "type": "Feature", "geometry": { "type": "Point", "coordinates": [ 7.7830525, 48.8038979 ] }, "properties": { "name": "Collège Kléber", "amenity": "school" } }, { "type": "Feature", "geometry": { "type": "Point", "coordinates": [ -0.8681803, 44.548112501 ] }, "properties": { "name": "École maternelle Rive Droite", "amenity": "school" } }, { "type": "Feature", "geometry": { "type": "Point", "coordinates": [ -0.621321047, 44.760276642 ] }, "properties": { "name": "Lycée Général des Graves", "amenity": "school" } }, { "type": "Feature", "geometry": { "type": "Point", "coordinates": [ -0.448494922, 44.989796917 ] }, "properties": { "name": "Collège Sainte-Marie", "amenity": "school" } }, { "type": "Feature", "geometry": { "type": "Point", "coordinates": [ 7.15837, 48.8816329 ] }, "properties": { "name": "École élémentaire", "amenity": "school" } }, { "type": "Feature", "geometry": { "type": "Point", "coordinates": [ 7.7526899, 48.5793572 ] }, "properties": { "name": "École Primaire Saint-Étienne", "amenity": "school" } }, { "type": "Feature", "geometry": { "type": "Point", "coordinates": [ 7.57862827, 48.359433836 ] }, "properties": { "name": "École maternelle de Huttenheim", "amenity": "school" } }, { "type": "Feature", "geometry": { "type": "Point", "coordinates": [ -0.5662241, 44.8541206 ] }, "properties": { "name": "CESACOM", "amenity": "college" } }, { "type": "Feature", "geometry": { "type": "Point", "coordinates": [ 7.775666124, 48.583071501 ] }, "properties": { "name": "Maison de l'ingénieur", "amenity": "university" } }, { "type": "Feature", "geometry": { "type": "Point", "coordinates": [ 7.484857615, 48.706609338 ] }, "properties": { "name": "École primaire catholique", "amenity": "school" } }, { "type": "Feature", "geometry": { "type": "Point", "coordinates": [ 7.837193476, 48.79166168 ] }, "properties": { "name": "École maternelle de Kaltenhouse", "amenity": "school" } }, { "type": "Feature", "geometry": { "type": "Point", "coordinates": [ -0.383974267, 44.978136742 ] }, "properties": { "name": "École maternelle Yves-et-Denise Delaporte", "amenity": "school" } }, { "type": "Feature", "geometry": { "type": "Point", "coordinates": [ 7.6609817, 48.5866699 ] }, "properties": { "name": "Cocci'bulles", "amenity": "kindergarten" } }, { "type": "Feature", "geometry": { "type": "Point", "coordinates": [ -0.648656966, 44.788550887 ] }, "properties": { "name": "Afpa Centre de Bordeaux Pessac", "amenity": "college" } }, { "type": "Feature", "geometry": { "type": "Point", "coordinates": [ 7.905853996, 48.802479814 ] }, "properties": { "name": "École primaire de Schirrhein-Schirrhoffen", "amenity": "school" } }, { "type": "Feature", "geometry": { "type": "Point", "coordinates": [ 7.753770996, 48.545047282 ] }, "properties": { "name": "École Maternelle et Élémentaire Jean Fischart", "amenity": "school" } }, { "type": "Feature", "geometry": { "type": "Point", "coordinates": [ 7.540129635, 48.909670067 ] }, "properties": { "name": "École primaire", "amenity": "school" } }, { "type": "Feature", "geometry": { "type": "Point", "coordinates": [ -0.648650188, 44.793957363 ] }, "properties": { "name": "Groupe scolaire Georges Leygues (extension)", "amenity": "school" } }, { "type": "Feature", "geometry": { "type": "Point", "coordinates": [ -0.979542253, 45.360234453 ] }, "properties": { "name": "École primaire", "amenity": "school" } }, { "type": "Feature", "geometry": { "type": "Point", "coordinates": [ 7.7581812, 48.5652925 ] }, "properties": { "name": "Croc?Odile", "amenity": "kindergarten" } }, { "type": "Feature", "geometry": { "type": "Point", "coordinates": [ 7.5562287, 48.8084788 ] }, "properties": { "name": "École primaire", "amenity": "school" } }, { "type": "Feature", "geometry": { "type": "Point", "coordinates": [ -0.558299523, 44.798131621 ] }, "properties": { "name": "École maternelle Ferdinand Buisson", "amenity": "school" } }, { "type": "Feature", "geometry": { "type": "Point", "coordinates": [ -0.607788123, 44.834994682 ] }, "properties": { "name": "École primaire Sainte-Monique", "amenity": "school" } }, { "type": "Feature", "geometry": { "type": "Point", "coordinates": [ 7.766446, 48.589798 ] }, "properties": { "name": "Notre-Dame de Sion", "amenity": "school" } }, { "type": "Feature", "geometry": { "type": "Point", "coordinates": [ -0.0377375, 44.583555001 ] }, "properties": { "name": "Groupe scolaire de La Réole", "amenity": "school" } }, { "type": "Feature", "geometry": { "type": "Point", "coordinates": [ 7.741296674, 48.526464166 ] }, "properties": { "name": "Institut de Génétique et de Biologie Moléculaire et Cellulaire", "amenity": "university" } }, { "type": "Feature", "geometry": { "type": "Point", "coordinates": [ -0.575835, 44.855126 ] }, "properties": { "name": "e-artsup Bordeaux", "amenity": "college" } }, { "type": "Feature", "geometry": { "type": "Point", "coordinates": [ -0.285740061, 44.883539788 ] }, "properties": { "name": "Collège Jean Auriac", "amenity": "school" } }, { "type": "Feature", "geometry": { "type": "Point", "coordinates": [ 7.780156939, 48.58468057 ] }, "properties": { "name": "École maternelle Conseil des XV", "amenity": "school" } }, { "type": "Feature", "geometry": { "type": "Point", "coordinates": [ 7.7989619, 48.6313592 ] }, "properties": { "name": "Etablissement Educatif et Pédagogique \"Château d'Angleterre\"", "amenity": "school" } }, { "type": "Feature", "geometry": { "type": "Point", "coordinates": [ -0.654782402, 44.838768928 ] }, "properties": { "name": "École primaire Parc du Château", "amenity": "school" } }, { "type": "Feature", "geometry": { "type": "Point", "coordinates": [ -0.6026057, 44.8673153 ] }, "properties": { "name": "Les Mosaïques", "amenity": "kindergarten" } }, { "type": "Feature", "geometry": { "type": "Point", "coordinates": [ -0.651181436, 44.830032391 ] }, "properties": { "name": "École maternelle Fontaine des Eyquems", "amenity": "school" } }, { "type": "Feature", "geometry": { "type": "Point", "coordinates": [ -0.5476498, 45.094112 ] }, "properties": { "name": "École primaire", "amenity": "school" } }, { "type": "Feature", "geometry": { "type": "Point", "coordinates": [ -0.444753495, 45.139443089 ] }, "properties": { "name": "École primaire", "amenity": "school" } }, { "type": "Feature", "geometry": { "type": "Point", "coordinates": [ -0.2431538, 44.9034575 ] }, "properties": { "name": "Section d'enseignement général et technologique du Lycée professionnel J. Monnet", "amenity": "school" } }, { "type": "Feature", "geometry": { "type": "Point", "coordinates": [ 7.745156251, 48.630559659 ] }, "properties": { "name": "École Maternelle Les Coquelicots", "amenity": "school" } }, { "type": "Feature", "geometry": { "type": "Point", "coordinates": [ 7.3374538, 48.9332725 ] }, "properties": { "name": "École primaire du Kaltenbach", "amenity": "school" } }, { "type": "Feature", "geometry": { "type": "Point", "coordinates": [ -0.606557275, 44.782583399 ] }, "properties": { "name": "École maternelle Les Tourelles", "amenity": "school" } }, { "type": "Feature", "geometry": { "type": "Point", "coordinates": [ -0.0560171, 44.6252764 ] }, "properties": { "name": "École élémentaire", "amenity": "school" } }, { "type": "Feature", "geometry": { "type": "Point", "coordinates": [ -0.65528038, 45.028474245 ] }, "properties": { "name": "Micro-crèche Picoti", "amenity": "kindergarten" } }, { "type": "Feature", "geometry": { "type": "Point", "coordinates": [ -0.647812, 45.104914 ] }, "properties": { "name": "École primaire", "amenity": "school" } }, { "type": "Feature", "geometry": { "type": "Point", "coordinates": [ -0.1450053, 44.495352201 ] }, "properties": { "name": "École primaire", "amenity": "school" } }, { "type": "Feature", "geometry": { "type": "Point", "coordinates": [ -0.4970111, 44.9300374 ] }, "properties": { "name": "École élémentaire Ambarés II - La Gorp", "amenity": "school" } }, { "type": "Feature", "geometry": { "type": "Point", "coordinates": [ -0.5837372, 44.7693742 ] }, "properties": { "name": "Crèche Familiale « Les Écureuils »", "amenity": "kindergarten" } }, { "type": "Feature", "geometry": { "type": "Point", "coordinates": [ -0.5890081, 44.8690609 ] }, "properties": { "name": "Relais Petite Enfance", "amenity": "kindergarten" } }, { "type": "Feature", "geometry": { "type": "Point", "coordinates": [ -0.55718003, 44.846586035 ] }, "properties": { "name": "Groupe Scolaire Billie-Holiday", "amenity": "school" } }, { "type": "Feature", "geometry": { "type": "Point", "coordinates": [ 7.637396851, 48.532752362 ] }, "properties": { "name": "École élementaire", "amenity": "school" } }, { "type": "Feature", "geometry": { "type": "Point", "coordinates": [ 7.6725655, 48.6966284 ] }, "properties": { "name": "École primaire protestante", "amenity": "school" } }, { "type": "Feature", "geometry": { "type": "Point", "coordinates": [ 7.721290251, 48.602268826 ] }, "properties": { "name": "Groupe Scolaire Charles Adolphe Wurtz", "amenity": "school" } }, { "type": "Feature", "geometry": { "type": "Point", "coordinates": [ 7.6521652, 48.8284344 ] }, "properties": { "name": "École maternelle", "amenity": "school" } }, { "type": "Feature", "geometry": { "type": "Point", "coordinates": [ -0.536744353, 44.855928607 ] }, "properties": { "name": "École élémentaire Jules Guesde", "amenity": "school" } }, { "type": "Feature", "geometry": { "type": "Point", "coordinates": [ 7.764816325, 48.582926794 ] }, "properties": { "name": "Musée Zoologique", "amenity": "university" } }, { "type": "Feature", "geometry": { "type": "Point", "coordinates": [ -0.516617458, 44.874431562 ] }, "properties": { "name": "Collège Michel Montaigne", "amenity": "school" } }, { "type": "Feature", "geometry": { "type": "Point", "coordinates": [ 7.7399448, 48.8905894 ] }, "properties": { "name": "École maternelle publique", "amenity": "school" } }, { "type": "Feature", "geometry": { "type": "Point", "coordinates": [ -1.1525347, 44.538800101 ] }, "properties": { "name": "École primaire Lafont", "amenity": "school" } }, { "type": "Feature", "geometry": { "type": "Point", "coordinates": [ 7.455994519, 48.258988066 ] }, "properties": { "name": "École élémentaire Sainte-Foy", "amenity": "school" } }, { "type": "Feature", "geometry": { "type": "Point", "coordinates": [ -1.056781699, 45.191364098 ] }, "properties": { "name": "Collège Jules Chambrelent", "amenity": "school" } }, { "type": "Feature", "geometry": { "type": "Point", "coordinates": [ 7.697214123, 48.682922493 ] }, "properties": { "name": "École Primaire La Pépinière", "amenity": "school" } }, { "type": "Feature", "geometry": { "type": "Point", "coordinates": [ -0.621824383, 44.845289585 ] }, "properties": { "name": "AFPA - Centre de formation professionnelle des adultes de Bordeaux-Caudéran", "amenity": "college" } }, { "type": "Feature", "geometry": { "type": "Point", "coordinates": [ -0.5559543, 45.0409551 ] }, "properties": { "name": "École élémentaire", "amenity": "school" } }, { "type": "Feature", "geometry": { "type": "Point", "coordinates": [ 7.490478647, 48.534542778 ] }, "properties": { "name": "Collège Henri Meck", "amenity": "school" } }, { "type": "Feature", "geometry": { "type": "Point", "coordinates": [ -0.492322756, 44.861954224 ] }, "properties": { "name": "École maternelle du Parc", "amenity": "school" } }, { "type": "Feature", "geometry": { "type": "Point", "coordinates": [ -0.5552855, 45.0418147 ] }, "properties": { "name": "Collège Jacques Prévert", "amenity": "school" } }, { "type": "Feature", "geometry": { "type": "Point", "coordinates": [ 7.7676046, 48.8003986 ] }, "properties": { "name": "Lycée des métiers CFA-Heinrich-Nessel", "amenity": "school" } }, { "type": "Feature", "geometry": { "type": "Point", "coordinates": [ 0.214698781, 44.837565984 ] }, "properties": { "name": "Lycée Élisée Reclus", "amenity": "school" } }, { "type": "Feature", "geometry": { "type": "Point", "coordinates": [ -0.2331199, 44.9147993 ] }, "properties": { "name": "École primaire de l'Épinette", "amenity": "school" } }, { "type": "Feature", "geometry": { "type": "Point", "coordinates": [ -0.628057, 44.8237417 ] }, "properties": { "name": "Crèche Multi-Accueil \"Au Fil de l'Eau\"", "amenity": "kindergarten" } }, { "type": "Feature", "geometry": { "type": "Point", "coordinates": [ 7.773476094, 48.583096625 ] }, "properties": { "name": "Pôle Européen de Gestion et d'Economie", "amenity": "university" } }, { "type": "Feature", "geometry": { "type": "Point", "coordinates": [ 7.559645004, 48.819869668 ] }, "properties": { "name": "École primaire", "amenity": "school" } }, { "type": "Feature", "geometry": { "type": "Point", "coordinates": [ 7.2586993, 48.8053602 ] }, "properties": { "name": "École primaire", "amenity": "school" } }, { "type": "Feature", "geometry": { "type": "Point", "coordinates": [ -0.386974625, 44.794992779 ] }, "properties": { "name": "École élémentaire Théodore Monod", "amenity": "school" } }, { "type": "Feature", "geometry": { "type": "Point", "coordinates": [ -0.2186553, 44.817561 ] }, "properties": { "name": "École primaire", "amenity": "school" } }, { "type": "Feature", "geometry": { "type": "Point", "coordinates": [ 7.692497042, 48.615396219 ] }, "properties": { "name": "École primaire Jean-Daniel Roederer", "amenity": "school" } }, { "type": "Feature", "geometry": { "type": "Point", "coordinates": [ 7.7446732, 48.5598012 ] }, "properties": { "name": "Conservatoire National des Arts et Métiers Grand Est", "amenity": "college" } }, { "type": "Feature", "geometry": { "type": "Point", "coordinates": [ 7.651401549, 48.519752705 ] }, "properties": { "name": "École primaire Saint-Exupéry", "amenity": "school" } }, { "type": "Feature", "geometry": { "type": "Point", "coordinates": [ 7.913591079, 48.711362443 ] }, "properties": { "name": "École élémentaire Les Boutons d?or", "amenity": "school" } }, { "type": "Feature", "geometry": { "type": "Point", "coordinates": [ 7.857767391, 48.763341581 ] }, "properties": { "name": "Ecole primaire Fileurs", "amenity": "school" } }, { "type": "Feature", "geometry": { "type": "Point", "coordinates": [ -0.640488442, 44.875125121 ] }, "properties": { "name": "Lamothe-Lescure ITEP Saint-Vincent", "amenity": "school" } }, { "type": "Feature", "geometry": { "type": "Point", "coordinates": [ -0.472849939, 44.9023064 ] }, "properties": { "name": "Collège François Mauriac", "amenity": "school" } }, { "type": "Feature", "geometry": { "type": "Point", "coordinates": [ -0.699932, 44.7710785 ] }, "properties": { "name": "Groupe scolaire Jean Moulin", "amenity": "school" } }, { "type": "Feature", "geometry": { "type": "Point", "coordinates": [ -0.571013, 44.8316899 ] }, "properties": { "name": "Broca 2", "amenity": "university" } }, { "type": "Feature", "geometry": { "type": "Point", "coordinates": [ 7.765406463, 48.554919082 ] }, "properties": { "name": "École Maternelle des Cannoniers", "amenity": "school" } }, { "type": "Feature", "geometry": { "type": "Point", "coordinates": [ 7.7496937, 48.583724 ] }, "properties": { "name": "e-artsup Strasbourg", "amenity": "college" } }, { "type": "Feature", "geometry": { "type": "Point", "coordinates": [ 7.701409222, 48.488387893 ] }, "properties": { "name": "École primaire Germaine Muller", "amenity": "school" } }, { "type": "Feature", "geometry": { "type": "Point", "coordinates": [ -0.58899149, 44.843577403 ] }, "properties": { "name": "Collège Privé Saint-Seurin", "amenity": "school" } }, { "type": "Feature", "geometry": { "type": "Point", "coordinates": [ 7.467527787, 48.494687754 ] }, "properties": { "name": "École élémentaire du Rosenmeer", "amenity": "school" } }, { "type": "Feature", "geometry": { "type": "Point", "coordinates": [ 7.85839281, 48.765069263 ] }, "properties": { "name": "Ecole primaire des Menuisiers", "amenity": "school" } }, { "type": "Feature", "geometry": { "type": "Point", "coordinates": [ -0.609174362, 44.823820122 ] }, "properties": { "name": "Multi Accueil Carreire", "amenity": "kindergarten" } }, { "type": "Feature", "geometry": { "type": "Point", "coordinates": [ 7.752311728, 48.604066238 ] }, "properties": { "name": "Lycée professionnel Aristide Briand", "amenity": "school" } }, { "type": "Feature", "geometry": { "type": "Point", "coordinates": [ 7.593499809, 48.60560443 ] }, "properties": { "name": "École Albert Schweitzer", "amenity": "school" } }, { "type": "Feature", "geometry": { "type": "Point", "coordinates": [ 7.416444021, 48.386445798 ] }, "properties": { "name": "École Élémentaire d'ANDLAU", "amenity": "school" } }, { "type": "Feature", "geometry": { "type": "Point", "coordinates": [ -0.663213967, 44.785239403 ] }, "properties": { "name": "Crèche Chanterelle", "amenity": "kindergarten" } }, { "type": "Feature", "geometry": { "type": "Point", "coordinates": [ 7.491431193, 48.531186521 ] }, "properties": { "name": "Collège Rembrandt Bugatti", "amenity": "school" } }, { "type": "Feature", "geometry": { "type": "Point", "coordinates": [ -0.427998964, 44.910446699 ] }, "properties": { "name": "Collège Max Linder", "amenity": "school" } }, { "type": "Feature", "geometry": { "type": "Point", "coordinates": [ 7.394062666, 48.254728202 ] }, "properties": { "name": "École primaire de Kintzheim", "amenity": "school" } }, { "type": "Feature", "geometry": { "type": "Point", "coordinates": [ 7.478258962, 48.827506402 ] }, "properties": { "name": "Lycée professionnel privé Schattenmann", "amenity": "school" } }, { "type": "Feature", "geometry": { "type": "Point", "coordinates": [ -0.620629806, 44.835843654 ] }, "properties": { "name": "Groupe Scolaire La Glacière", "amenity": "school" } }, { "type": "Feature", "geometry": { "type": "Point", "coordinates": [ -0.737393806, 44.909727977 ] }, "properties": { "name": "École Jean de la Fontaine", "amenity": "school" } }, { "type": "Feature", "geometry": { "type": "Point", "coordinates": [ -0.583884814, 44.755959312 ] }, "properties": { "name": "Collège Chambéry", "amenity": "school" } }, { "type": "Feature", "geometry": { "type": "Point", "coordinates": [ -1.121410761, 45.505179587 ] }, "properties": { "name": "Collège Georges Mandel", "amenity": "school" } }, { "type": "Feature", "geometry": { "type": "Point", "coordinates": [ -0.720475899, 44.912409829 ] }, "properties": { "name": "Crèche Mes Premiers Pas", "amenity": "kindergarten" } }, { "type": "Feature", "geometry": { "type": "Point", "coordinates": [ -0.4273422, 44.7950883 ] }, "properties": { "name": "École primaire J-R Guillot", "amenity": "school" } }, { "type": "Feature", "geometry": { "type": "Point", "coordinates": [ -0.404612893, 44.722210416 ] }, "properties": { "name": "École primaire", "amenity": "school" } }, { "type": "Feature", "geometry": { "type": "Point", "coordinates": [ -0.5353626, 44.838527 ] }, "properties": { "name": "École maternelle Jean Jaurès", "amenity": "school" } }, { "type": "Feature", "geometry": { "type": "Point", "coordinates": [ -0.4363705, 44.8207227 ] }, "properties": { "name": "École primaire privée Marie Rivier", "amenity": "school" } }, { "type": "Feature", "geometry": { "type": "Point", "coordinates": [ -0.783363, 44.498578901 ] }, "properties": { "name": "École primaire Aliénor", "amenity": "school" } }, { "type": "Feature", "geometry": { "type": "Point", "coordinates": [ -0.568043535, 44.855997005 ] }, "properties": { "name": "École élémentaire Stendhal", "amenity": "school" } }, { "type": "Feature", "geometry": { "type": "Point", "coordinates": [ 7.322919, 48.4928141 ] }, "properties": { "name": "École primaire catholique", "amenity": "school" } }, { "type": "Feature", "geometry": { "type": "Point", "coordinates": [ -0.558119842, 44.842696197 ] }, "properties": { "name": "Lycée des Métiers La Ruche", "amenity": "school" } }, { "type": "Feature", "geometry": { "type": "Point", "coordinates": [ -0.5554665, 44.8157402 ] }, "properties": { "name": "École maternelle Carles Vernet", "amenity": "school" } }, { "type": "Feature", "geometry": { "type": "Point", "coordinates": [ -0.493142158, 44.785970453 ] }, "properties": { "name": "École élémentaire", "amenity": "school" } }, { "type": "Feature", "geometry": { "type": "Point", "coordinates": [ 7.0906096, 48.9376473 ] }, "properties": { "name": "Collège Pierre Claude", "amenity": "school" } }, { "type": "Feature", "geometry": { "type": "Point", "coordinates": [ 8.0992627, 48.9728469 ] }, "properties": { "name": "École primaire", "amenity": "school" } }, { "type": "Feature", "geometry": { "type": "Point", "coordinates": [ -0.5964041, 44.8312821 ] }, "properties": { "name": "École technique privée Coiffure", "amenity": "school" } }, { "type": "Feature", "geometry": { "type": "Point", "coordinates": [ 7.7484081, 48.9397104 ] }, "properties": { "name": "Bulles de jeux", "amenity": "kindergarten" } }, { "type": "Feature", "geometry": { "type": "Point", "coordinates": [ -0.3142611, 44.6387233 ] }, "properties": { "name": "École primaire privée Institution J.J. Lataste", "amenity": "school" } }, { "type": "Feature", "geometry": { "type": "Point", "coordinates": [ 7.4859034, 48.4615673 ] }, "properties": { "name": "École Primaire Freppel", "amenity": "school" } }, { "type": "Feature", "geometry": { "type": "Point", "coordinates": [ 7.762715065, 48.54816828 ] }, "properties": { "name": "Collège Solignac", "amenity": "school" } }, { "type": "Feature", "geometry": { "type": "Point", "coordinates": [ -0.550562911, 44.807157171 ] }, "properties": { "name": "École élémentaire Léon Gambetta", "amenity": "school" } }, { "type": "Feature", "geometry": { "type": "Point", "coordinates": [ -0.518261314, 44.872324856 ] }, "properties": { "name": "École élémentaire Albert Camus", "amenity": "school" } }, { "type": "Feature", "geometry": { "type": "Point", "coordinates": [ 7.268069, 48.8701444 ] }, "properties": { "name": "École primaire Les Castors", "amenity": "school" } }, { "type": "Feature", "geometry": { "type": "Point", "coordinates": [ -0.629821155, 44.806045371 ] }, "properties": { "name": "Collège Jeanne d'Arc Assomption", "amenity": "school" } }, { "type": "Feature", "geometry": { "type": "Point", "coordinates": [ -0.6023167, 44.7782496 ] }, "properties": { "name": "École élémentaire Martinon", "amenity": "school" } }, { "type": "Feature", "geometry": { "type": "Point", "coordinates": [ 7.671845315, 48.44831826 ] }, "properties": { "name": "École maternelle de Nordhouse", "amenity": "school" } }, { "type": "Feature", "geometry": { "type": "Point", "coordinates": [ -0.709041945, 44.866358633 ] }, "properties": { "name": "Centre scolaire Emmanuel d?Alzon", "amenity": "college" } }, { "type": "Feature", "geometry": { "type": "Point", "coordinates": [ 7.611052763, 48.314848191 ] }, "properties": { "name": "École primaire de Witternheim", "amenity": "school" } }, { "type": "Feature", "geometry": { "type": "Point", "coordinates": [ -0.6379479, 44.871992859 ] }, "properties": { "name": "École maternelle de Migron", "amenity": "school" } }, { "type": "Feature", "geometry": { "type": "Point", "coordinates": [ -0.181490301, 44.664582211 ] }, "properties": { "name": "École élémentaire", "amenity": "school" } }, { "type": "Feature", "geometry": { "type": "Point", "coordinates": [ -0.8314782, 44.936351 ] }, "properties": { "name": "École primaire", "amenity": "school" } }, { "type": "Feature", "geometry": { "type": "Point", "coordinates": [ -0.676664156, 44.907302131 ] }, "properties": { "name": "École maternelle Jean Pometan", "amenity": "school" } }, { "type": "Feature", "geometry": { "type": "Point", "coordinates": [ -1.006087574, 44.687475533 ] }, "properties": { "name": "Collège Jean Verdier", "amenity": "school" } }, { "type": "Feature", "geometry": { "type": "Point", "coordinates": [ 7.709918395, 48.54276736 ] }, "properties": { "name": "École Élémentaire du Centre", "amenity": "school" } }, { "type": "Feature", "geometry": { "type": "Point", "coordinates": [ 8.1764111, 48.9750526 ] }, "properties": { "name": "École primaire", "amenity": "school" } }, { "type": "Feature", "geometry": { "type": "Point", "coordinates": [ -0.649368972, 44.852101759 ] }, "properties": { "name": "Centre de l'audition et du language", "amenity": "school" } }, { "type": "Feature", "geometry": { "type": "Point", "coordinates": [ 7.771586365, 48.584283124 ] }, "properties": { "name": "Faculté de Géographie et d'Aménagement", "amenity": "university" } }, { "type": "Feature", "geometry": { "type": "Point", "coordinates": [ -1.106489703, 44.747407398 ] }, "properties": { "name": "Bon Accueil", "amenity": "school" } }, { "type": "Feature", "geometry": { "type": "Point", "coordinates": [ -0.0009714, 44.545516501 ] }, "properties": { "name": "École primaire", "amenity": "school" } }, { "type": "Feature", "geometry": { "type": "Point", "coordinates": [ -0.594313, 44.8502857 ] }, "properties": { "name": "Lycée technologique privé Bel Orme", "amenity": "school" } }, { "type": "Feature", "geometry": { "type": "Point", "coordinates": [ -0.722123679, 44.91239762 ] }, "properties": { "name": "École élémentaire Molière", "amenity": "school" } }, { "type": "Feature", "geometry": { "type": "Point", "coordinates": [ -0.267570478, 45.072138018 ] }, "properties": { "name": "École de Maransin", "amenity": "school" } }, { "type": "Feature", "geometry": { "type": "Point", "coordinates": [ 7.6525304, 48.8285115 ] }, "properties": { "name": "École primaire", "amenity": "school" } }, { "type": "Feature", "geometry": { "type": "Point", "coordinates": [ -0.645898922, 44.796190852 ] }, "properties": { "name": "Groupe scolaire Saint-Exupéry", "amenity": "school" } }, { "type": "Feature", "geometry": { "type": "Point", "coordinates": [ -0.148491, 44.697442 ] }, "properties": { "name": "École élémentaire", "amenity": "school" } }, { "type": "Feature", "geometry": { "type": "Point", "coordinates": [ 7.360960976, 48.740436379 ] }, "properties": { "name": "Collège Poincaré", "amenity": "school" } }, { "type": "Feature", "geometry": { "type": "Point", "coordinates": [ 7.623991487, 48.582297707 ] }, "properties": { "name": "Collège Paul Wernert", "amenity": "school" } }, { "type": "Feature", "geometry": { "type": "Point", "coordinates": [ -0.7661028, 44.8468141 ] }, "properties": { "name": "École élémentaire Aimé Césaire", "amenity": "school" } }, { "type": "Feature", "geometry": { "type": "Point", "coordinates": [ 7.743718411, 48.587839777 ] }, "properties": { "name": "Groupe Scolaire Notre-Dame", "amenity": "school" } }, { "type": "Feature", "geometry": { "type": "Point", "coordinates": [ -0.629963688, 44.794616912 ] }, "properties": { "name": "Crèche Serpentine", "amenity": "kindergarten" } }, { "type": "Feature", "geometry": { "type": "Point", "coordinates": [ -0.561367628, 44.860226705 ] }, "properties": { "name": "École élémentaire Dupaty", "amenity": "school" } }, { "type": "Feature", "geometry": { "type": "Point", "coordinates": [ 7.7762385, 48.5781992 ] }, "properties": { "name": "École élémentaire Jacques Sturm 1", "amenity": "school" } }, { "type": "Feature", "geometry": { "type": "Point", "coordinates": [ -0.6033655, 44.8423252 ] }, "properties": { "name": "Montessori de Bordeaux-Wilson", "amenity": "school" } }, { "type": "Feature", "geometry": { "type": "Point", "coordinates": [ -0.5742368, 44.8240348 ] }, "properties": { "name": "AFEC", "amenity": "college" } }, { "type": "Feature", "geometry": { "type": "Point", "coordinates": [ -0.585173593, 44.860028843 ] }, "properties": { "name": "École maternelle Pierre Trébod", "amenity": "school" } }, { "type": "Feature", "geometry": { "type": "Point", "coordinates": [ 7.7785698, 48.5675434 ] }, "properties": { "name": "Institution Protestante Pour Déficients Auditifs Bruckhof", "amenity": "school" } }, { "type": "Feature", "geometry": { "type": "Point", "coordinates": [ -1.151644354, 44.657620018 ] }, "properties": { "name": "École maternelle Victor Duruy", "amenity": "school" } }, { "type": "Feature", "geometry": { "type": "Point", "coordinates": [ 7.4920853, 48.5312392 ] }, "properties": { "name": "Collège Rembrandt Bugatti", "amenity": "school" } }, { "type": "Feature", "geometry": { "type": "Point", "coordinates": [ -0.586087781, 44.874423428 ] }, "properties": { "name": "École primaire Arc en ciel", "amenity": "school" } }, { "type": "Feature", "geometry": { "type": "Point", "coordinates": [ -0.7839067, 44.8150487 ] }, "properties": { "name": "École élémentaire Jean Monnet", "amenity": "school" } }, { "type": "Feature", "geometry": { "type": "Point", "coordinates": [ 7.775050253, 48.583003801 ] }, "properties": { "name": "Résidence Universitaire de la Somme", "amenity": "university" } }, { "type": "Feature", "geometry": { "type": "Point", "coordinates": [ 7.455655125, 48.262153482 ] }, "properties": { "name": "Collège Beatus Rhenanus", "amenity": "school" } }, { "type": "Feature", "geometry": { "type": "Point", "coordinates": [ -0.491037242, 44.430627567 ] }, "properties": { "name": "École maternelle", "amenity": "school" } }, { "type": "Feature", "geometry": { "type": "Point", "coordinates": [ -0.3654411, 44.6852484 ] }, "properties": { "name": "École primaire Publique", "amenity": "school" } }, { "type": "Feature", "geometry": { "type": "Point", "coordinates": [ 7.630783456, 48.349986786 ] }, "properties": { "name": "École primaire de Herbsheim", "amenity": "school" } }, { "type": "Feature", "geometry": { "type": "Point", "coordinates": [ 7.827615993, 48.650686868 ] }, "properties": { "name": "Micro-crèche du Woerthel", "amenity": "kindergarten" } }, { "type": "Feature", "geometry": { "type": "Point", "coordinates": [ -0.505773104, 44.668457558 ] }, "properties": { "name": "Collège Privé Rambaud", "amenity": "school" } }, { "type": "Feature", "geometry": { "type": "Point", "coordinates": [ 7.1517626, 48.952408 ] }, "properties": { "name": "École maternelle publique", "amenity": "school" } }, { "type": "Feature", "geometry": { "type": "Point", "coordinates": [ 7.769732826, 48.535830242 ] }, "properties": { "name": "École Neuhof A - Alice Mosnier", "amenity": "school" } }, { "type": "Feature", "geometry": { "type": "Point", "coordinates": [ -0.625638317, 44.858843878 ] }, "properties": { "name": "École maternelle des Pins-Francs", "amenity": "school" } }, { "type": "Feature", "geometry": { "type": "Point", "coordinates": [ -0.630586277, 44.842158561 ] }, "properties": { "name": "École maternelle Bourran", "amenity": "school" } }, { "type": "Feature", "geometry": { "type": "Point", "coordinates": [ 7.955824438, 48.760086598 ] }, "properties": { "name": "Collège du Rhin", "amenity": "school" } }, { "type": "Feature", "geometry": { "type": "Point", "coordinates": [ 7.779381047, 48.934157264 ] }, "properties": { "name": "École primaire Jean Frédéric Oberlin", "amenity": "school" } }, { "type": "Feature", "geometry": { "type": "Point", "coordinates": [ 7.713190976, 48.60511317 ] }, "properties": { "name": "Société Droit Religion en Europe - Bâtiment 51", "amenity": "university" } }, { "type": "Feature", "geometry": { "type": "Point", "coordinates": [ 7.778469886, 48.581032918 ] }, "properties": { "name": "École Maternelle Vauban", "amenity": "school" } }, { "type": "Feature", "geometry": { "type": "Point", "coordinates": [ -0.374842122, 45.06784063 ] }, "properties": { "name": "Collège Philippe Madrelle", "amenity": "school" } }, { "type": "Feature", "geometry": { "type": "Point", "coordinates": [ -0.594258337, 44.844357764 ] }, "properties": { "name": "Collège Cassignol site  La Benatte", "amenity": "school" } }, { "type": "Feature", "geometry": { "type": "Point", "coordinates": [ -0.22191836, 44.847568852 ] }, "properties": { "name": "École primaire", "amenity": "school" } }, { "type": "Feature", "geometry": { "type": "Point", "coordinates": [ -0.580199336, 44.858694408 ] }, "properties": { "name": "École maternelle Condorcet", "amenity": "school" } }, { "type": "Feature", "geometry": { "type": "Point", "coordinates": [ -0.590072022, 44.793321867 ] }, "properties": { "name": "Groupe scolaire Jules Michelet", "amenity": "school" } }, { "type": "Feature", "geometry": { "type": "Point", "coordinates": [ -0.2422634, 44.9176775 ] }, "properties": { "name": "Collège Eugène Atget", "amenity": "school" } }, { "type": "Feature", "geometry": { "type": "Point", "coordinates": [ -0.648793765, 45.190275891 ] }, "properties": { "name": "École maternelle Marc Elias", "amenity": "school" } }, { "type": "Feature", "geometry": { "type": "Point", "coordinates": [ 7.498373783, 48.466970478 ] }, "properties": { "name": "Lycée Agricole", "amenity": "school" } }, { "type": "Feature", "geometry": { "type": "Point", "coordinates": [ 7.737721293, 48.530519713 ] }, "properties": { "name": "Institut Universitaire de Technologie Robert Schuman", "amenity": "university" } }, { "type": "Feature", "geometry": { "type": "Point", "coordinates": [ 7.639314252, 48.80205754 ] }, "properties": { "name": "École primaire", "amenity": "school" } }, { "type": "Feature", "geometry": { "type": "Point", "coordinates": [ 7.7091083, 48.7307953 ] }, "properties": { "name": "Maison de l'enfance", "amenity": "kindergarten" } }, { "type": "Feature", "geometry": { "type": "Point", "coordinates": [ -0.602897083, 44.828072129 ] }, "properties": { "name": "École de Sages-Femmes", "amenity": "university" } }, { "type": "Feature", "geometry": { "type": "Point", "coordinates": [ -0.574779095, 44.826335682 ] }, "properties": { "name": "École élementaire Deyries", "amenity": "school" } }, { "type": "Feature", "geometry": { "type": "Point", "coordinates": [ 7.703916941, 48.561462089 ] }, "properties": { "name": "École Gutenberg", "amenity": "school" } }, { "type": "Feature", "geometry": { "type": "Point", "coordinates": [ -0.6796992, 44.7478914 ] }, "properties": { "name": "École maternelle Les Pierrettes", "amenity": "school" } }, { "type": "Feature", "geometry": { "type": "Point", "coordinates": [ 7.615271839, 48.846040112 ] }, "properties": { "name": "École maternelle Philippe Chretien Schweitzer", "amenity": "school" } }, { "type": "Feature", "geometry": { "type": "Point", "coordinates": [ 7.4976076, 48.5377241 ] }, "properties": { "name": "École 18.06", "amenity": "college" } }, { "type": "Feature", "geometry": { "type": "Point", "coordinates": [ -0.5740138, 44.8483838 ] }, "properties": { "name": "MultiAccueil Brins d'éveil", "amenity": "kindergarten" } }, { "type": "Feature", "geometry": { "type": "Point", "coordinates": [ -0.605588413, 44.842476157 ] }, "properties": { "name": "École maternelle Jules Ferry", "amenity": "school" } }, { "type": "Feature", "geometry": { "type": "Point", "coordinates": [ -0.742339513, 44.901299362 ] }, "properties": { "name": "École Elémentaire La Garenne", "amenity": "school" } }, { "type": "Feature", "geometry": { "type": "Point", "coordinates": [ -0.3950812, 44.7088264 ] }, "properties": { "name": "Halte garderie", "amenity": "kindergarten" } }, { "type": "Feature", "geometry": { "type": "Point", "coordinates": [ 7.7555278, 48.5933984 ] }, "properties": { "name": "IFCE", "amenity": "college" } }, { "type": "Feature", "geometry": { "type": "Point", "coordinates": [ -0.571241461, 44.841792035 ] }, "properties": { "name": "École élémentaire du Vieux Bordeaux", "amenity": "school" } }, { "type": "Feature", "geometry": { "type": "Point", "coordinates": [ -0.492380176, 44.764983866 ] }, "properties": { "name": "Lycée professionnel Flora Tristan", "amenity": "school" } }, { "type": "Feature", "geometry": { "type": "Point", "coordinates": [ -0.2420138, 44.9167618 ] }, "properties": { "name": "École Privée Commerce & Comptabilité", "amenity": "college" } }, { "type": "Feature", "geometry": { "type": "Point", "coordinates": [ 7.7529509, 48.5767092 ] }, "properties": { "name": "École Supérieure Européenne de l?Intervention Sociale", "amenity": "college" } }, { "type": "Feature", "geometry": { "type": "Point", "coordinates": [ 7.7375271, 48.5841198 ] }, "properties": { "name": "L'institut des Arts Appliqués", "amenity": "college" } }, { "type": "Feature", "geometry": { "type": "Point", "coordinates": [ -0.535240692, 44.838055228 ] }, "properties": { "name": "Groupe Scolaire Jean Jaurès", "amenity": "school" } }, { "type": "Feature", "geometry": { "type": "Point", "coordinates": [ 7.5972627, 48.7566358 ] }, "properties": { "name": "École élémentaire publique le Gypsberg", "amenity": "school" } }, { "type": "Feature", "geometry": { "type": "Point", "coordinates": [ 7.760783135, 48.575357376 ] }, "properties": { "name": "École élementaire Louvois", "amenity": "school" } }, { "type": "Feature", "geometry": { "type": "Point", "coordinates": [ -0.58453671, 44.819860096 ] }, "properties": { "name": "École élémentaire Gambetta", "amenity": "school" } }, { "type": "Feature", "geometry": { "type": "Point", "coordinates": [ -0.676661673, 44.87345776 ] }, "properties": { "name": "École élémentaire du Centre", "amenity": "school" } }, { "type": "Feature", "geometry": { "type": "Point", "coordinates": [ -0.65503522, 44.945479548 ] }, "properties": { "name": "École primaire Les Airials", "amenity": "school" } }, { "type": "Feature", "geometry": { "type": "Point", "coordinates": [ 7.700748202, 48.560233781 ] }, "properties": { "name": "Groupe scolaire Simone Veil", "amenity": "school" } }, { "type": "Feature", "geometry": { "type": "Point", "coordinates": [ -0.588104956, 44.810023842 ] }, "properties": { "name": "École élémentaire Joliot-Curie", "amenity": "school" } }, { "type": "Feature", "geometry": { "type": "Point", "coordinates": [ -0.1280793, 45.0159277 ] }, "properties": { "name": "École primaire", "amenity": "school" } }, { "type": "Feature", "geometry": { "type": "Point", "coordinates": [ 7.698800711, 48.492453729 ] }, "properties": { "name": "École maternelle Louise Scheppler", "amenity": "school" } }, { "type": "Feature", "geometry": { "type": "Point", "coordinates": [ -0.957077159, 45.32304425 ] }, "properties": { "name": "Groupe Scolaire Léonard Mesuret", "amenity": "school" } }, { "type": "Feature", "geometry": { "type": "Point", "coordinates": [ 7.566827709, 48.562167579 ] }, "properties": { "name": "Ecole maternelle", "amenity": "school" } }, { "type": "Feature", "geometry": { "type": "Point", "coordinates": [ -0.53321999, 44.775012705 ] }, "properties": { "name": "École élémentaire André-Césaire", "amenity": "school" } }, { "type": "Feature", "geometry": { "type": "Point", "coordinates": [ 7.563928051, 48.477498601 ] }, "properties": { "name": "École primaire et maternelle Lili Schoenemann", "amenity": "school" } }, { "type": "Feature", "geometry": { "type": "Point", "coordinates": [ 7.586181384, 48.265036312 ] }, "properties": { "name": "École primaire entre Ill et Rhin", "amenity": "school" } }, { "type": "Feature", "geometry": { "type": "Point", "coordinates": [ -0.574630387, 44.872965939 ] }, "properties": { "name": "École Élementaire Jean Monnet", "amenity": "school" } }, { "type": "Feature", "geometry": { "type": "Point", "coordinates": [ 7.140117002, 48.961872552 ] }, "properties": { "name": "École élémentaire", "amenity": "school" } }, { "type": "Feature", "geometry": { "type": "Point", "coordinates": [ 0.0145157, 45.079931 ] }, "properties": { "name": "École primaire Rosa Bonheur", "amenity": "school" } }, { "type": "Feature", "geometry": { "type": "Point", "coordinates": [ -0.668531305, 44.90340991 ] }, "properties": { "name": "École maternelle Éric Tabarly", "amenity": "school" } }, { "type": "Feature", "geometry": { "type": "Point", "coordinates": [ 7.8348546, 48.7906426 ] }, "properties": { "name": "La Cabane à jouer", "amenity": "kindergarten" } }, { "type": "Feature", "geometry": { "type": "Point", "coordinates": [ -0.68393105, 44.790849477 ] }, "properties": { "name": "École élementaire Cap de Bos", "amenity": "school" } }, { "type": "Feature", "geometry": { "type": "Point", "coordinates": [ 7.768077892, 48.572545644 ] }, "properties": { "name": "École maternelle Solange Fernex", "amenity": "school" } }, { "type": "Feature", "geometry": { "type": "Point", "coordinates": [ -0.3974679, 44.8438932 ] }, "properties": { "name": "École primaire", "amenity": "school" } }, { "type": "Feature", "geometry": { "type": "Point", "coordinates": [ -0.5782434, 44.8745743 ] }, "properties": { "name": "Epitech Digital School Bordeaux", "amenity": "college" } }, { "type": "Feature", "geometry": { "type": "Point", "coordinates": [ 7.692316632, 48.553824617 ] }, "properties": { "name": "Groupe Scolaire Elias Canetti", "amenity": "school" } }, { "type": "Feature", "geometry": { "type": "Point", "coordinates": [ -0.6173118, 44.796417 ] }, "properties": { "name": "Le DAPS (Département des Activités Physiques et Sportives)", "amenity": "university" } }, { "type": "Feature", "geometry": { "type": "Point", "coordinates": [ 8.005365, 48.9160165 ] }, "properties": { "name": "École primaire interconfessionnelle", "amenity": "school" } }, { "type": "Feature", "geometry": { "type": "Point", "coordinates": [ -0.59029823, 44.857227472 ] }, "properties": { "name": "Groupe Scolaire Marie Curie", "amenity": "school" } }, { "type": "Feature", "geometry": { "type": "Point", "coordinates": [ 7.882031382, 48.939170553 ] }, "properties": { "name": "Pole Scolaire / Periscolaire - RAM", "amenity": "school" } }, { "type": "Feature", "geometry": { "type": "Point", "coordinates": [ -0.552660921, 44.881800619 ] }, "properties": { "name": "École élémentaire Anne Sylvestre", "amenity": "school" } }, { "type": "Feature", "geometry": { "type": "Point", "coordinates": [ -0.629183582, 44.795307393 ] }, "properties": { "name": "Groupe scolaire Edouard Herriot", "amenity": "school" } }, { "type": "Feature", "geometry": { "type": "Point", "coordinates": [ 7.645434512, 48.661208369 ] }, "properties": { "name": "École de Pfettisheim", "amenity": "school" } }, { "type": "Feature", "geometry": { "type": "Point", "coordinates": [ -0.4896106, 44.9270762 ] }, "properties": { "name": "École du Bourg", "amenity": "school" } }, { "type": "Feature", "geometry": { "type": "Point", "coordinates": [ -0.530802406, 44.837004049 ] }, "properties": { "name": "École élémentaire Pierre et Marie Curie", "amenity": "school" } }, { "type": "Feature", "geometry": { "type": "Point", "coordinates": [ 7.2390664, 48.9539498 ] }, "properties": { "name": "École primaire", "amenity": "school" } }, { "type": "Feature", "geometry": { "type": "Point", "coordinates": [ -1.062793297, 44.639738566 ] }, "properties": { "name": "École Elémentaire Gambetta", "amenity": "school" } }, { "type": "Feature", "geometry": { "type": "Point", "coordinates": [ -0.338882002, 44.529066149 ] }, "properties": { "name": "École primaire", "amenity": "school" } }, { "type": "Feature", "geometry": { "type": "Point", "coordinates": [ 7.492536602, 48.535927784 ] }, "properties": { "name": "École Maternelle de la Bruche", "amenity": "school" } }, { "type": "Feature", "geometry": { "type": "Point", "coordinates": [ -0.759162166, 44.894791323 ] }, "properties": { "name": "École primaire de Cérillan", "amenity": "school" } }, { "type": "Feature", "geometry": { "type": "Point", "coordinates": [ -0.587470615, 44.860336015 ] }, "properties": { "name": "Institut Supérieur de Formation de l'Enseignement Catholique d'Aquitaine", "amenity": "college" } }, { "type": "Feature", "geometry": { "type": "Point", "coordinates": [ 7.367095752, 48.736189087 ] }, "properties": { "name": "École primaire Les Sources", "amenity": "school" } }, { "type": "Feature", "geometry": { "type": "Point", "coordinates": [ 7.765055337, 48.579971877 ] }, "properties": { "name": "Insectarium", "amenity": "university" } }, { "type": "Feature", "geometry": { "type": "Point", "coordinates": [ 7.76744778, 48.578934246 ] }, "properties": { "name": "Faculté de Droit", "amenity": "university" } }, { "type": "Feature", "geometry": { "type": "Point", "coordinates": [ -0.12337315, 44.777580709 ] }, "properties": { "name": "Collège Pierre Martin", "amenity": "school" } }, { "type": "Feature", "geometry": { "type": "Point", "coordinates": [ -0.566998, 44.8216508 ] }, "properties": { "name": "Crèche Babilou Mirassou", "amenity": "kindergarten" } }, { "type": "Feature", "geometry": { "type": "Point", "coordinates": [ 7.484315566, 48.826332868 ] }, "properties": { "name": "Annexe", "amenity": "college" } }, { "type": "Feature", "geometry": { "type": "Point", "coordinates": [ -0.6403481, 44.876795 ] }, "properties": { "name": "Accueil Périscolaire", "amenity": "school" } }, { "type": "Feature", "geometry": { "type": "Point", "coordinates": [ 7.7054212, 48.3746104 ] }, "properties": { "name": "École maternelle", "amenity": "kindergarten" } }, { "type": "Feature", "geometry": { "type": "Point", "coordinates": [ 7.45579572, 48.270021194 ] }, "properties": { "name": "École primaire Jean Monnet", "amenity": "school" } }, { "type": "Feature", "geometry": { "type": "Point", "coordinates": [ -0.569101256, 44.857347767 ] }, "properties": { "name": "Ensemble scolaire privé Saint-Louis Sainte-Thérèse", "amenity": "school" } }, { "type": "Feature", "geometry": { "type": "Point", "coordinates": [ 7.438188267, 48.732907716 ] }, "properties": { "name": "École primaire catholique", "amenity": "school" } }, { "type": "Feature", "geometry": { "type": "Point", "coordinates": [ -0.926363871, 45.300250748 ] }, "properties": { "name": "Collège Les Lesques", "amenity": "school" } }, { "type": "Feature", "geometry": { "type": "Point", "coordinates": [ 7.2957954, 48.8127462 ] }, "properties": { "name": "École élémentaire publique Le Rehthal", "amenity": "school" } }, { "type": "Feature", "geometry": { "type": "Point", "coordinates": [ 7.762940129, 48.583434454 ] }, "properties": { "name": "Institut de Géologie", "amenity": "university" } }, { "type": "Feature", "geometry": { "type": "Point", "coordinates": [ -0.604442262, 44.949149064 ] }, "properties": { "name": "École maternelle Libération", "amenity": "school" } }, { "type": "Feature", "geometry": { "type": "Point", "coordinates": [ -1.133974055, 44.771262278 ] }, "properties": { "name": "Crèche", "amenity": "school" } }, { "type": "Feature", "geometry": { "type": "Point", "coordinates": [ -0.62024188, 45.006211667 ] }, "properties": { "name": "École Maternelle de Macau", "amenity": "school" } }, { "type": "Feature", "geometry": { "type": "Point", "coordinates": [ -0.654077982, 44.85973241 ] }, "properties": { "name": "Groupe Scolaire Édouard Herriot", "amenity": "school" } }, { "type": "Feature", "geometry": { "type": "Point", "coordinates": [ 7.726809847, 48.530419744 ] }, "properties": { "name": "Lycée Gutenberg", "amenity": "school" } }, { "type": "Feature", "geometry": { "type": "Point", "coordinates": [ -0.6821501, 44.8336413 ] }, "properties": { "name": "OCSO DIOT", "amenity": "school" } }, { "type": "Feature", "geometry": { "type": "Point", "coordinates": [ -0.3718985, 44.8698142 ] }, "properties": { "name": "École primaire", "amenity": "school" } }, { "type": "Feature", "geometry": { "type": "Point", "coordinates": [ -0.59672442, 44.771024676 ] }, "properties": { "name": "Groupe Scolaire Malartic", "amenity": "school" } }, { "type": "Feature", "geometry": { "type": "Point", "coordinates": [ 7.2234955, 48.4378399 ] }, "properties": { "name": "École primaire protestante", "amenity": "school" } }, { "type": "Feature", "geometry": { "type": "Point", "coordinates": [ 0.155512, 44.823842 ] }, "properties": { "name": "École d'Eynesse", "amenity": "school" } }, { "type": "Feature", "geometry": { "type": "Point", "coordinates": [ 7.61154156, 48.381554023 ] }, "properties": { "name": "École maternelle de Sand", "amenity": "school" } }, { "type": "Feature", "geometry": { "type": "Point", "coordinates": [ -0.610305, 44.8413625 ] }, "properties": { "name": "Crèche d3", "amenity": "kindergarten" } }, { "type": "Feature", "geometry": { "type": "Point", "coordinates": [ -0.4033503, 45.1175477 ] }, "properties": { "name": "École élémentaire", "amenity": "school" } }, { "type": "Feature", "geometry": { "type": "Point", "coordinates": [ 7.541183025, 48.449301638 ] }, "properties": { "name": "École Maternelle", "amenity": "school" } }, { "type": "Feature", "geometry": { "type": "Point", "coordinates": [ 7.771271531, 48.584411876 ] }, "properties": { "name": "Faculté de Géographie Louis Pasteur - UDS", "amenity": "university" } }, { "type": "Feature", "geometry": { "type": "Point", "coordinates": [ -0.782914976, 44.812154093 ] }, "properties": { "name": "École maternelle Paul Cézanne", "amenity": "school" } }, { "type": "Feature", "geometry": { "type": "Point", "coordinates": [ -0.181343187, 44.554213978 ] }, "properties": { "name": "École maternelle de Saint Pardon de Conques", "amenity": "school" } }, { "type": "Feature", "geometry": { "type": "Point", "coordinates": [ -0.710658302, 44.89444271 ] }, "properties": { "name": "Collège François Mauriac", "amenity": "school" } }, { "type": "Feature", "geometry": { "type": "Point", "coordinates": [ -0.619978886, 44.814750764 ] }, "properties": { "name": "Groupe scolaire Jean Cordier", "amenity": "school" } }, { "type": "Feature", "geometry": { "type": "Point", "coordinates": [ -0.973552485, 44.641364677 ] }, "properties": { "name": "Lycée polyvalent de la Mer", "amenity": "school" } }, { "type": "Feature", "geometry": { "type": "Point", "coordinates": [ -0.308446399, 44.771652549 ] }, "properties": { "name": "École primaire", "amenity": "school" } }, { "type": "Feature", "geometry": { "type": "Point", "coordinates": [ 7.734548548, 48.819826229 ] }, "properties": { "name": "Site scolaire Marelle-Moulin / Périscolaire", "amenity": "school" } }, { "type": "Feature", "geometry": { "type": "Point", "coordinates": [ -0.555976543, 44.838787322 ] }, "properties": { "name": "Lycée François Mauriac", "amenity": "school" } }, { "type": "Feature", "geometry": { "type": "Point", "coordinates": [ 7.688930942, 48.578873441 ] }, "properties": { "name": "École maternelle Bauernhof", "amenity": "school" } }, { "type": "Feature", "geometry": { "type": "Point", "coordinates": [ 7.411035063, 48.852982293 ] }, "properties": { "name": "École primaire", "amenity": "school" } }, { "type": "Feature", "geometry": { "type": "Point", "coordinates": [ 7.536800435, 48.268868608 ] }, "properties": { "name": "École maternelle", "amenity": "school" } }, { "type": "Feature", "geometry": { "type": "Point", "coordinates": [ -0.125316396, 44.77874695 ] }, "properties": { "name": "École primaire", "amenity": "school" } }, { "type": "Feature", "geometry": { "type": "Point", "coordinates": [ -0.5847959, 44.8669592 ] }, "properties": { "name": "École maternelle Jean Jaurès", "amenity": "school" } }, { "type": "Feature", "geometry": { "type": "Point", "coordinates": [ 7.762668225, 48.578294847 ] }, "properties": { "name": "Le Portique (Facultés : Arts, Lettres, STAPS et Direction du numérique)", "amenity": "university" } }, { "type": "Feature", "geometry": { "type": "Point", "coordinates": [ -0.5966935, 44.8403165 ] }, "properties": { "name": "École primaire Bordeaux International School", "amenity": "school" } }, { "type": "Feature", "geometry": { "type": "Point", "coordinates": [ -0.555535371, 44.606172021 ] }, "properties": { "name": "École maternelle les petits écureuils", "amenity": "school" } }, { "type": "Feature", "geometry": { "type": "Point", "coordinates": [ 7.712330993, 48.667864857 ] }, "properties": { "name": "Halte-Garderie", "amenity": "kindergarten" } }, { "type": "Feature", "geometry": { "type": "Point", "coordinates": [ -0.5280912, 44.7509347 ] }, "properties": { "name": "Collège Olympe de Gouge", "amenity": "school" } }, { "type": "Feature", "geometry": { "type": "Point", "coordinates": [ 7.59311682, 48.756892613 ] }, "properties": { "name": "Microcrèche Weiss", "amenity": "kindergarten" } }, { "type": "Feature", "geometry": { "type": "Point", "coordinates": [ 7.585212751, 48.371996373 ] }, "properties": { "name": "École maternelle des Vosges", "amenity": "school" } }, { "type": "Feature", "geometry": { "type": "Point", "coordinates": [ -0.448163195, 44.989370202 ] }, "properties": { "name": "Ensemble STAM", "amenity": "school" } }, { "type": "Feature", "geometry": { "type": "Point", "coordinates": [ 7.778146, 48.5681434 ] }, "properties": { "name": "International School Strasbourg", "amenity": "school" } }, { "type": "Feature", "geometry": { "type": "Point", "coordinates": [ 7.765237943, 48.579812224 ] }, "properties": { "name": "Campus Centre", "amenity": "university" } }, { "type": "Feature", "geometry": { "type": "Point", "coordinates": [ 7.7588045, 48.5807567 ] }, "properties": { "name": "École et Observatoire des Sciences de la Terre", "amenity": "university" } }, { "type": "Feature", "geometry": { "type": "Point", "coordinates": [ 7.265211442, 48.832683638 ] }, "properties": { "name": "École maternelle", "amenity": "school" } }, { "type": "Feature", "geometry": { "type": "Point", "coordinates": [ -0.1559147, 44.538599401 ] }, "properties": { "name": "École élémentaire", "amenity": "school" } }, { "type": "Feature", "geometry": { "type": "Point", "coordinates": [ -0.660527, 45.1253039 ] }, "properties": { "name": "Lycée professionnel de l'Estuaire", "amenity": "school" } }, { "type": "Feature", "geometry": { "type": "Point", "coordinates": [ 7.696031806, 48.595109307 ] }, "properties": { "name": "École Maternelle Jacqueline", "amenity": "school" } }, { "type": "Feature", "geometry": { "type": "Point", "coordinates": [ 8.1821426, 48.9716547 ] }, "properties": { "name": "École maternelle", "amenity": "school" } }, { "type": "Feature", "geometry": { "type": "Point", "coordinates": [ -0.4715698, 44.8140262 ] }, "properties": { "name": "École maternelle", "amenity": "school" } }, { "type": "Feature", "geometry": { "type": "Point", "coordinates": [ -0.5847455, 44.8663988 ] }, "properties": { "name": "École élémentaire Jean Jaurès", "amenity": "school" } }, { "type": "Feature", "geometry": { "type": "Point", "coordinates": [ -1.2009439, 44.6398124 ] }, "properties": { "name": "École primaire Le Moulleau", "amenity": "school" } }, { "type": "Feature", "geometry": { "type": "Point", "coordinates": [ -0.679644549, 44.843311671 ] }, "properties": { "name": "École primaire Ferdinand Buisson", "amenity": "school" } }, { "type": "Feature", "geometry": { "type": "Point", "coordinates": [ 7.715454599, 48.553036083 ] }, "properties": { "name": "École Élémentaire Jean Racine", "amenity": "school" } }, { "type": "Feature", "geometry": { "type": "Point", "coordinates": [ -0.716609724, 44.906257689 ] }, "properties": { "name": "Collège Léonard de Vinci", "amenity": "school" } }, { "type": "Feature", "geometry": { "type": "Point", "coordinates": [ -0.568502893, 44.809453961 ] }, "properties": { "name": "École élémentaire Paul Langevin", "amenity": "school" } }, { "type": "Feature", "geometry": { "type": "Point", "coordinates": [ 7.788316552, 48.623536033 ] }, "properties": { "name": "École élémentaire Pourtalès", "amenity": "school" } }, { "type": "Feature", "geometry": { "type": "Point", "coordinates": [ -0.7088137, 44.7689021 ] }, "properties": { "name": "École maternelle Maguiche", "amenity": "school" } }, { "type": "Feature", "geometry": { "type": "Point", "coordinates": [ 7.513109372, 48.544791765 ] }, "properties": { "name": "École Maternelle des Prés", "amenity": "school" } }, { "type": "Feature", "geometry": { "type": "Point", "coordinates": [ -0.6409317, 44.7554658 ] }, "properties": { "name": "École maternelle Maurice Carême", "amenity": "school" } }, { "type": "Feature", "geometry": { "type": "Point", "coordinates": [ 7.713827687, 48.640574657 ] }, "properties": { "name": "Groupe scolaire Leclerc", "amenity": "school" } }, { "type": "Feature", "geometry": { "type": "Point", "coordinates": [ -0.5694347, 44.8325476 ] }, "properties": { "name": "Minimoy", "amenity": "kindergarten" } }, { "type": "Feature", "geometry": { "type": "Point", "coordinates": [ -0.356558882, 45.024975755 ] }, "properties": { "name": "École primaire", "amenity": "school" } }, { "type": "Feature", "geometry": { "type": "Point", "coordinates": [ 7.7725817, 48.5668184 ] }, "properties": { "name": "Micro-crèche Le Joyau des Chérubins", "amenity": "kindergarten" } }, { "type": "Feature", "geometry": { "type": "Point", "coordinates": [ -0.5799094, 44.8321218 ] }, "properties": { "name": "Lycée professionnel privé Sainte-Famille - Saintonge", "amenity": "school" } }, { "type": "Feature", "geometry": { "type": "Point", "coordinates": [ -0.5568225, 44.8635688 ] }, "properties": { "name": "Digital Campus", "amenity": "college" } }, { "type": "Feature", "geometry": { "type": "Point", "coordinates": [ 7.105972, 48.3478621 ] }, "properties": { "name": "École maternelle", "amenity": "school" } }, { "type": "Feature", "geometry": { "type": "Point", "coordinates": [ 7.449801162, 48.537760608 ] }, "properties": { "name": "École maternelle Hoffen", "amenity": "school" } }, { "type": "Feature", "geometry": { "type": "Point", "coordinates": [ 7.719908927, 48.531536887 ] }, "properties": { "name": "École Maternelle et Élémentaire du Nord", "amenity": "school" } }, { "type": "Feature", "geometry": { "type": "Point", "coordinates": [ 7.452503956, 48.268948175 ] }, "properties": { "name": "École maternelle Robert Schuman", "amenity": "school" } }, { "type": "Feature", "geometry": { "type": "Point", "coordinates": [ 7.774693818, 48.562386586 ] }, "properties": { "name": "École maternelle Albert-Le-Grand", "amenity": "school" } }, { "type": "Feature", "geometry": { "type": "Point", "coordinates": [ -0.957056819, 45.322968764 ] }, "properties": { "name": "Groupe Scolaire Léonard Mesuret", "amenity": "school" } }, { "type": "Feature", "geometry": { "type": "Point", "coordinates": [ 7.759197427, 48.576868703 ] }, "properties": { "name": "École maternelle Oberlin", "amenity": "school" } }, { "type": "Feature", "geometry": { "type": "Point", "coordinates": [ -0.448650332, 44.988240163 ] }, "properties": { "name": "École maternelle Rosette Chapel", "amenity": "school" } }, { "type": "Feature", "geometry": { "type": "Point", "coordinates": [ 7.776064442, 48.807958538 ] }, "properties": { "name": "École Maternelle Bellevue", "amenity": "school" } }, { "type": "Feature", "geometry": { "type": "Point", "coordinates": [ -0.618304892, 44.911898901 ] }, "properties": { "name": "CFA du bâtiment et des travaux publics", "amenity": "school" } }, { "type": "Feature", "geometry": { "type": "Point", "coordinates": [ -0.571179975, 44.758770369 ] }, "properties": { "name": "École maternelle Alice et Gabriel Delaunay", "amenity": "school" } }, { "type": "Feature", "geometry": { "type": "Point", "coordinates": [ 7.673617, 48.8208271 ] }, "properties": { "name": "École primaire", "amenity": "school" } }, { "type": "Feature", "geometry": { "type": "Point", "coordinates": [ 7.771576, 48.5771478 ] }, "properties": { "name": "EM Strasbourg Leicester", "amenity": "university" } }, { "type": "Feature", "geometry": { "type": "Point", "coordinates": [ 7.4536475, 48.8025255 ] }, "properties": { "name": "École maternelle ex Imbsheim", "amenity": "school" } }, { "type": "Feature", "geometry": { "type": "Point", "coordinates": [ -0.569902033, 44.87307038 ] }, "properties": { "name": "École Maternelle Lac II", "amenity": "school" } }, { "type": "Feature", "geometry": { "type": "Point", "coordinates": [ -0.612912204, 44.825998112 ] }, "properties": { "name": "Institut des métiers de la santé Pellegrin", "amenity": "college" } }, { "type": "Feature", "geometry": { "type": "Point", "coordinates": [ 8.0413471, 48.9909315 ] }, "properties": { "name": "École maternelle", "amenity": "school" } }, { "type": "Feature", "geometry": { "type": "Point", "coordinates": [ -0.638942376, 44.817434043 ] }, "properties": { "name": "École élémentaire Joséphine Baker", "amenity": "school" } }, { "type": "Feature", "geometry": { "type": "Point", "coordinates": [ -0.6135631, 45.2922491 ] }, "properties": { "name": "École élémentaire Georges Brassens", "amenity": "school" } }, { "type": "Feature", "geometry": { "type": "Point", "coordinates": [ -1.18452539, 44.651721415 ] }, "properties": { "name": "École élémentaire Les Abatilles", "amenity": "school" } }, { "type": "Feature", "geometry": { "type": "Point", "coordinates": [ -0.58082166, 44.791604612 ] }, "properties": { "name": "Institut des Sciences de la Vigne et du Vin", "amenity": "university" } }, { "type": "Feature", "geometry": { "type": "Point", "coordinates": [ -0.631345045, 44.845054704 ] }, "properties": { "name": "École maternelle du Clos Montesquieu", "amenity": "school" } }, { "type": "Feature", "geometry": { "type": "Point", "coordinates": [ -0.568766389, 44.786585356 ] }, "properties": { "name": "Doux Guilis", "amenity": "school" } }, { "type": "Feature", "geometry": { "type": "Point", "coordinates": [ -0.4365946, 44.7498259 ] }, "properties": { "name": "École primaire Publique", "amenity": "school" } }, { "type": "Feature", "geometry": { "type": "Point", "coordinates": [ -0.6588444, 45.1245212 ] }, "properties": { "name": "Collège Sebastien Vauban", "amenity": "school" } }, { "type": "Feature", "geometry": { "type": "Point", "coordinates": [ -0.511226214, 44.853432834 ] }, "properties": { "name": "École maternelle Charles Perrault", "amenity": "school" } }, { "type": "Feature", "geometry": { "type": "Point", "coordinates": [ 0.2164889, 44.8426821 ] }, "properties": { "name": "École Primaire Privée Anglade Langalerie", "amenity": "school" } }, { "type": "Feature", "geometry": { "type": "Point", "coordinates": [ -0.653843282, 44.838932082 ] }, "properties": { "name": "École maternelle Parc du Château", "amenity": "school" } }, { "type": "Feature", "geometry": { "type": "Point", "coordinates": [ -0.595755899, 44.772286776 ] }, "properties": { "name": "Collège Alfred Mauguin", "amenity": "school" } }, { "type": "Feature", "geometry": { "type": "Point", "coordinates": [ 7.313876944, 48.522815553 ] }, "properties": { "name": "Cours Saint-Thomas-d'Aquin", "amenity": "school" } }, { "type": "Feature", "geometry": { "type": "Point", "coordinates": [ -0.569998518, 44.795840469 ] }, "properties": { "name": "École primaire Jean Macé", "amenity": "school" } }, { "type": "Feature", "geometry": { "type": "Point", "coordinates": [ -0.641601666, 44.909211033 ] }, "properties": { "name": "École maternelle Saturne", "amenity": "school" } }, { "type": "Feature", "geometry": { "type": "Point", "coordinates": [ 7.6147675, 48.885852 ] }, "properties": { "name": "École primaire", "amenity": "school" } }, { "type": "Feature", "geometry": { "type": "Point", "coordinates": [ 7.495825805, 48.539793919 ] }, "properties": { "name": "Lycée professionnel Camille Schneider", "amenity": "school" } }, { "type": "Feature", "geometry": { "type": "Point", "coordinates": [ -0.306846271, 44.630175245 ] }, "properties": { "name": "Collège Anatole France", "amenity": "school" } }, { "type": "Feature", "geometry": { "type": "Point", "coordinates": [ -0.1861974, 45.04188 ] }, "properties": { "name": "Collège Jean Aviotte", "amenity": "school" } }, { "type": "Feature", "geometry": { "type": "Point", "coordinates": [ 7.727810402, 48.817750441 ] }, "properties": { "name": "École élémentaire privée ABCM Zweisprachigkeit", "amenity": "school" } }, { "type": "Feature", "geometry": { "type": "Point", "coordinates": [ -0.5554236, 44.816142 ] }, "properties": { "name": "École élementaire Carle Vernet", "amenity": "school" } }, { "type": "Feature", "geometry": { "type": "Point", "coordinates": [ 0.0828005, 44.6504718 ] }, "properties": { "name": "École maternelle de Monségur", "amenity": "school" } }, { "type": "Feature", "geometry": { "type": "Point", "coordinates": [ -0.563442544, 44.830284103 ] }, "properties": { "name": "Lycée des Menuts", "amenity": "school" } }, { "type": "Feature", "geometry": { "type": "Point", "coordinates": [ -1.161939341, 44.650535963 ] }, "properties": { "name": "Lycée industriel et hôtelier Roland Dorgeles", "amenity": "school" } }, { "type": "Feature", "geometry": { "type": "Point", "coordinates": [ -1.137709697, 44.632083112 ] }, "properties": { "name": "Collège Henri Dheurle", "amenity": "school" } }, { "type": "Feature", "geometry": { "type": "Point", "coordinates": [ 7.252927978, 48.438434489 ] }, "properties": { "name": "École primaire interconfessionnelle", "amenity": "school" } }, { "type": "Feature", "geometry": { "type": "Point", "coordinates": [ -0.737822908, 44.884779403 ] }, "properties": { "name": "Centre de loisirs sans hébergement Louise Michel", "amenity": "kindergarten" } }, { "type": "Feature", "geometry": { "type": "Point", "coordinates": [ -0.647892058, 44.850041088 ] }, "properties": { "name": "Collège Capeyron", "amenity": "school" } }, { "type": "Feature", "geometry": { "type": "Point", "coordinates": [ -0.608029561, 44.785925364 ] }, "properties": { "name": "INJS de Bordeaux Gradignan", "amenity": "school" } }, { "type": "Feature", "geometry": { "type": "Point", "coordinates": [ 7.455108636, 48.408996907 ] }, "properties": { "name": "École primaire publique des Tanneurs", "amenity": "school" } }, { "type": "Feature", "geometry": { "type": "Point", "coordinates": [ -0.511690326, 44.893032718 ] }, "properties": { "name": "Groupe Scolaire Louis Pasteur", "amenity": "school" } }, { "type": "Feature", "geometry": { "type": "Point", "coordinates": [ -0.50759066, 44.842671628 ] }, "properties": { "name": "École maternelle Aragon", "amenity": "school" } }, { "type": "Feature", "geometry": { "type": "Point", "coordinates": [ -0.594514078, 44.850000952 ] }, "properties": { "name": "Lycée professionnel privé Bel Orme", "amenity": "school" } }, { "type": "Feature", "geometry": { "type": "Point", "coordinates": [ 7.714879176, 48.606861716 ] }, "properties": { "name": "Laboratoire d'Imagerie et de Neurosciences Cognitives", "amenity": "university" } }, { "type": "Feature", "geometry": { "type": "Point", "coordinates": [ -0.636806873, 44.81769823 ] }, "properties": { "name": "École maternelle Joséphine Baker", "amenity": "school" } }, { "type": "Feature", "geometry": { "type": "Point", "coordinates": [ 7.622895244, 48.42871631 ] }, "properties": { "name": "École maternelle de Schaeffersheim", "amenity": "school" } }, { "type": "Feature", "geometry": { "type": "Point", "coordinates": [ -0.446884549, 44.768562952 ] }, "properties": { "name": "Le Cocon de Camblanes", "amenity": "kindergarten" } }, { "type": "Feature", "geometry": { "type": "Point", "coordinates": [ 7.961495051, 48.814917493 ] }, "properties": { "name": "École maternelle Jacques Prévert", "amenity": "school" } }, { "type": "Feature", "geometry": { "type": "Point", "coordinates": [ 7.7130419, 48.6102667 ] }, "properties": { "name": "Orange Digital Center", "amenity": "college" } }, { "type": "Feature", "geometry": { "type": "Point", "coordinates": [ 8.0405458, 48.8264212 ] }, "properties": { "name": "École primaire André Weckmann", "amenity": "school" } }, { "type": "Feature", "geometry": { "type": "Point", "coordinates": [ 7.711834825, 48.667785718 ] }, "properties": { "name": "École Maternelle Clairefontaine", "amenity": "school" } }, { "type": "Feature", "geometry": { "type": "Point", "coordinates": [ 7.736949991, 48.523033769 ] }, "properties": { "name": "International Space University", "amenity": "university" } }, { "type": "Feature", "geometry": { "type": "Point", "coordinates": [ 7.712866017, 48.73164821 ] }, "properties": { "name": "École primaire Robert Schuman", "amenity": "school" } }, { "type": "Feature", "geometry": { "type": "Point", "coordinates": [ -0.5898915, 44.8063158 ] }, "properties": { "name": "École maternelle Georges Lasserre", "amenity": "school" } }, { "type": "Feature", "geometry": { "type": "Point", "coordinates": [ -0.615020976, 44.87544413 ] }, "properties": { "name": "École primaire privée Saint-Georges du Bouscat", "amenity": "school" } }, { "type": "Feature", "geometry": { "type": "Point", "coordinates": [ 7.298656639, 48.516629281 ] }, "properties": { "name": "École primaire catholique", "amenity": "school" } }, { "type": "Feature", "geometry": { "type": "Point", "coordinates": [ 7.698262096, 48.597515769 ] }, "properties": { "name": "École Élémentaire Karine", "amenity": "school" } }, { "type": "Feature", "geometry": { "type": "Point", "coordinates": [ 7.3910765, 48.5380731 ] }, "properties": { "name": "École primaire catholique", "amenity": "school" } }, { "type": "Feature", "geometry": { "type": "Point", "coordinates": [ -0.6241393, 44.855700871 ] }, "properties": { "name": "École élémentaire Stéhélin", "amenity": "school" } }, { "type": "Feature", "geometry": { "type": "Point", "coordinates": [ -0.643188847, 44.884322224 ] }, "properties": { "name": "Collège Albert Camus", "amenity": "school" } }, { "type": "Feature", "geometry": { "type": "Point", "coordinates": [ -0.642253331, 44.907566237 ] }, "properties": { "name": "École maternelle Dulamon", "amenity": "school" } }, { "type": "Feature", "geometry": { "type": "Point", "coordinates": [ 7.681867424, 48.561112865 ] }, "properties": { "name": "Collège Maxime Alexandre", "amenity": "school" } }, { "type": "Feature", "geometry": { "type": "Point", "coordinates": [ -0.401305654, 44.710944326 ] }, "properties": { "name": "École de L'Estey", "amenity": "school" } }, { "type": "Feature", "geometry": { "type": "Point", "coordinates": [ -0.661439015, 44.841315314 ] }, "properties": { "name": "École maternelle Jean Macé", "amenity": "school" } }, { "type": "Feature", "geometry": { "type": "Point", "coordinates": [ -0.568005813, 44.780897439 ] }, "properties": { "name": "École Léon Blum", "amenity": "school" } }, { "type": "Feature", "geometry": { "type": "Point", "coordinates": [ -0.649005501, 44.836290438 ] }, "properties": { "name": "Lycée Fernand Daguin", "amenity": "college" } }, { "type": "Feature", "geometry": { "type": "Point", "coordinates": [ -0.9169588, 44.614789301 ] }, "properties": { "name": "École primaire La Salamandre", "amenity": "school" } }, { "type": "Feature", "geometry": { "type": "Point", "coordinates": [ 7.619200444, 48.236080953 ] }, "properties": { "name": "École primaire", "amenity": "school" } }, { "type": "Feature", "geometry": { "type": "Point", "coordinates": [ 7.768397269, 48.581092059 ] }, "properties": { "name": "Collège Doctoral Européen", "amenity": "university" } }, { "type": "Feature", "geometry": { "type": "Point", "coordinates": [ -0.0463916, 44.8532374 ] }, "properties": { "name": "École maternelle Episkopi", "amenity": "school" } }, { "type": "Feature", "geometry": { "type": "Point", "coordinates": [ 7.456420736, 48.540404143 ] }, "properties": { "name": "École René Schickelé", "amenity": "school" } }, { "type": "Feature", "geometry": { "type": "Point", "coordinates": [ 7.1127199, 48.8585762 ] }, "properties": { "name": "École primaire", "amenity": "school" } }, { "type": "Feature", "geometry": { "type": "Point", "coordinates": [ -0.591385959, 44.730021535 ] }, "properties": { "name": "Collège François Mauriac", "amenity": "school" } }, { "type": "Feature", "geometry": { "type": "Point", "coordinates": [ -0.6818461, 44.833093 ] }, "properties": { "name": "CAMAS", "amenity": "school" } }, { "type": "Feature", "geometry": { "type": "Point", "coordinates": [ -0.503167, 44.9274461 ] }, "properties": { "name": "Les p'tites frimousses", "amenity": "kindergarten" } }, { "type": "Feature", "geometry": { "type": "Point", "coordinates": [ 7.755630348, 48.577836581 ] }, "properties": { "name": "Collège Caroline Aigle", "amenity": "school" } }, { "type": "Feature", "geometry": { "type": "Point", "coordinates": [ 7.1615651, 48.4035264 ] }, "properties": { "name": "École primaire catholique", "amenity": "school" } }, { "type": "Feature", "geometry": { "type": "Point", "coordinates": [ 7.209384635, 48.459833651 ] }, "properties": { "name": "École élémentaire publique Gustave Steinheil", "amenity": "school" } }, { "type": "Feature", "geometry": { "type": "Point", "coordinates": [ 7.7766427, 48.5778231 ] }, "properties": { "name": "École primaire Jacques Sturm 2", "amenity": "school" } }, { "type": "Feature", "geometry": { "type": "Point", "coordinates": [ -0.5755296, 44.8466082 ] }, "properties": { "name": "SupMode - Design & Fashion Business", "amenity": "college" } }, { "type": "Feature", "geometry": { "type": "Point", "coordinates": [ 7.651452904, 48.518159029 ] }, "properties": { "name": "Collège Jean de La Fontaine", "amenity": "school" } }, { "type": "Feature", "geometry": { "type": "Point", "coordinates": [ 7.990934141, 48.7760606 ] }, "properties": { "name": "École primaire Laurent Mockers", "amenity": "school" } }, { "type": "Feature", "geometry": { "type": "Point", "coordinates": [ 7.41979899, 48.309727475 ] }, "properties": { "name": "École primaire", "amenity": "school" } }, { "type": "Feature", "geometry": { "type": "Point", "coordinates": [ 7.774605496, 48.617199432 ] }, "properties": { "name": "Écoles maternelles et élémentaires Jean-Baptiste Schwilgué", "amenity": "school" } }, { "type": "Feature", "geometry": { "type": "Point", "coordinates": [ -0.5719417, 44.8352391 ] }, "properties": { "name": "École Supérieure du Digital", "amenity": "college" } }, { "type": "Feature", "geometry": { "type": "Point", "coordinates": [ 7.7677041, 48.5591782 ] }, "properties": { "name": "Baby Zen Maison d'Assistantes Maternelle", "amenity": "kindergarten" } }, { "type": "Feature", "geometry": { "type": "Point", "coordinates": [ 7.954280738, 48.757634046 ] }, "properties": { "name": "École Maternelle Molière", "amenity": "school" } }, { "type": "Feature", "geometry": { "type": "Point", "coordinates": [ 7.716411379, 48.734441417 ] }, "properties": { "name": "École élémentaire Pierre Pflimlin", "amenity": "school" } }, { "type": "Feature", "geometry": { "type": "Point", "coordinates": [ 7.62228479, 48.39481401 ] }, "properties": { "name": "Collège Saint-Joseph", "amenity": "school" } }, { "type": "Feature", "geometry": { "type": "Point", "coordinates": [ -0.5757752, 44.8252911 ] }, "properties": { "name": "Lycée technologique privé Saint-Vincent de Paul", "amenity": "school" } }, { "type": "Feature", "geometry": { "type": "Point", "coordinates": [ -0.599470029, 44.94603456 ] }, "properties": { "name": "École élémentaire Jean Jaurès", "amenity": "school" } }, { "type": "Feature", "geometry": { "type": "Point", "coordinates": [ -0.5488373, 44.7512402 ] }, "properties": { "name": "École Montessori Bordeaux Cadaujac", "amenity": "school" } }, { "type": "Feature", "geometry": { "type": "Point", "coordinates": [ 7.1775708, 48.9518974 ] }, "properties": { "name": "École primaire", "amenity": "school" } }, { "type": "Feature", "geometry": { "type": "Point", "coordinates": [ -0.627524166, 44.911867362 ] }, "properties": { "name": "École maternelle de la Renney", "amenity": "school" } }, { "type": "Feature", "geometry": { "type": "Point", "coordinates": [ 7.4563104, 48.2628895 ] }, "properties": { "name": "Lycée général et technologique Docteur Koeberlé", "amenity": "school" } }, { "type": "Feature", "geometry": { "type": "Point", "coordinates": [ 7.4678215, 48.8502375 ] }, "properties": { "name": "École primaire", "amenity": "school" } }, { "type": "Feature", "geometry": { "type": "Point", "coordinates": [ 7.185785123, 48.422268973 ] }, "properties": { "name": "École primaire protestante", "amenity": "school" } }, { "type": "Feature", "geometry": { "type": "Point", "coordinates": [ 7.1326835, 48.3909411 ] }, "properties": { "name": "École primaire catholique", "amenity": "school" } }, { "type": "Feature", "geometry": { "type": "Point", "coordinates": [ -0.523150446, 44.874515096 ] }, "properties": { "name": "Collège Georges Lapierre", "amenity": "school" } }, { "type": "Feature", "geometry": { "type": "Point", "coordinates": [ -0.599978831, 44.729725512 ] }, "properties": { "name": "École maternelle Pauline Kergomard", "amenity": "school" } }, { "type": "Feature", "geometry": { "type": "Point", "coordinates": [ 7.6429637, 48.56007855 ] }, "properties": { "name": "Annexe Mairie", "amenity": "school" } }, { "type": "Feature", "geometry": { "type": "Point", "coordinates": [ 7.5972208, 48.7565254 ] }, "properties": { "name": "École maternelle publique le Gypsberg", "amenity": "school" } }, { "type": "Feature", "geometry": { "type": "Point", "coordinates": [ 7.70465, 48.5846 ] }, "properties": { "name": "Institut de formation d'ambulanciers", "amenity": "college" } }, { "type": "Feature", "geometry": { "type": "Point", "coordinates": [ -0.6446149, 44.7961617 ] }, "properties": { "name": "Les petits petons", "amenity": "kindergarten" } }, { "type": "Feature", "geometry": { "type": "Point", "coordinates": [ -0.4970677, 45.0823949 ] }, "properties": { "name": "Creche Les Galopins des Vignes", "amenity": "kindergarten" } }, { "type": "Feature", "geometry": { "type": "Point", "coordinates": [ -0.5696519, 44.8314367 ] }, "properties": { "name": "ImmaConcept Bordeaux", "amenity": "college" } }, { "type": "Feature", "geometry": { "type": "Point", "coordinates": [ -0.586038986, 44.873701931 ] }, "properties": { "name": "École maternelle Arc en ciel", "amenity": "school" } }, { "type": "Feature", "geometry": { "type": "Point", "coordinates": [ 7.704606986, 48.372764166 ] }, "properties": { "name": "Collège Les Cigognes", "amenity": "school" } }, { "type": "Feature", "geometry": { "type": "Point", "coordinates": [ -0.498899769, 44.923653681 ] }, "properties": { "name": "École maternelle Bel Air", "amenity": "school" } }, { "type": "Feature", "geometry": { "type": "Point", "coordinates": [ 7.2305089, 48.4835129 ] }, "properties": { "name": "Cité scolaire Haute Bruche", "amenity": "school" } }, { "type": "Feature", "geometry": { "type": "Point", "coordinates": [ -1.153027505, 44.654791356 ] }, "properties": { "name": "Collège Lycée Privé Saint-Elme", "amenity": "school" } }, { "type": "Feature", "geometry": { "type": "Point", "coordinates": [ 7.855300789, 48.755579665 ] }, "properties": { "name": "École maternelle Rebgarten", "amenity": "school" } }, { "type": "Feature", "geometry": { "type": "Point", "coordinates": [ 7.280682585, 48.909277973 ] }, "properties": { "name": "École primaire", "amenity": "school" } }, { "type": "Feature", "geometry": { "type": "Point", "coordinates": [ 7.7775798, 48.5778936 ] }, "properties": { "name": "École maternelle Jacques Sturm", "amenity": "school" } }, { "type": "Feature", "geometry": { "type": "Point", "coordinates": [ -0.379297958, 45.015457399 ] }, "properties": { "name": "École Jacques Colavolpe", "amenity": "school" } }, { "type": "Feature", "geometry": { "type": "Point", "coordinates": [ 7.2435519, 48.8579574 ] }, "properties": { "name": "École primaire", "amenity": "school" } }, { "type": "Feature", "geometry": { "type": "Point", "coordinates": [ -0.432983, 44.9906596 ] }, "properties": { "name": "École élémentaire publique Lucie Aubrac", "amenity": "school" } }, { "type": "Feature", "geometry": { "type": "Point", "coordinates": [ 7.750022279, 48.605763528 ] }, "properties": { "name": "École primaire Exen Schweitzer", "amenity": "school" } }, { "type": "Feature", "geometry": { "type": "Point", "coordinates": [ 7.6992276, 48.8106812 ] }, "properties": { "name": "École maternelle", "amenity": "school" } }, { "type": "Feature", "geometry": { "type": "Point", "coordinates": [ -0.5139914, 44.851498 ] }, "properties": { "name": "École maternelle Anatole France", "amenity": "school" } }, { "type": "Feature", "geometry": { "type": "Point", "coordinates": [ -0.587625192, 44.810062116 ] }, "properties": { "name": "École maternelle Joliot-Curie", "amenity": "school" } }, { "type": "Feature", "geometry": { "type": "Point", "coordinates": [ -0.779099, 44.574477601 ] }, "properties": { "name": "École primaire Lavignolle", "amenity": "school" } }, { "type": "Feature", "geometry": { "type": "Point", "coordinates": [ -0.67141616, 44.955070421 ] }, "properties": { "name": "École Élémentaire du Bourg", "amenity": "school" } }, { "type": "Feature", "geometry": { "type": "Point", "coordinates": [ 7.5846333, 48.3737003 ] }, "properties": { "name": "L'Atelier du Nido", "amenity": "kindergarten" } }, { "type": "Feature", "geometry": { "type": "Point", "coordinates": [ -0.563690961, 44.786969313 ] }, "properties": { "name": "Lycée Václav Havel", "amenity": "school" } }, { "type": "Feature", "geometry": { "type": "Point", "coordinates": [ -0.553615606, 44.84166397 ] }, "properties": { "name": "Collège Léonard Lenoir", "amenity": "school" } }, { "type": "Feature", "geometry": { "type": "Point", "coordinates": [ 7.7454959, 48.5757982 ] }, "properties": { "name": "Département d'Anesthésiologie", "amenity": "university" } }, { "type": "Feature", "geometry": { "type": "Point", "coordinates": [ -0.43533514, 44.750905289 ] }, "properties": { "name": "École maternelle publique", "amenity": "school" } }, { "type": "Feature", "geometry": { "type": "Point", "coordinates": [ 7.756880158, 48.588666676 ] }, "properties": { "name": "Lycée René Cassin annexe Sévigné", "amenity": "school" } }, { "type": "Feature", "geometry": { "type": "Point", "coordinates": [ 7.766430178, 48.607476828 ] }, "properties": { "name": "École maternelle-élémentaire Rosa Parks", "amenity": "school" } }, { "type": "Feature", "geometry": { "type": "Point", "coordinates": [ -0.8812465, 44.547843301 ] }, "properties": { "name": "École maternelle Rive Gauche", "amenity": "school" } }, { "type": "Feature", "geometry": { "type": "Point", "coordinates": [ 7.691048377, 48.35995856 ] }, "properties": { "name": "École Primaire Sabin Salinas", "amenity": "school" } }, { "type": "Feature", "geometry": { "type": "Point", "coordinates": [ 7.568553327, 48.379646824 ] }, "properties": { "name": "École primaire de Kertzfeld", "amenity": "school" } }, { "type": "Feature", "geometry": { "type": "Point", "coordinates": [ -0.746618894, 45.075128614 ] }, "properties": { "name": "Maternelle du Grand Poujeaux", "amenity": "school" } }, { "type": "Feature", "geometry": { "type": "Point", "coordinates": [ 7.7683852, 48.5580126 ] }, "properties": { "name": "Wild Code School", "amenity": "college" } }, { "type": "Feature", "geometry": { "type": "Point", "coordinates": [ -0.502325344, 44.894820928 ] }, "properties": { "name": "École primaire Émile Barbou", "amenity": "school" } }, { "type": "Feature", "geometry": { "type": "Point", "coordinates": [ 7.763592061, 48.538171106 ] }, "properties": { "name": "Collège du Stockfeld", "amenity": "school" } }, { "type": "Feature", "geometry": { "type": "Point", "coordinates": [ -0.2457983, 44.6776715 ] }, "properties": { "name": "École elementaire", "amenity": "school" } }, { "type": "Feature", "geometry": { "type": "Point", "coordinates": [ -0.555806418, 44.843800372 ] }, "properties": { "name": "Groupe scolaire Abadie", "amenity": "school" } }, { "type": "Feature", "geometry": { "type": "Point", "coordinates": [ 7.7911171, 48.8186482 ] }, "properties": { "name": "École Montessori Saint François d'Assise", "amenity": "school" } }, { "type": "Feature", "geometry": { "type": "Point", "coordinates": [ -0.63424674, 44.88218516 ] }, "properties": { "name": "École primaire Raymond Claverie", "amenity": "school" } }, { "type": "Feature", "geometry": { "type": "Point", "coordinates": [ 7.5793755, 48.8783919 ] }, "properties": { "name": "École primaire", "amenity": "school" } }, { "type": "Feature", "geometry": { "type": "Point", "coordinates": [ 0.2317647, 44.7886602 ] }, "properties": { "name": "École maternelle", "amenity": "school" } }, { "type": "Feature", "geometry": { "type": "Point", "coordinates": [ -0.551946306, 44.842529726 ] }, "properties": { "name": "Lycée Sainte-Marie Bastide", "amenity": "school" } }, { "type": "Feature", "geometry": { "type": "Point", "coordinates": [ -0.2515757, 44.544950401 ] }, "properties": { "name": "Section d'enseignement général et professionnel adapté du Collège Toulouse Lautrec", "amenity": "school" } }, { "type": "Feature", "geometry": { "type": "Point", "coordinates": [ -0.662186779, 44.826239848 ] }, "properties": { "name": "Groupe scolaire Rosa Bonheur", "amenity": "school" } }, { "type": "Feature", "geometry": { "type": "Point", "coordinates": [ 7.881951123, 48.692046534 ] }, "properties": { "name": "École primaire l'Ill au Rhin", "amenity": "school" } }, { "type": "Feature", "geometry": { "type": "Point", "coordinates": [ 7.764031704, 48.58395695 ] }, "properties": { "name": "Faculté de physique et ingénierie", "amenity": "college" } }, { "type": "Feature", "geometry": { "type": "Point", "coordinates": [ -0.3729271, 44.6925417 ] }, "properties": { "name": "École primaire", "amenity": "school" } }, { "type": "Feature", "geometry": { "type": "Point", "coordinates": [ 7.501774988, 48.536368205 ] }, "properties": { "name": "Lycée Louis Marchal", "amenity": "school" } }, { "type": "Feature", "geometry": { "type": "Point", "coordinates": [ -0.555308228, 44.818412307 ] }, "properties": { "name": "Campus St François d'Assise", "amenity": "university" } }, { "type": "Feature", "geometry": { "type": "Point", "coordinates": [ 0.0736016, 44.7429337 ] }, "properties": { "name": "École primaire Georges Faure", "amenity": "school" } }, { "type": "Feature", "geometry": { "type": "Point", "coordinates": [ 7.769405419, 48.551205209 ] }, "properties": { "name": "École Élémentaire Guynemer", "amenity": "school" } }, { "type": "Feature", "geometry": { "type": "Point", "coordinates": [ -0.5897662, 44.7929346 ] }, "properties": { "name": "École maternelle Jules Michelet", "amenity": "school" } }, { "type": "Feature", "geometry": { "type": "Point", "coordinates": [ 7.665683593, 48.933609822 ] }, "properties": { "name": "École Elémentaire François Grussenmeyer", "amenity": "school" } }, { "type": "Feature", "geometry": { "type": "Point", "coordinates": [ 7.7549259, 48.5710032 ] }, "properties": { "name": "Tamaïti", "amenity": "kindergarten" } }, { "type": "Feature", "geometry": { "type": "Point", "coordinates": [ 7.7349236, 48.5773751 ] }, "properties": { "name": "ISG Strasbourg", "amenity": "college" } }, { "type": "Feature", "geometry": { "type": "Point", "coordinates": [ -0.6087124, 44.9471022 ] }, "properties": { "name": "Espace multi accueil Le Petit Prince", "amenity": "kindergarten" } }, { "type": "Feature", "geometry": { "type": "Point", "coordinates": [ 7.596537219, 48.411252583 ] }, "properties": { "name": "École élémentaire d'Uttenheim", "amenity": "school" } }, { "type": "Feature", "geometry": { "type": "Point", "coordinates": [ 7.739247472, 48.633003979 ] }, "properties": { "name": "École primaire Rapp", "amenity": "school" } }, { "type": "Feature", "geometry": { "type": "Point", "coordinates": [ -0.514393427, 44.875427719 ] }, "properties": { "name": "École Maternelle Jean Rostand", "amenity": "school" } }, { "type": "Feature", "geometry": { "type": "Point", "coordinates": [ -0.607638, 44.776599 ] }, "properties": { "name": "Collège Fontaines de Monjous", "amenity": "school" } }, { "type": "Feature", "geometry": { "type": "Point", "coordinates": [ 7.6083434, 48.5058933 ] }, "properties": { "name": "École Élémentaire du Gloeckelberg", "amenity": "school" } }, { "type": "Feature", "geometry": { "type": "Point", "coordinates": [ 7.7900779, 48.8118478 ] }, "properties": { "name": "Lycée professionnel privé Institution Sainte-Philomène", "amenity": "school" } }, { "type": "Feature", "geometry": { "type": "Point", "coordinates": [ 7.9381515, 48.9737713 ] }, "properties": { "name": "École primaire", "amenity": "school" } }, { "type": "Feature", "geometry": { "type": "Point", "coordinates": [ 7.483618039, 48.827263973 ] }, "properties": { "name": "Bâtiment Scientifique", "amenity": "college" } }, { "type": "Feature", "geometry": { "type": "Point", "coordinates": [ -0.882021868, 44.546082254 ] }, "properties": { "name": "Collège Aliénor d'Aquitaine", "amenity": "school" } }, { "type": "Feature", "geometry": { "type": "Point", "coordinates": [ -0.976353191, 44.635867268 ] }, "properties": { "name": "Collège Jean Zay", "amenity": "school" } }, { "type": "Feature", "geometry": { "type": "Point", "coordinates": [ 7.362851946, 48.739812399 ] }, "properties": { "name": "École Bilingue Privée Le Sequoia", "amenity": "school" } }, { "type": "Feature", "geometry": { "type": "Point", "coordinates": [ 7.714705463, 48.551787153 ] }, "properties": { "name": "Collège Martin Schongauer", "amenity": "school" } }, { "type": "Feature", "geometry": { "type": "Point", "coordinates": [ -0.531104389, 44.837532627 ] }, "properties": { "name": "École maternelle Pierre et Marie Curie", "amenity": "school" } }, { "type": "Feature", "geometry": { "type": "Point", "coordinates": [ -0.1580837, 44.560117801 ] }, "properties": { "name": "Crèche", "amenity": "kindergarten" } }, { "type": "Feature", "geometry": { "type": "Point", "coordinates": [ 7.7949233, 49.0027613 ] }, "properties": { "name": "École maternelle", "amenity": "school" } }, { "type": "Feature", "geometry": { "type": "Point", "coordinates": [ -0.665521, 44.7969164 ] }, "properties": { "name": "École maternelle Alouette", "amenity": "school" } }, { "type": "Feature", "geometry": { "type": "Point", "coordinates": [ -0.596739914, 44.852675412 ] }, "properties": { "name": "École primaire privée Saint-Joseph de Tivoli", "amenity": "school" } }, { "type": "Feature", "geometry": { "type": "Point", "coordinates": [ 7.4449166, 48.6390542 ] }, "properties": { "name": "École maternelle Jean Cocteau", "amenity": "school" } }, { "type": "Feature", "geometry": { "type": "Point", "coordinates": [ 7.85231588, 48.771262745 ] }, "properties": { "name": "École maternelle Chérifi", "amenity": "school" } }, { "type": "Feature", "geometry": { "type": "Point", "coordinates": [ 7.2997965, 48.3427514 ] }, "properties": { "name": "École primaire Mixte", "amenity": "school" } }, { "type": "Feature", "geometry": { "type": "Point", "coordinates": [ 7.112421785, 48.901316646 ] }, "properties": { "name": "École primaire", "amenity": "school" } }, { "type": "Feature", "geometry": { "type": "Point", "coordinates": [ -0.7804782, 44.611286701 ] }, "properties": { "name": "École élémentaire Lou Pin Bert", "amenity": "school" } }, { "type": "Feature", "geometry": { "type": "Point", "coordinates": [ 7.767853251, 48.578270236 ] }, "properties": { "name": "Athena", "amenity": "university" } }, { "type": "Feature", "geometry": { "type": "Point", "coordinates": [ -0.569091324, 44.824065801 ] }, "properties": { "name": "École élementaire Cazemajor", "amenity": "school" } }, { "type": "Feature", "geometry": { "type": "Point", "coordinates": [ -0.5569796, 44.8634757 ] }, "properties": { "name": "ESARC EVOLUTION", "amenity": "college" } }, { "type": "Feature", "geometry": { "type": "Point", "coordinates": [ 7.549869306, 48.775177701 ] }, "properties": { "name": "École primaire", "amenity": "school" } }, { "type": "Feature", "geometry": { "type": "Point", "coordinates": [ -0.562593471, 44.791817035 ] }, "properties": { "name": "École maternelle Jacques Prévert", "amenity": "school" } }, { "type": "Feature", "geometry": { "type": "Point", "coordinates": [ -0.435244771, 44.995297704 ] }, "properties": { "name": "École Suzanne Lacore", "amenity": "school" } }, { "type": "Feature", "geometry": { "type": "Point", "coordinates": [ 7.72180625, 48.581108419 ] }, "properties": { "name": "Centre de formation des Compagnons du Devoir", "amenity": "college" } }, { "type": "Feature", "geometry": { "type": "Point", "coordinates": [ -0.426703806, 44.91753744 ] }, "properties": { "name": "École élémentaire Hector Ducamp", "amenity": "school" } }, { "type": "Feature", "geometry": { "type": "Point", "coordinates": [ -0.591982016, 44.799784994 ] }, "properties": { "name": "Collège Victor Louis", "amenity": "school" } }, { "type": "Feature", "geometry": { "type": "Point", "coordinates": [ -0.488855206, 44.927763687 ] }, "properties": { "name": "Maison de la petite enfance", "amenity": "kindergarten" } }, { "type": "Feature", "geometry": { "type": "Point", "coordinates": [ -0.569906915, 44.856591397 ] }, "properties": { "name": "École élémentaire Balguerie", "amenity": "school" } }, { "type": "Feature", "geometry": { "type": "Point", "coordinates": [ -0.5765464, 44.8661958 ] }, "properties": { "name": "Bordeaux YNOV Campus", "amenity": "college" } }, { "type": "Feature", "geometry": { "type": "Point", "coordinates": [ -0.5568868, 44.8634564 ] }, "properties": { "name": "École Arts Appliqués, Design & Multimédia", "amenity": "college" } }, { "type": "Feature", "geometry": { "type": "Point", "coordinates": [ -0.216177752, 44.433630107 ] }, "properties": { "name": "École maternelle Pèir de Ladis", "amenity": "school" } }, { "type": "Feature", "geometry": { "type": "Point", "coordinates": [ -0.3526179, 44.7733457 ] }, "properties": { "name": "Section d'enseignement général et professionnel adapté du Collège François Mitterrand", "amenity": "school" } }, { "type": "Feature", "geometry": { "type": "Point", "coordinates": [ -0.363546341, 44.769023731 ] }, "properties": { "name": "Lycée polyvalent Robert Badinter", "amenity": "school" } }, { "type": "Feature", "geometry": { "type": "Point", "coordinates": [ 7.7063182, 48.7843623 ] }, "properties": { "name": "École primaire", "amenity": "school" } }, { "type": "Feature", "geometry": { "type": "Point", "coordinates": [ -0.5868467, 44.8520413 ] }, "properties": { "name": "Pitchoun' crèche quatre saisons", "amenity": "kindergarten" } }, { "type": "Feature", "geometry": { "type": "Point", "coordinates": [ -0.668809229, 44.796220811 ] }, "properties": { "name": "École primaire Pierre Castaing", "amenity": "school" } }, { "type": "Feature", "geometry": { "type": "Point", "coordinates": [ -0.586239722, 44.764668384 ] }, "properties": { "name": "École Maternelle Jean Jaurès", "amenity": "school" } }, { "type": "Feature", "geometry": { "type": "Point", "coordinates": [ -0.578236, 44.7764089 ] }, "properties": { "name": "Les Lutins", "amenity": "kindergarten" } }, { "type": "Feature", "geometry": { "type": "Point", "coordinates": [ 7.2557672, 48.4967048 ] }, "properties": { "name": "École primaire catholique", "amenity": "school" } }, { "type": "Feature", "geometry": { "type": "Point", "coordinates": [ -1.04254642, 45.079199448 ] }, "properties": { "name": "École Pierre Vigneau", "amenity": "school" } }, { "type": "Feature", "geometry": { "type": "Point", "coordinates": [ 7.836660133, 48.791935201 ] }, "properties": { "name": "École élémentaire de Kaltenhouse", "amenity": "school" } }, { "type": "Feature", "geometry": { "type": "Point", "coordinates": [ 7.187785063, 48.943461522 ] }, "properties": { "name": "École maternelle", "amenity": "school" } }, { "type": "Feature", "geometry": { "type": "Point", "coordinates": [ -0.628175027, 44.91158039 ] }, "properties": { "name": "École primaire de la Renney", "amenity": "school" } }, { "type": "Feature", "geometry": { "type": "Point", "coordinates": [ -0.2469362, 44.9151171 ] }, "properties": { "name": "Collège privé Saint-Joseph", "amenity": "school" } }, { "type": "Feature", "geometry": { "type": "Point", "coordinates": [ -0.601830225, 44.799252838 ] }, "properties": { "name": "CREPS", "amenity": "college" } }, { "type": "Feature", "geometry": { "type": "Point", "coordinates": [ 7.763723588, 48.58080027 ] }, "properties": { "name": "Institut de Biologie Moléculaire des Plantes", "amenity": "university" } }, { "type": "Feature", "geometry": { "type": "Point", "coordinates": [ 7.761776631, 48.578531398 ] }, "properties": { "name": "Escarpe", "amenity": "university" } }, { "type": "Feature", "geometry": { "type": "Point", "coordinates": [ -0.423288707, 44.696344036 ] }, "properties": { "name": "École maternelle", "amenity": "school" } }, { "type": "Feature", "geometry": { "type": "Point", "coordinates": [ -0.576332342, 44.832464066 ] }, "properties": { "name": "École élémentaire Henri IV", "amenity": "school" } }, { "type": "Feature", "geometry": { "type": "Point", "coordinates": [ -0.206862784, 44.989717432 ] }, "properties": { "name": "École primaire", "amenity": "school" } }, { "type": "Feature", "geometry": { "type": "Point", "coordinates": [ -0.25209819, 44.545041327 ] }, "properties": { "name": "Collège Toulouse-Lautrec", "amenity": "school" } }, { "type": "Feature", "geometry": { "type": "Point", "coordinates": [ 7.038074416, 48.934612404 ] }, "properties": { "name": "École maternelle", "amenity": "school" } }, { "type": "Feature", "geometry": { "type": "Point", "coordinates": [ -0.1722247, 44.8084233 ] }, "properties": { "name": "École élémentaire", "amenity": "school" } }, { "type": "Feature", "geometry": { "type": "Point", "coordinates": [ -0.313263813, 44.897820086 ] }, "properties": { "name": "École élémentaire Édouard Dubois", "amenity": "school" } }, { "type": "Feature", "geometry": { "type": "Point", "coordinates": [ 7.765049794, 48.58455756 ] }, "properties": { "name": "Faculté de Psychologie", "amenity": "college" } }, { "type": "Feature", "geometry": { "type": "Point", "coordinates": [ 7.571545756, 48.75878987 ] }, "properties": { "name": "École Élémentaire", "amenity": "school" } }, { "type": "Feature", "geometry": { "type": "Point", "coordinates": [ 7.4465208, 48.4061941 ] }, "properties": { "name": "École maternelle des Vignes", "amenity": "school" } }, { "type": "Feature", "geometry": { "type": "Point", "coordinates": [ -0.959689453, 45.407590662 ] }, "properties": { "name": "École primaire", "amenity": "school" } }, { "type": "Feature", "geometry": { "type": "Point", "coordinates": [ -0.576437136, 44.834334095 ] }, "properties": { "name": "Collège Franscisco Goya", "amenity": "school" } }, { "type": "Feature", "geometry": { "type": "Point", "coordinates": [ -0.273203377, 44.991835433 ] }, "properties": { "name": "École maternelle", "amenity": "school" } }, { "type": "Feature", "geometry": { "type": "Point", "coordinates": [ 7.7377291, 48.6137058 ] }, "properties": { "name": "Collège Lamartine", "amenity": "school" } }, { "type": "Feature", "geometry": { "type": "Point", "coordinates": [ 7.6119782, 48.8192907 ] }, "properties": { "name": "École primaire", "amenity": "school" } }, { "type": "Feature", "geometry": { "type": "Point", "coordinates": [ -0.688784151, 44.999172685 ] }, "properties": { "name": "École primaire", "amenity": "school" } }, { "type": "Feature", "geometry": { "type": "Point", "coordinates": [ 7.678091097, 48.4892846 ] }, "properties": { "name": "École maternelle Tomi Ungerer", "amenity": "school" } }, { "type": "Feature", "geometry": { "type": "Point", "coordinates": [ 7.716584203, 48.607911189 ] }, "properties": { "name": "École Européenne de Chimie, Polymères et Matériaux", "amenity": "university" } }, { "type": "Feature", "geometry": { "type": "Point", "coordinates": [ 7.815119572, 48.751985831 ] }, "properties": { "name": "École primaire", "amenity": "school" } }, { "type": "Feature", "geometry": { "type": "Point", "coordinates": [ 7.858989665, 48.764869328 ] }, "properties": { "name": "École primaire des Menuisiers", "amenity": "school" } }, { "type": "Feature", "geometry": { "type": "Point", "coordinates": [ -0.5660454, 44.8624766 ] }, "properties": { "name": "Crèche, halte garderie, crèche familiale des Chartrons", "amenity": "kindergarten" } }, { "type": "Feature", "geometry": { "type": "Point", "coordinates": [ 7.967643513, 49.029632228 ] }, "properties": { "name": "École Maternelle d'Altenstadt", "amenity": "school" } }, { "type": "Feature", "geometry": { "type": "Point", "coordinates": [ 7.400690971, 48.548586313 ] }, "properties": { "name": "École maternelle", "amenity": "school" } }, { "type": "Feature", "geometry": { "type": "Point", "coordinates": [ 7.771169489, 48.552775739 ] }, "properties": { "name": "École maternelle Ariane Icare", "amenity": "school" } }, { "type": "Feature", "geometry": { "type": "Point", "coordinates": [ 7.963807913, 48.835574076 ] }, "properties": { "name": "Collège Albert Camus", "amenity": "school" } }, { "type": "Feature", "geometry": { "type": "Point", "coordinates": [ -0.550232499, 44.803521922 ] }, "properties": { "name": "École Jeanne d'Arc", "amenity": "school" } }, { "type": "Feature", "geometry": { "type": "Point", "coordinates": [ 7.7541244, 48.5695096 ] }, "properties": { "name": "Les anges du Neufeld", "amenity": "kindergarten" } }, { "type": "Feature", "geometry": { "type": "Point", "coordinates": [ 7.7619021, 48.5629505 ] }, "properties": { "name": "L?odyssée des ptits bouts", "amenity": "kindergarten" } }, { "type": "Feature", "geometry": { "type": "Point", "coordinates": [ -0.636160727, 44.811769799 ] }, "properties": { "name": "Collège Noès", "amenity": "school" } }, { "type": "Feature", "geometry": { "type": "Point", "coordinates": [ 7.827496204, 48.651060735 ] }, "properties": { "name": "École maternelle Woerthel", "amenity": "school" } }, { "type": "Feature", "geometry": { "type": "Point", "coordinates": [ 7.49650175, 48.538994191 ] }, "properties": { "name": "Lycee Camille Schneider", "amenity": "school" } }, { "type": "Feature", "geometry": { "type": "Point", "coordinates": [ -0.5412942, 44.8049989 ] }, "properties": { "name": "Ribambulle", "amenity": "kindergarten" } }, { "type": "Feature", "geometry": { "type": "Point", "coordinates": [ 7.736864947, 48.875336436 ] }, "properties": { "name": "École primaire", "amenity": "school" } }, { "type": "Feature", "geometry": { "type": "Point", "coordinates": [ 7.765847802, 48.579701612 ] }, "properties": { "name": "Institut de Physiologie et Chimie Biologique", "amenity": "university" } }, { "type": "Feature", "geometry": { "type": "Point", "coordinates": [ 7.739736341, 48.590686229 ] }, "properties": { "name": "ESAV Strasbourg", "amenity": "college" } }, { "type": "Feature", "geometry": { "type": "Point", "coordinates": [ -0.237076065, 44.953218507 ] }, "properties": { "name": "École élémentaire des Billaux", "amenity": "school" } }, { "type": "Feature", "geometry": { "type": "Point", "coordinates": [ 7.5053963, 48.7879744 ] }, "properties": { "name": "École maternelle", "amenity": "school" } }, { "type": "Feature", "geometry": { "type": "Point", "coordinates": [ -0.5556376, 44.8431486 ] }, "properties": { "name": "Icono Class", "amenity": "school" } }, { "type": "Feature", "geometry": { "type": "Point", "coordinates": [ 7.765239574, 48.915538982 ] }, "properties": { "name": "École maternelle", "amenity": "school" } }, { "type": "Feature", "geometry": { "type": "Point", "coordinates": [ -0.039742893, 44.580894259 ] }, "properties": { "name": "Lycée Jean Renou", "amenity": "school" } }, { "type": "Feature", "geometry": { "type": "Point", "coordinates": [ -0.5521727, 44.8432129 ] }, "properties": { "name": "École primaire Sainte-Marie Bastide", "amenity": "school" } }, { "type": "Feature", "geometry": { "type": "Point", "coordinates": [ -0.699139289, 44.902890562 ] }, "properties": { "name": "Groupe scolaire La Boétie", "amenity": "school" } }, { "type": "Feature", "geometry": { "type": "Point", "coordinates": [ 7.6299856, 48.8489649 ] }, "properties": { "name": "École maternelle Pierre Pflimlin", "amenity": "school" } }, { "type": "Feature", "geometry": { "type": "Point", "coordinates": [ -0.513426995, 44.873636543 ] }, "properties": { "name": "École maternelle Eugène Leroy", "amenity": "school" } }, { "type": "Feature", "geometry": { "type": "Point", "coordinates": [ 7.659817891, 48.423264374 ] }, "properties": { "name": "École primaire Pierre et Marie Curie", "amenity": "school" } }, { "type": "Feature", "geometry": { "type": "Point", "coordinates": [ 7.451748483, 48.405203912 ] }, "properties": { "name": "École primaire et élémentaire des Vosges", "amenity": "school" } }, { "type": "Feature", "geometry": { "type": "Point", "coordinates": [ 7.49008634, 48.462575034 ] }, "properties": { "name": "Lycée des Métiers Paul-Émile Victor", "amenity": "school" } }, { "type": "Feature", "geometry": { "type": "Point", "coordinates": [ -0.243568, 44.9110392 ] }, "properties": { "name": "Crèche Municipale", "amenity": "kindergarten" } }, { "type": "Feature", "geometry": { "type": "Point", "coordinates": [ -1.093666561, 44.736028484 ] }, "properties": { "name": "École élémentaire du Bétey", "amenity": "school" } }, { "type": "Feature", "geometry": { "type": "Point", "coordinates": [ 7.776186485, 48.600216092 ] }, "properties": { "name": "École Européenne de Strasbourg", "amenity": "college" } }, { "type": "Feature", "geometry": { "type": "Point", "coordinates": [ 7.083769149, 49.013607389 ] }, "properties": { "name": "École primaire", "amenity": "school" } }, { "type": "Feature", "geometry": { "type": "Point", "coordinates": [ -0.606868068, 44.834847342 ] }, "properties": { "name": "Lycée professionnel privé Saint-Augustin", "amenity": "school" } }, { "type": "Feature", "geometry": { "type": "Point", "coordinates": [ 7.761384948, 48.552583145 ] }, "properties": { "name": "Groupe Scolaire Ziegelwasser", "amenity": "school" } }, { "type": "Feature", "geometry": { "type": "Point", "coordinates": [ 7.5915013, 48.3708241 ] }, "properties": { "name": "Les Poussins et Les Chérubins", "amenity": "kindergarten" } }, { "type": "Feature", "geometry": { "type": "Point", "coordinates": [ -0.5575254, 44.8452525 ] }, "properties": { "name": "IAE Bordeaux", "amenity": "college" } }, { "type": "Feature", "geometry": { "type": "Point", "coordinates": [ 7.599929161, 48.3714654 ] }, "properties": { "name": "Collège Robert Schuman", "amenity": "school" } }, { "type": "Feature", "geometry": { "type": "Point", "coordinates": [ -0.313997751, 44.821131691 ] }, "properties": { "name": "Groupe scolaire Raoul Secondat de Montesquieu", "amenity": "school" } }, { "type": "Feature", "geometry": { "type": "Point", "coordinates": [ 7.485478195, 48.735946379 ] }, "properties": { "name": "Salle de motricité", "amenity": "school" } }, { "type": "Feature", "geometry": { "type": "Point", "coordinates": [ -0.560344567, 44.830681064 ] }, "properties": { "name": "École des Beaux-Arts", "amenity": "university" } }, { "type": "Feature", "geometry": { "type": "Point", "coordinates": [ -0.614742274, 44.793708999 ] }, "properties": { "name": "Faculté des sciences et techniques des activités physiques et sportives", "amenity": "university" } }, { "type": "Feature", "geometry": { "type": "Point", "coordinates": [ 7.70588581, 48.579697724 ] }, "properties": { "name": "Groupe Scolaire du Hohberg", "amenity": "school" } }, { "type": "Feature", "geometry": { "type": "Point", "coordinates": [ 8.039214836, 48.829038311 ] }, "properties": { "name": "École maternelle de la Roselière", "amenity": "school" } }, { "type": "Feature", "geometry": { "type": "Point", "coordinates": [ -0.564776598, 44.806271441 ] }, "properties": { "name": "École élémentaire Roger Salengro", "amenity": "school" } }, { "type": "Feature", "geometry": { "type": "Point", "coordinates": [ 7.405058983, 48.549517752 ] }, "properties": { "name": "École primaire", "amenity": "school" } }, { "type": "Feature", "geometry": { "type": "Point", "coordinates": [ -0.325528767, 44.643730718 ] }, "properties": { "name": "École Primaire Publique", "amenity": "school" } }, { "type": "Feature", "geometry": { "type": "Point", "coordinates": [ 7.753029705, 48.589806496 ] }, "properties": { "name": "École Aquiba (Lycée général privé)", "amenity": "school" } }, { "type": "Feature", "geometry": { "type": "Point", "coordinates": [ 7.726926492, 48.565800001 ] }, "properties": { "name": "Groupe Scolaire Léonard de Vinci", "amenity": "school" } }, { "type": "Feature", "geometry": { "type": "Point", "coordinates": [ -0.5291217, 44.7971046 ] }, "properties": { "name": "People & Baby", "amenity": "kindergarten" } }, { "type": "Feature", "geometry": { "type": "Point", "coordinates": [ -0.58899557, 44.831172394 ] }, "properties": { "name": "École maternelle Alphonse Dupeux", "amenity": "school" } }, { "type": "Feature", "geometry": { "type": "Point", "coordinates": [ -0.369588405, 44.602062218 ] }, "properties": { "name": "Multiaccueil les P'tits Gribouilles", "amenity": "kindergarten" } }, { "type": "Feature", "geometry": { "type": "Point", "coordinates": [ -0.587234759, 44.764767332 ] }, "properties": { "name": "École élémentaire Jean Jaurès", "amenity": "school" } }, { "type": "Feature", "geometry": { "type": "Point", "coordinates": [ -0.596661612, 44.832198614 ] }, "properties": { "name": "École élémentaire privée St Projet", "amenity": "school" } }, { "type": "Feature", "geometry": { "type": "Point", "coordinates": [ 7.539088982, 48.893004095 ] }, "properties": { "name": "École primaire", "amenity": "school" } }, { "type": "Feature", "geometry": { "type": "Point", "coordinates": [ -0.541620808, 44.845571485 ] }, "properties": { "name": "Ancien collège Jacques Ellul", "amenity": "school" } }, { "type": "Feature", "geometry": { "type": "Point", "coordinates": [ -0.578487678, 44.824264124 ] }, "properties": { "name": "Crèche Jean Marquaux", "amenity": "kindergarten" } }, { "type": "Feature", "geometry": { "type": "Point", "coordinates": [ -0.351478003, 44.649726704 ] }, "properties": { "name": "Collège Georges Brassens Podensac", "amenity": "school" } }, { "type": "Feature", "geometry": { "type": "Point", "coordinates": [ 7.6581837, 48.9275973 ] }, "properties": { "name": "École maternelle Pierre de Leusse", "amenity": "school" } }, { "type": "Feature", "geometry": { "type": "Point", "coordinates": [ 7.540457827, 48.449184803 ] }, "properties": { "name": "École Élémentaire St-Odile", "amenity": "school" } }, { "type": "Feature", "geometry": { "type": "Point", "coordinates": [ -0.050559019, 44.851492578 ] }, "properties": { "name": "Collège Aliénor d'Aquitaine", "amenity": "school" } }, { "type": "Feature", "geometry": { "type": "Point", "coordinates": [ -0.286247881, 44.819764811 ] }, "properties": { "name": "Crèche", "amenity": "kindergarten" } }, { "type": "Feature", "geometry": { "type": "Point", "coordinates": [ -0.579605955, 44.817091991 ] }, "properties": { "name": "École maternelle Jean Jaurès", "amenity": "school" } }, { "type": "Feature", "geometry": { "type": "Point", "coordinates": [ 7.487846774, 48.847786 ] }, "properties": { "name": "École primaire", "amenity": "school" } }, { "type": "Feature", "geometry": { "type": "Point", "coordinates": [ -0.5818027, 44.829402 ] }, "properties": { "name": "L'Artelier - Enseignement artistique", "amenity": "school" } }, { "type": "Feature", "geometry": { "type": "Point", "coordinates": [ -0.636020623, 44.915739405 ] }, "properties": { "name": "Lycée Jean Monnet", "amenity": "college" } }, { "type": "Feature", "geometry": { "type": "Point", "coordinates": [ -0.6152319, 44.7761036 ] }, "properties": { "name": "École élémentaire Saint-Exupéry", "amenity": "school" } }, { "type": "Feature", "geometry": { "type": "Point", "coordinates": [ -0.2984915, 44.582653101 ] }, "properties": { "name": "École primaire de Preignac", "amenity": "school" } }, { "type": "Feature", "geometry": { "type": "Point", "coordinates": [ 0.221161241, 44.838981488 ] }, "properties": { "name": "École élémentaire Paul Bert", "amenity": "school" } }, { "type": "Feature", "geometry": { "type": "Point", "coordinates": [ -0.533644086, 44.775030075 ] }, "properties": { "name": "École maternelle André-Césaire", "amenity": "school" } }, { "type": "Feature", "geometry": { "type": "Point", "coordinates": [ -0.648703333, 44.852096952 ] }, "properties": { "name": "École maternelle Les Bosquets", "amenity": "school" } }, { "type": "Feature", "geometry": { "type": "Point", "coordinates": [ 7.6143241, 48.3104226 ] }, "properties": { "name": "Micro-crèche \"L'arc en Ciel\"", "amenity": "kindergarten" } }, { "type": "Feature", "geometry": { "type": "Point", "coordinates": [ -0.704307, 44.791894 ] }, "properties": { "name": "École maternelle Magonty", "amenity": "school" } }, { "type": "Feature", "geometry": { "type": "Point", "coordinates": [ 7.705518067, 48.581038306 ] }, "properties": { "name": "Collège Jacques Twinger", "amenity": "school" } }, { "type": "Feature", "geometry": { "type": "Point", "coordinates": [ 7.580596846, 48.358091137 ] }, "properties": { "name": "École élémentaire de Huttenheim", "amenity": "school" } }, { "type": "Feature", "geometry": { "type": "Point", "coordinates": [ -0.591416373, 44.813841093 ] }, "properties": { "name": "L'Îlot des enfants", "amenity": "kindergarten" } }, { "type": "Feature", "geometry": { "type": "Point", "coordinates": [ -0.5745719, 44.8659985 ] }, "properties": { "name": "ESME Sudria", "amenity": "college" } }, { "type": "Feature", "geometry": { "type": "Point", "coordinates": [ -0.542336556, 44.799796416 ] }, "properties": { "name": "Crèche Frimousse", "amenity": "kindergarten" } }, { "type": "Feature", "geometry": { "type": "Point", "coordinates": [ -0.581488098, 44.828190871 ] }, "properties": { "name": "Institut de Formation d'Aides-Soignants Saint Antoine", "amenity": "college" } }, { "type": "Feature", "geometry": { "type": "Point", "coordinates": [ -0.5837683, 44.8590985 ] }, "properties": { "name": "Multi Accueil Grand Parc", "amenity": "kindergarten" } }, { "type": "Feature", "geometry": { "type": "Point", "coordinates": [ -0.2288913, 44.566639501 ] }, "properties": { "name": "Ecole primaire", "amenity": "school" } }, { "type": "Feature", "geometry": { "type": "Point", "coordinates": [ -0.2429668, 44.9121306 ] }, "properties": { "name": "École maternelle privée Marie Immaculée", "amenity": "school" } }, { "type": "Feature", "geometry": { "type": "Point", "coordinates": [ -0.2321427, 44.917431 ] }, "properties": { "name": "Halte-Garderie", "amenity": "kindergarten" } }, { "type": "Feature", "geometry": { "type": "Point", "coordinates": [ -0.4116799, 44.8207409 ] }, "properties": { "name": "Group Scolaire", "amenity": "school" } }, { "type": "Feature", "geometry": { "type": "Point", "coordinates": [ -0.1624096, 44.576046401 ] }, "properties": { "name": "École primaire publique", "amenity": "school" } }, { "type": "Feature", "geometry": { "type": "Point", "coordinates": [ -1.0486139, 44.7135429 ] }, "properties": { "name": "École maternelle Georges Brassens", "amenity": "school" } }, { "type": "Feature", "geometry": { "type": "Point", "coordinates": [ 7.678797185, 48.607780929 ] }, "properties": { "name": "Halte-garderie", "amenity": "kindergarten" } }, { "type": "Feature", "geometry": { "type": "Point", "coordinates": [ 7.9470336, 49.0356757 ] }, "properties": { "name": "École primaire Jean Frédéric Wentzel", "amenity": "school" } }, { "type": "Feature", "geometry": { "type": "Point", "coordinates": [ 7.743802251, 48.587872805 ] }, "properties": { "name": "Groupe Scolaire Notre-Dame", "amenity": "school" } }, { "type": "Feature", "geometry": { "type": "Point", "coordinates": [ -0.230083, 44.6735389 ] }, "properties": { "name": "École élémentaire", "amenity": "school" } }, { "type": "Feature", "geometry": { "type": "Point", "coordinates": [ -0.611228953, 44.801371964 ] }, "properties": { "name": "ENSMAC", "amenity": "college" } }, { "type": "Feature", "geometry": { "type": "Point", "coordinates": [ -0.571187831, 44.880227394 ] }, "properties": { "name": "Groupe scolaire Václav-Havel", "amenity": "school" } }, { "type": "Feature", "geometry": { "type": "Point", "coordinates": [ -0.5171744, 44.8625844 ] }, "properties": { "name": "Griboulis gribouillons", "amenity": "kindergarten" } }, { "type": "Feature", "geometry": { "type": "Point", "coordinates": [ -0.1272238, 45.0403866 ] }, "properties": { "name": "Suzanne Lacore", "amenity": "school" } }, { "type": "Feature", "geometry": { "type": "Point", "coordinates": [ 7.5405514, 48.63321 ] }, "properties": { "name": "École primaire catholique", "amenity": "school" } }, { "type": "Feature", "geometry": { "type": "Point", "coordinates": [ -0.597486338, 44.80959538 ] }, "properties": { "name": "Université de Bordeaux - Domaine du Haut-Carré", "amenity": "university" } }, { "type": "Feature", "geometry": { "type": "Point", "coordinates": [ 7.263787998, 48.353072347 ] }, "properties": { "name": "École du Centre", "amenity": "school" } }, { "type": "Feature", "geometry": { "type": "Point", "coordinates": [ -0.072294743, 44.747915689 ] }, "properties": { "name": "Groupe Scolaire Louis Saint-Jean", "amenity": "school" } }, { "type": "Feature", "geometry": { "type": "Point", "coordinates": [ -0.6194163, 44.7996896 ] }, "properties": { "name": "Calandreta de la Dauna", "amenity": "school" } }, { "type": "Feature", "geometry": { "type": "Point", "coordinates": [ -0.5575653, 44.7637598 ] }, "properties": { "name": "École élémentaire Jules Ferry", "amenity": "school" } }, { "type": "Feature", "geometry": { "type": "Point", "coordinates": [ -0.555275364, 44.815910094 ] }, "properties": { "name": "Groupe Scolaire Carle Vernet", "amenity": "school" } }, { "type": "Feature", "geometry": { "type": "Point", "coordinates": [ -0.522780145, 44.838540456 ] }, "properties": { "name": "École maternelle Léon Blum", "amenity": "school" } }, { "type": "Feature", "geometry": { "type": "Point", "coordinates": [ 7.7985992, 48.8000626 ] }, "properties": { "name": "École élémentaire privée ABCM Zweispachigkeit", "amenity": "school" } }, { "type": "Feature", "geometry": { "type": "Point", "coordinates": [ -0.8316899, 45.2281468 ] }, "properties": { "name": "École primaire", "amenity": "school" } }, { "type": "Feature", "geometry": { "type": "Point", "coordinates": [ -0.6596246, 45.1265121 ] }, "properties": { "name": "Collège privé Jeanne d'Arc - Saint-Romain", "amenity": "school" } }, { "type": "Feature", "geometry": { "type": "Point", "coordinates": [ -0.2098909, 44.649311 ] }, "properties": { "name": "École maternelle", "amenity": "school" } }, { "type": "Feature", "geometry": { "type": "Point", "coordinates": [ -0.5008219, 44.8474248 ] }, "properties": { "name": "CFA du transport et de la logistique", "amenity": "college" } }, { "type": "Feature", "geometry": { "type": "Point", "coordinates": [ -0.1943035, 44.7623699 ] }, "properties": { "name": "École primaire", "amenity": "school" } }, { "type": "Feature", "geometry": { "type": "Point", "coordinates": [ -0.5503913, 44.8648773 ] }, "properties": { "name": "Cifa", "amenity": "university" } }, { "type": "Feature", "geometry": { "type": "Point", "coordinates": [ 7.4676792, 48.4943024 ] }, "properties": { "name": "École élémentaire du Rosenmeer", "amenity": "school" } }, { "type": "Feature", "geometry": { "type": "Point", "coordinates": [ 7.7671167, 48.5600549 ] }, "properties": { "name": "Le Nid des Chérubins", "amenity": "kindergarten" } }, { "type": "Feature", "geometry": { "type": "Point", "coordinates": [ -0.5568032, 44.8635228 ] }, "properties": { "name": "ESG Bordeaux", "amenity": "college" } }, { "type": "Feature", "geometry": { "type": "Point", "coordinates": [ -0.5574513, 44.8583383 ] }, "properties": { "name": "Sup de Pub", "amenity": "college" } }, { "type": "Feature", "geometry": { "type": "Point", "coordinates": [ 7.7457105, 48.5756208 ] }, "properties": { "name": "Laboratoire d'Épidémiologie et de Santé Publique", "amenity": "university" } }, { "type": "Feature", "geometry": { "type": "Point", "coordinates": [ -0.617230748, 44.797819051 ] }, "properties": { "name": "Université de Bordeaux - Collège DSPEG", "amenity": "university" } }, { "type": "Feature", "geometry": { "type": "Point", "coordinates": [ -1.0205188, 44.636059 ] }, "properties": { "name": "École élémentaire du Delta", "amenity": "school" } }, { "type": "Feature", "geometry": { "type": "Point", "coordinates": [ 7.5296019, 48.907571 ] }, "properties": { "name": "École primaire", "amenity": "school" } }, { "type": "Feature", "geometry": { "type": "Point", "coordinates": [ -0.428335555, 44.915386822 ] }, "properties": { "name": "École élémentaire Paul-Jean Toulet", "amenity": "school" } }, { "type": "Feature", "geometry": { "type": "Point", "coordinates": [ -0.572287884, 44.785190328 ] }, "properties": { "name": "École maternelle La Cascade", "amenity": "school" } }, { "type": "Feature", "geometry": { "type": "Point", "coordinates": [ 7.7108744, 48.5678502 ] }, "properties": { "name": "École maternelle du Gliesberg", "amenity": "school" } }, { "type": "Feature", "geometry": { "type": "Point", "coordinates": [ 7.2042812, 48.4622825 ] }, "properties": { "name": "École élémentaire La Claquette", "amenity": "school" } }, { "type": "Feature", "geometry": { "type": "Point", "coordinates": [ -0.584686258, 44.847960515 ] }, "properties": { "name": "École maternelle Naujac", "amenity": "school" } }, { "type": "Feature", "geometry": { "type": "Point", "coordinates": [ -0.574969, 44.8534752 ] }, "properties": { "name": "ISEG Bodreaux", "amenity": "college" } }, { "type": "Feature", "geometry": { "type": "Point", "coordinates": [ 7.299020728, 48.948059775 ] }, "properties": { "name": "École primaire", "amenity": "school" } }, { "type": "Feature", "geometry": { "type": "Point", "coordinates": [ -0.574952, 44.8535032 ] }, "properties": { "name": "ISG Bordeaux", "amenity": "college" } }, { "type": "Feature", "geometry": { "type": "Point", "coordinates": [ 7.7379291, 48.8764008 ] }, "properties": { "name": "École maternelle", "amenity": "school" } }, { "type": "Feature", "geometry": { "type": "Point", "coordinates": [ -0.672856523, 44.871127065 ] }, "properties": { "name": "Collège Émile Zola", "amenity": "school" } }, { "type": "Feature", "geometry": { "type": "Point", "coordinates": [ -0.561556, 44.8446368 ] }, "properties": { "name": "École maternelle Nuyens", "amenity": "school" } }, { "type": "Feature", "geometry": { "type": "Point", "coordinates": [ -0.099437654, 44.949212217 ] }, "properties": { "name": "Collège de Lussac", "amenity": "school" } }, { "type": "Feature", "geometry": { "type": "Point", "coordinates": [ 7.451225319, 48.252688274 ] }, "properties": { "name": "Collège Jean Mentel", "amenity": "school" } }, { "type": "Feature", "geometry": { "type": "Point", "coordinates": [ 7.697408813, 48.566166845 ] }, "properties": { "name": "Groupe Scolaire du Molkenbronn", "amenity": "school" } }, { "type": "Feature", "geometry": { "type": "Point", "coordinates": [ 7.758313, 48.9253125 ] }, "properties": { "name": "École maternelle", "amenity": "school" } }, { "type": "Feature", "geometry": { "type": "Point", "coordinates": [ -0.580837023, 44.82797379 ] }, "properties": { "name": "Collège Alain Fournier", "amenity": "school" } }, { "type": "Feature", "geometry": { "type": "Point", "coordinates": [ 7.74332861, 48.589245108 ] }, "properties": { "name": "Groupe Scolaire Saint-Jean", "amenity": "school" } }, { "type": "Feature", "geometry": { "type": "Point", "coordinates": [ -0.649789866, 44.814603171 ] }, "properties": { "name": "Centre de l'Audition et du Langage", "amenity": "school" } }, { "type": "Feature", "geometry": { "type": "Point", "coordinates": [ -0.6094856, 45.0846963 ] }, "properties": { "name": "École primaire", "amenity": "school" } }, { "type": "Feature", "geometry": { "type": "Point", "coordinates": [ -0.441781, 45.0272079 ] }, "properties": { "name": "École élémentaire", "amenity": "school" } }, { "type": "Feature", "geometry": { "type": "Point", "coordinates": [ -0.6064729, 44.7954847 ] }, "properties": { "name": "La MAM des Lucioles", "amenity": "kindergarten" } }, { "type": "Feature", "geometry": { "type": "Point", "coordinates": [ -0.0163525, 44.8414222 ] }, "properties": { "name": "École élémentaire", "amenity": "school" } }, { "type": "Feature", "geometry": { "type": "Point", "coordinates": [ -0.665619472, 44.796830714 ] }, "properties": { "name": "École maternelle Alouette", "amenity": "school" } }, { "type": "Feature", "geometry": { "type": "Point", "coordinates": [ 7.914427745, 48.895296976 ] }, "properties": { "name": "Groupe scolaire de Betschdorf", "amenity": "school" } }, { "type": "Feature", "geometry": { "type": "Point", "coordinates": [ -1.1834513, 44.750199 ] }, "properties": { "name": "La pinède des Enfants", "amenity": "kindergarten" } }, { "type": "Feature", "geometry": { "type": "Point", "coordinates": [ 7.790810974, 48.700037492 ] }, "properties": { "name": "Collège Baldung Grien", "amenity": "school" } }, { "type": "Feature", "geometry": { "type": "Point", "coordinates": [ 7.6251858, 48.8449477 ] }, "properties": { "name": "École primaire", "amenity": "school" } }, { "type": "Feature", "geometry": { "type": "Point", "coordinates": [ 7.852283027, 48.775487832 ] }, "properties": { "name": "LPIC Philippe-Charles Goulden", "amenity": "school" } }, { "type": "Feature", "geometry": { "type": "Point", "coordinates": [ -0.793295763, 45.074037314 ] }, "properties": { "name": "École primaire", "amenity": "school" } }, { "type": "Feature", "geometry": { "type": "Point", "coordinates": [ -0.776814117, 44.799352604 ] }, "properties": { "name": "École aéronautique ELISA Aerospace", "amenity": "college" } }, { "type": "Feature", "geometry": { "type": "Point", "coordinates": [ -0.64172424, 44.755431863 ] }, "properties": { "name": "École élémentaire Jacques brel", "amenity": "school" } }, { "type": "Feature", "geometry": { "type": "Point", "coordinates": [ -0.5705395, 44.83176 ] }, "properties": { "name": "Broca 3", "amenity": "university" } }, { "type": "Feature", "geometry": { "type": "Point", "coordinates": [ -0.352204548, 44.772964593 ] }, "properties": { "name": "Collège François Mitterrand", "amenity": "school" } }, { "type": "Feature", "geometry": { "type": "Point", "coordinates": [ -0.651751318, 44.787455123 ] }, "properties": { "name": "Lycée professionnel Philadelphe de Gerde", "amenity": "school" } }, { "type": "Feature", "geometry": { "type": "Point", "coordinates": [ 7.539346305, 48.843807154 ] }, "properties": { "name": "École primaire", "amenity": "school" } }, { "type": "Feature", "geometry": { "type": "Point", "coordinates": [ 7.719868534, 48.516956268 ] }, "properties": { "name": "École Maternelle de l'Orme", "amenity": "school" } }, { "type": "Feature", "geometry": { "type": "Point", "coordinates": [ 7.563100245, 48.617734953 ] }, "properties": { "name": "La clé des 3 champs", "amenity": "school" } }, { "type": "Feature", "geometry": { "type": "Point", "coordinates": [ -0.5039979, 44.8182925 ] }, "properties": { "name": "Groupe scolaire de Vialle", "amenity": "school" } }, { "type": "Feature", "geometry": { "type": "Point", "coordinates": [ -1.18202152, 44.750574996 ] }, "properties": { "name": "École primaire Claouey", "amenity": "school" } }, { "type": "Feature", "geometry": { "type": "Point", "coordinates": [ -0.187955665, 44.830240014 ] }, "properties": { "name": "École publique Noël Mouty", "amenity": "school" } }, { "type": "Feature", "geometry": { "type": "Point", "coordinates": [ -0.3773959, 44.9839021 ] }, "properties": { "name": "Mini Plume", "amenity": "kindergarten" } }, { "type": "Feature", "geometry": { "type": "Point", "coordinates": [ 7.7419404, 48.9379664 ] }, "properties": { "name": "Le Jardin Magique", "amenity": "kindergarten" } }, { "type": "Feature", "geometry": { "type": "Point", "coordinates": [ 7.4364396, 48.8141731 ] }, "properties": { "name": "École primaire", "amenity": "school" } }, { "type": "Feature", "geometry": { "type": "Point", "coordinates": [ -0.421136995, 45.043180425 ] }, "properties": { "name": "Collège Émile Durkheim", "amenity": "school" } }, { "type": "Feature", "geometry": { "type": "Point", "coordinates": [ -0.57813947, 44.852174861 ] }, "properties": { "name": "École élémentaire Montgolfier", "amenity": "school" } }, { "type": "Feature", "geometry": { "type": "Point", "coordinates": [ -0.520947755, 44.858614073 ] }, "properties": { "name": "École élémentaire René Cassagne", "amenity": "school" } }, { "type": "Feature", "geometry": { "type": "Point", "coordinates": [ -0.588840986, 44.830966654 ] }, "properties": { "name": "École élémentaire Alphonse Dupeux", "amenity": "school" } }, { "type": "Feature", "geometry": { "type": "Point", "coordinates": [ -0.649223685, 44.786400487 ] }, "properties": { "name": "Établissement Régional Enseignement Adapté le Corbusier", "amenity": "school" } }, { "type": "Feature", "geometry": { "type": "Point", "coordinates": [ 7.7178392, 48.594817 ] }, "properties": { "name": "micro-crèche tam-tam", "amenity": "kindergarten" } }, { "type": "Feature", "geometry": { "type": "Point", "coordinates": [ 7.419576506, 48.352813445 ] }, "properties": { "name": "École des Vignes", "amenity": "school" } }, { "type": "Feature", "geometry": { "type": "Point", "coordinates": [ 7.848960912, 48.778893665 ] }, "properties": { "name": "Collège André Maurois", "amenity": "school" } }, { "type": "Feature", "geometry": { "type": "Point", "coordinates": [ -0.662051572, 44.841443909 ] }, "properties": { "name": "École élémentaire Jean Macé", "amenity": "school" } }, { "type": "Feature", "geometry": { "type": "Point", "coordinates": [ -0.608854523, 44.877318275 ] }, "properties": { "name": "Groupe Scolaire La Marianne", "amenity": "school" } }, { "type": "Feature", "geometry": { "type": "Point", "coordinates": [ -0.561271436, 44.824320653 ] }, "properties": { "name": "École élémentaire Francin", "amenity": "school" } }, { "type": "Feature", "geometry": { "type": "Point", "coordinates": [ 7.903757397, 48.756705255 ] }, "properties": { "name": "École maternelle", "amenity": "school" } }, { "type": "Feature", "geometry": { "type": "Point", "coordinates": [ -0.425862344, 44.913675451 ] }, "properties": { "name": "École maternelle l'Île Bleue", "amenity": "school" } }, { "type": "Feature", "geometry": { "type": "Point", "coordinates": [ -0.550051961, 44.866824373 ] }, "properties": { "name": "École primaire Modeste Testas", "amenity": "school" } }, { "type": "Feature", "geometry": { "type": "Point", "coordinates": [ 7.8330947, 48.6629143 ] }, "properties": { "name": "École maternelle Jules Verne", "amenity": "school" } }, { "type": "Feature", "geometry": { "type": "Point", "coordinates": [ 7.761712273, 48.594840955 ] }, "properties": { "name": "Groupe Scolaire Édouard Branly", "amenity": "school" } }, { "type": "Feature", "geometry": { "type": "Point", "coordinates": [ -0.584865799, 44.787899457 ] }, "properties": { "name": "ISNAB", "amenity": "university" } }, { "type": "Feature", "geometry": { "type": "Point", "coordinates": [ -0.63832533, 44.794105061 ] }, "properties": { "name": "École primaire privée Jeanne d'Arc-Assomption", "amenity": "school" } }, { "type": "Feature", "geometry": { "type": "Point", "coordinates": [ -0.5393718, 44.8525496 ] }, "properties": { "name": "Les Cabanes", "amenity": "kindergarten" } }, { "type": "Feature", "geometry": { "type": "Point", "coordinates": [ 7.219576267, 48.927251603 ] }, "properties": { "name": "École primaire", "amenity": "school" } }, { "type": "Feature", "geometry": { "type": "Point", "coordinates": [ 7.2979389, 48.3432622 ] }, "properties": { "name": "Collège de Villé", "amenity": "school" } }, { "type": "Feature", "geometry": { "type": "Point", "coordinates": [ -0.88577364, 44.963920983 ] }, "properties": { "name": "École primaire", "amenity": "school" } }, { "type": "Feature", "geometry": { "type": "Point", "coordinates": [ 7.764654901, 48.581759265 ] }, "properties": { "name": "Institut National des Sciences Appliquées", "amenity": "university" } }, { "type": "Feature", "geometry": { "type": "Point", "coordinates": [ 0.215165518, 44.840170952 ] }, "properties": { "name": "Collège privé Anglade", "amenity": "school" } }, { "type": "Feature", "geometry": { "type": "Point", "coordinates": [ 7.0895678, 48.9366317 ] }, "properties": { "name": "Section d'enseignement professionnel du Lycée Georges Imbert", "amenity": "school" } }, { "type": "Feature", "geometry": { "type": "Point", "coordinates": [ -0.57217806, 44.838249887 ] }, "properties": { "name": "École maternelle du Pas Saint-Georges", "amenity": "school" } }, { "type": "Feature", "geometry": { "type": "Point", "coordinates": [ -0.798715215, 44.636625177 ] }, "properties": { "name": "Institut Lasers et Plasmas", "amenity": "university" } }, { "type": "Feature", "geometry": { "type": "Point", "coordinates": [ -0.8719448, 44.551091501 ] }, "properties": { "name": "École élémentaire Le Bourg", "amenity": "school" } }, { "type": "Feature", "geometry": { "type": "Point", "coordinates": [ -0.608082955, 44.839095707 ] }, "properties": { "name": "École élémentaire Bel Air", "amenity": "school" } }, { "type": "Feature", "geometry": { "type": "Point", "coordinates": [ -0.554175796, 44.841376784 ] }, "properties": { "name": "École primaire Montaud", "amenity": "school" } }, { "type": "Feature", "geometry": { "type": "Point", "coordinates": [ -0.099058534, 45.03621965 ] }, "properties": { "name": "École Maternelle Alice Delaunay", "amenity": "school" } }, { "type": "Feature", "geometry": { "type": "Point", "coordinates": [ 7.858481797, 48.765083432 ] }, "properties": { "name": "Ecole primaire des Menuisiers", "amenity": "school" } }, { "type": "Feature", "geometry": { "type": "Point", "coordinates": [ -0.807499806, 44.807081025 ] }, "properties": { "name": "Collège de l'Estey", "amenity": "school" } }, { "type": "Feature", "geometry": { "type": "Point", "coordinates": [ 7.546416423, 48.85262441 ] }, "properties": { "name": "École primaire", "amenity": "school" } }, { "type": "Feature", "geometry": { "type": "Point", "coordinates": [ 7.705459012, 48.374532583 ] }, "properties": { "name": "École primaire Les Cigognes", "amenity": "school" } }, { "type": "Feature", "geometry": { "type": "Point", "coordinates": [ 7.721974567, 48.521008094 ] }, "properties": { "name": "Collège Nelson Mandela", "amenity": "school" } }, { "type": "Feature", "geometry": { "type": "Point", "coordinates": [ 7.7411563, 48.5186146 ] }, "properties": { "name": "L'Arbre à Bulles", "amenity": "kindergarten" } }, { "type": "Feature", "geometry": { "type": "Point", "coordinates": [ 7.6185438, 48.8577182 ] }, "properties": { "name": "Le Trèfle à 4 Feuilles", "amenity": "kindergarten" } }, { "type": "Feature", "geometry": { "type": "Point", "coordinates": [ -0.5706122, 45.0736623 ] }, "properties": { "name": "École élémentaire", "amenity": "school" } }, { "type": "Feature", "geometry": { "type": "Point", "coordinates": [ -0.42801536, 45.046065913 ] }, "properties": { "name": "École Primaire de Peujard", "amenity": "school" } }, { "type": "Feature", "geometry": { "type": "Point", "coordinates": [ 7.716620935, 48.485883829 ] }, "properties": { "name": "École Maternelle la Clé des Champs", "amenity": "school" } }, { "type": "Feature", "geometry": { "type": "Point", "coordinates": [ -0.360291264, 44.918972258 ] }, "properties": { "name": "École primaire", "amenity": "school" } }, { "type": "Feature", "geometry": { "type": "Point", "coordinates": [ -0.508754272, 44.842434568 ] }, "properties": { "name": "École élémentaire Louis Aragon", "amenity": "school" } }, { "type": "Feature", "geometry": { "type": "Point", "coordinates": [ 7.750628808, 48.602240546 ] }, "properties": { "name": "École maternelle Parc du Château", "amenity": "school" } }, { "type": "Feature", "geometry": { "type": "Point", "coordinates": [ -0.3913276, 45.1001423 ] }, "properties": { "name": "Crèche", "amenity": "kindergarten" } }, { "type": "Feature", "geometry": { "type": "Point", "coordinates": [ -0.565540173, 44.828344414 ] }, "properties": { "name": "Lycée Gustave Eiffel", "amenity": "school" } }, { "type": "Feature", "geometry": { "type": "Point", "coordinates": [ -0.9110107, 44.548918701 ] }, "properties": { "name": "École primaire L'Eyre des Loupiots", "amenity": "school" } }, { "type": "Feature", "geometry": { "type": "Point", "coordinates": [ 7.7325192, 48.5804572 ] }, "properties": { "name": "Crèche Parentale le Petit Prince", "amenity": "kindergarten" } }, { "type": "Feature", "geometry": { "type": "Point", "coordinates": [ 7.720736277, 48.485181743 ] }, "properties": { "name": "ALSH Les petits loups", "amenity": "kindergarten" } }, { "type": "Feature", "geometry": { "type": "Point", "coordinates": [ -0.5565219, 44.8399265 ] }, "properties": { "name": "École de Condé", "amenity": "university" } }, { "type": "Feature", "geometry": { "type": "Point", "coordinates": [ -0.308464447, 44.968299428 ] }, "properties": { "name": "École primaire Boussat", "amenity": "school" } }, { "type": "Feature", "geometry": { "type": "Point", "coordinates": [ 7.721081236, 48.75801608 ] }, "properties": { "name": "École primaire intercommunale Les Vergers", "amenity": "school" } }, { "type": "Feature", "geometry": { "type": "Point", "coordinates": [ 7.7897857, 48.8116807 ] }, "properties": { "name": "Lycée institution Sainte-Philomène", "amenity": "school" } }, { "type": "Feature", "geometry": { "type": "Point", "coordinates": [ 7.449824571, 48.262332794 ] }, "properties": { "name": "Lycée Professionnel Schweisguth - CFA", "amenity": "college" } }, { "type": "Feature", "geometry": { "type": "Point", "coordinates": [ -0.770648013, 44.608861158 ] }, "properties": { "name": "Pôle Petite Enfance - Multi-accueil Les Fripounets", "amenity": "kindergarten" } }, { "type": "Feature", "geometry": { "type": "Point", "coordinates": [ 7.765650965, 48.572895412 ] }, "properties": { "name": "INET - Institut National des Études Territoriales", "amenity": "college" } }, { "type": "Feature", "geometry": { "type": "Point", "coordinates": [ 7.899662814, 48.730272532 ] }, "properties": { "name": "Collège Simone Veil", "amenity": "school" } }, { "type": "Feature", "geometry": { "type": "Point", "coordinates": [ -0.501785976, 44.907979291 ] }, "properties": { "name": "École maternelle Jacques Prévert", "amenity": "school" } }, { "type": "Feature", "geometry": { "type": "Point", "coordinates": [ 7.764376321, 48.580440389 ] }, "properties": { "name": "Institut de Science et d'Ingénierie Supramoléculaires", "amenity": "university" } }, { "type": "Feature", "geometry": { "type": "Point", "coordinates": [ 7.594629028, 48.410716003 ] }, "properties": { "name": "École maternelle d'Uttenheim", "amenity": "school" } }, { "type": "Feature", "geometry": { "type": "Point", "coordinates": [ -0.697874, 44.899036 ] }, "properties": { "name": "Cours secondaire privé Peret", "amenity": "school" } }, { "type": "Feature", "geometry": { "type": "Point", "coordinates": [ -0.64883556, 44.835367709 ] }, "properties": { "name": "Lycée professionnel Marcel Dassault", "amenity": "college" } }, { "type": "Feature", "geometry": { "type": "Point", "coordinates": [ 7.807335828, 48.80844474 ] }, "properties": { "name": "École maternelle Le Schloessel", "amenity": "school" } }, { "type": "Feature", "geometry": { "type": "Point", "coordinates": [ -0.0754166, 44.552441501 ] }, "properties": { "name": "École élémentaire", "amenity": "school" } }, { "type": "Feature", "geometry": { "type": "Point", "coordinates": [ 7.084723877, 49.013224133 ] }, "properties": { "name": "École maternelle", "amenity": "school" } }, { "type": "Feature", "geometry": { "type": "Point", "coordinates": [ 7.7376631, 48.5851488 ] }, "properties": { "name": "Crèche People & Baby", "amenity": "kindergarten" } }, { "type": "Feature", "geometry": { "type": "Point", "coordinates": [ -0.549066578, 44.879925591 ] }, "properties": { "name": "École maternelle Le Point du Jour", "amenity": "school" } }, { "type": "Feature", "geometry": { "type": "Point", "coordinates": [ 7.766541197, 48.616843918 ] }, "properties": { "name": "Lycée général et technologique Marc Bloch", "amenity": "school" } }, { "type": "Feature", "geometry": { "type": "Point", "coordinates": [ 7.7467819, 48.6087826 ] }, "properties": { "name": "Micro-crêche des anges", "amenity": "kindergarten" } }, { "type": "Feature", "geometry": { "type": "Point", "coordinates": [ -0.55417766, 44.807589715 ] }, "properties": { "name": "École maternelle Boileau", "amenity": "school" } }, { "type": "Feature", "geometry": { "type": "Point", "coordinates": [ -0.628841757, 44.905926063 ] }, "properties": { "name": "École maternelle Curégan", "amenity": "school" } }, { "type": "Feature", "geometry": { "type": "Point", "coordinates": [ 7.4944306, 48.5439229 ] }, "properties": { "name": "École maternelle du Centre", "amenity": "school" } }, { "type": "Feature", "geometry": { "type": "Point", "coordinates": [ 7.7506162, 48.6466515 ] }, "properties": { "name": "École maternelle Hay", "amenity": "school" } }, { "type": "Feature", "geometry": { "type": "Point", "coordinates": [ 7.5495864, 48.7943574 ] }, "properties": { "name": "École primaire", "amenity": "school" } }, { "type": "Feature", "geometry": { "type": "Point", "coordinates": [ 7.539523, 48.8460157 ] }, "properties": { "name": "École maternelle", "amenity": "school" } }, { "type": "Feature", "geometry": { "type": "Point", "coordinates": [ 7.63249, 49.0022645 ] }, "properties": { "name": "École élémentaire", "amenity": "school" } }, { "type": "Feature", "geometry": { "type": "Point", "coordinates": [ 7.6259652, 48.820972 ] }, "properties": { "name": "École primaire", "amenity": "school" } }, { "type": "Feature", "geometry": { "type": "Point", "coordinates": [ 7.699220452, 48.5912438 ] }, "properties": { "name": "École Maternelle Brigitte", "amenity": "school" } }, { "type": "Feature", "geometry": { "type": "Point", "coordinates": [ 7.6875827, 48.4862767 ] }, "properties": { "name": "Place à Jeux", "amenity": "kindergarten" } }, { "type": "Feature", "geometry": { "type": "Point", "coordinates": [ 7.3087157, 48.6232145 ] }, "properties": { "name": "École élémentaire interconfessionnelle", "amenity": "school" } }, { "type": "Feature", "geometry": { "type": "Point", "coordinates": [ -0.7433447, 44.7540138 ] }, "properties": { "name": "École primaire Toctoucau", "amenity": "school" } }, { "type": "Feature", "geometry": { "type": "Point", "coordinates": [ -0.6147088, 44.7765035 ] }, "properties": { "name": "École maternelle La Clairière", "amenity": "school" } }, { "type": "Feature", "geometry": { "type": "Point", "coordinates": [ -0.60063399, 44.848540346 ] }, "properties": { "name": "École Maternelle d'Application Jean Cocteau", "amenity": "school" } }, { "type": "Feature", "geometry": { "type": "Point", "coordinates": [ -0.6742092, 44.8286593 ] }, "properties": { "name": "Altéa", "amenity": "college" } }, { "type": "Feature", "geometry": { "type": "Point", "coordinates": [ -0.529654995, 44.756572672 ] }, "properties": { "name": "École primaire", "amenity": "school" } }, { "type": "Feature", "geometry": { "type": "Point", "coordinates": [ -0.645188607, 44.827146073 ] }, "properties": { "name": "Collège des Eyquems", "amenity": "school" } }, { "type": "Feature", "geometry": { "type": "Point", "coordinates": [ 7.754776016, 48.5819101 ] }, "properties": { "name": "École maternelle Louis Pasteur", "amenity": "school" } }, { "type": "Feature", "geometry": { "type": "Point", "coordinates": [ -0.375510779, 44.966889532 ] }, "properties": { "name": "École primaire", "amenity": "school" } }, { "type": "Feature", "geometry": { "type": "Point", "coordinates": [ -1.108572124, 44.744703208 ] }, "properties": { "name": "École du Coulin", "amenity": "school" } }, { "type": "Feature", "geometry": { "type": "Point", "coordinates": [ -0.596117445, 44.859762548 ] }, "properties": { "name": "Collège Saint-Fort", "amenity": "school" } }, { "type": "Feature", "geometry": { "type": "Point", "coordinates": [ 7.770482265, 48.529070865 ] }, "properties": { "name": "Groupe Scolaire du Stockfeld", "amenity": "school" } }, { "type": "Feature", "geometry": { "type": "Point", "coordinates": [ 7.8489419, 48.7781491 ] }, "properties": { "name": "Collège Saut-Du-Lievre II", "amenity": "school" } }, { "type": "Feature", "geometry": { "type": "Point", "coordinates": [ -0.6028249, 44.9819432 ] }, "properties": { "name": "École primaire Jean Jaurès", "amenity": "school" } }, { "type": "Feature", "geometry": { "type": "Point", "coordinates": [ -0.616832902, 44.857567907 ] }, "properties": { "name": "École élementaire Paul Doumer", "amenity": "school" } }, { "type": "Feature", "geometry": { "type": "Point", "coordinates": [ 7.758640792, 48.925378706 ] }, "properties": { "name": "École primaire", "amenity": "school" } }, { "type": "Feature", "geometry": { "type": "Point", "coordinates": [ -0.5267927, 44.6815543 ] }, "properties": { "name": "Maison \"Tom Pousse\"", "amenity": "kindergarten" } }, { "type": "Feature", "geometry": { "type": "Point", "coordinates": [ 7.798307, 48.8009559 ] }, "properties": { "name": "Collège privé des Missions Africaines", "amenity": "school" } }, { "type": "Feature", "geometry": { "type": "Point", "coordinates": [ 7.762467997, 48.578610904 ] }, "properties": { "name": "Le portique", "amenity": "university" } }, { "type": "Feature", "geometry": { "type": "Point", "coordinates": [ 7.3125897, 48.5224553 ] }, "properties": { "name": "Cours Saint-Thomas d'Aquin (École secondaire privée)", "amenity": "school" } }, { "type": "Feature", "geometry": { "type": "Point", "coordinates": [ 7.84201802, 48.776163228 ] }, "properties": { "name": "École maternelle Hasensprung", "amenity": "school" } }, { "type": "Feature", "geometry": { "type": "Point", "coordinates": [ -0.5626519, 44.8570705 ] }, "properties": { "name": "INSEEC", "amenity": "university" } }, { "type": "Feature", "geometry": { "type": "Point", "coordinates": [ 7.572715383, 48.496754665 ] }, "properties": { "name": "École Primaire", "amenity": "school" } }, { "type": "Feature", "geometry": { "type": "Point", "coordinates": [ -0.515225744, 44.863074629 ] }, "properties": { "name": "Collège Jean Jaurès", "amenity": "school" } }, { "type": "Feature", "geometry": { "type": "Point", "coordinates": [ 7.759077654, 48.582348347 ] }, "properties": { "name": "Haute école des arts du Rhin", "amenity": "college" } }, { "type": "Feature", "geometry": { "type": "Point", "coordinates": [ 7.7739304, 48.5828429 ] }, "properties": { "name": "Faculté des sciences économiques et de gestion", "amenity": "university" } }, { "type": "Feature", "geometry": { "type": "Point", "coordinates": [ 7.720412088, 48.592819514 ] }, "properties": { "name": "École maternelle Cronenbourg Centre", "amenity": "school" } }, { "type": "Feature", "geometry": { "type": "Point", "coordinates": [ -0.544631391, 44.821298754 ] }, "properties": { "name": "Groupe scolaire Simone Veil", "amenity": "school" } }, { "type": "Feature", "geometry": { "type": "Point", "coordinates": [ 7.682198162, 48.608268579 ] }, "properties": { "name": "École primaire Josué Hoffet", "amenity": "school" } }, { "type": "Feature", "geometry": { "type": "Point", "coordinates": [ 7.710921345, 48.606975953 ] }, "properties": { "name": "Centre Européen des Sciences Quantiques", "amenity": "university" } }, { "type": "Feature", "geometry": { "type": "Point", "coordinates": [ -0.956977816, 45.323203477 ] }, "properties": { "name": "Groupe Scolaire Léonard Mesuret", "amenity": "school" } }, { "type": "Feature", "geometry": { "type": "Point", "coordinates": [ -0.574636248, 44.872632698 ] }, "properties": { "name": "École Maternelle Jean Monnet", "amenity": "school" } }, { "type": "Feature", "geometry": { "type": "Point", "coordinates": [ -0.584815234, 44.819592888 ] }, "properties": { "name": "École maternelle Gambetta", "amenity": "school" } }, { "type": "Feature", "geometry": { "type": "Point", "coordinates": [ -0.5757542, 44.8551566 ] }, "properties": { "name": "PHG Academy Bordeaux", "amenity": "college" } }, { "type": "Feature", "geometry": { "type": "Point", "coordinates": [ 7.3227341, 48.4926724 ] }, "properties": { "name": "École maternelle", "amenity": "school" } }, { "type": "Feature", "geometry": { "type": "Point", "coordinates": [ 7.487984609, 48.728525229 ] }, "properties": { "name": "École primaire", "amenity": "school" } }, { "type": "Feature", "geometry": { "type": "Point", "coordinates": [ -0.5603633, 45.2683149 ] }, "properties": { "name": "École primaire", "amenity": "school" } }, { "type": "Feature", "geometry": { "type": "Point", "coordinates": [ 7.724355858, 48.526389133 ] }, "properties": { "name": "Etablissement régional d'enseignement adapté Henri Ebel", "amenity": "school" } }, { "type": "Feature", "geometry": { "type": "Point", "coordinates": [ 7.561114427, 48.531126364 ] }, "properties": { "name": "École primaire Jean Hans Arp", "amenity": "school" } }, { "type": "Feature", "geometry": { "type": "Point", "coordinates": [ -0.58247566, 44.838546095 ] }, "properties": { "name": "École élémentaire Anatole France", "amenity": "school" } }, { "type": "Feature", "geometry": { "type": "Point", "coordinates": [ 7.48546391, 48.736064542 ] }, "properties": { "name": "École Maternelle", "amenity": "school" } }, { "type": "Feature", "geometry": { "type": "Point", "coordinates": [ 7.085259553, 48.838048328 ] }, "properties": { "name": "École primaire", "amenity": "school" } }, { "type": "Feature", "geometry": { "type": "Point", "coordinates": [ 7.7553949, 48.586291 ] }, "properties": { "name": "École Supérieure d'Art Dramatique du Théâtre National de Strasbourg", "amenity": "college" } }, { "type": "Feature", "geometry": { "type": "Point", "coordinates": [ -0.6153142, 44.8035237 ] }, "properties": { "name": "École maternelle Jules Ferry", "amenity": "school" } }, { "type": "Feature", "geometry": { "type": "Point", "coordinates": [ -0.5755488, 44.833225 ] }, "properties": { "name": "Crèche Magendie", "amenity": "kindergarten" } }, { "type": "Feature", "geometry": { "type": "Point", "coordinates": [ -0.491408686, 44.786518452 ] }, "properties": { "name": "Collège Camille Claudel", "amenity": "school" } }, { "type": "Feature", "geometry": { "type": "Point", "coordinates": [ -0.381884165, 44.753532704 ] }, "properties": { "name": "École maternelle Les Marronniers", "amenity": "school" } }, { "type": "Feature", "geometry": { "type": "Point", "coordinates": [ 7.176287878, 48.925811067 ] }, "properties": { "name": "École Élémentaire", "amenity": "school" } }, { "type": "Feature", "geometry": { "type": "Point", "coordinates": [ 7.6539373, 48.8932252 ] }, "properties": { "name": "École primaire", "amenity": "school" } }, { "type": "Feature", "geometry": { "type": "Point", "coordinates": [ -0.519664894, 44.877322215 ] }, "properties": { "name": "École élémentaire Marcel Pagnol", "amenity": "school" } }, { "type": "Feature", "geometry": { "type": "Point", "coordinates": [ 7.737359741, 48.580816235 ] }, "properties": { "name": "Institut national du service public", "amenity": "university" } }, { "type": "Feature", "geometry": { "type": "Point", "coordinates": [ 7.6851946, 48.5578649 ] }, "properties": { "name": "Les Chérubins de Lingolsheim", "amenity": "kindergarten" } }, { "type": "Feature", "geometry": { "type": "Point", "coordinates": [ 7.713991968, 48.608117863 ] }, "properties": { "name": "Département Ecologie, Physiologie et Ethologie", "amenity": "university" } }, { "type": "Feature", "geometry": { "type": "Point", "coordinates": [ 7.773178245, 48.542170368 ] }, "properties": { "name": "Groupe Scolaire Reuss", "amenity": "school" } }, { "type": "Feature", "geometry": { "type": "Point", "coordinates": [ -0.2869151, 44.8192323 ] }, "properties": { "name": "École primaire", "amenity": "school" } }, { "type": "Feature", "geometry": { "type": "Point", "coordinates": [ 8.182866168, 48.972551608 ] }, "properties": { "name": "Collège Georges Holderith", "amenity": "school" } }, { "type": "Feature", "geometry": { "type": "Point", "coordinates": [ 7.755332728, 48.56601702 ] }, "properties": { "name": "Groupement Scolaire du Neufeld", "amenity": "school" } }, { "type": "Feature", "geometry": { "type": "Point", "coordinates": [ -0.771964835, 44.895286688 ] }, "properties": { "name": "Les Jardins d'Amalthée", "amenity": "kindergarten" } }, { "type": "Feature", "geometry": { "type": "Point", "coordinates": [ 7.3128401, 48.5225295 ] }, "properties": { "name": "École primaire privée Cours Saint-Thomas d'Aquin", "amenity": "school" } }, { "type": "Feature", "geometry": { "type": "Point", "coordinates": [ 7.7548215, 48.7230057 ] }, "properties": { "name": "Les petits matelots", "amenity": "kindergarten" } }, { "type": "Feature", "geometry": { "type": "Point", "coordinates": [ -0.5693785, 44.8573336 ] }, "properties": { "name": "Collège privé Saint-Louis Sainte-Thérèse", "amenity": "school" } }, { "type": "Feature", "geometry": { "type": "Point", "coordinates": [ -0.6034354, 44.8852654 ] }, "properties": { "name": "Crèche Municipale du Petit Poucet", "amenity": "kindergarten" } }, { "type": "Feature", "geometry": { "type": "Point", "coordinates": [ -0.5745616, 44.8337662 ] }, "properties": { "name": "Kangourou kids", "amenity": "kindergarten" } }, { "type": "Feature", "geometry": { "type": "Point", "coordinates": [ -0.2393937, 44.9195485 ] }, "properties": { "name": "École maternelle du Nord", "amenity": "school" } }, { "type": "Feature", "geometry": { "type": "Point", "coordinates": [ -0.591676321, 44.801757109 ] }, "properties": { "name": "Lycée polyvalent Victor Louis", "amenity": "school" } }, { "type": "Feature", "geometry": { "type": "Point", "coordinates": [ -0.599708917, 44.801340238 ] }, "properties": { "name": "Lycée Alfred Kastler", "amenity": "school" } }, { "type": "Feature", "geometry": { "type": "Point", "coordinates": [ 7.3432399, 48.6588616 ] }, "properties": { "name": "École Élémentaire", "amenity": "school" } }, { "type": "Feature", "geometry": { "type": "Point", "coordinates": [ 7.713048151, 48.667563349 ] }, "properties": { "name": "École primaire Pierre Pflimlin", "amenity": "school" } }, { "type": "Feature", "geometry": { "type": "Point", "coordinates": [ 7.861052712, 48.765114932 ] }, "properties": { "name": "École primaire Foch", "amenity": "school" } }, { "type": "Feature", "geometry": { "type": "Point", "coordinates": [ 7.456846901, 48.260675535 ] }, "properties": { "name": "École maternelle Froebel", "amenity": "school" } }, { "type": "Feature", "geometry": { "type": "Point", "coordinates": [ -0.4631109, 44.7795321 ] }, "properties": { "name": "École primaire", "amenity": "school" } }, { "type": "Feature", "geometry": { "type": "Point", "coordinates": [ 7.3750497, 48.6884196 ] }, "properties": { "name": "Collège Léonard de Vinci", "amenity": "school" } }, { "type": "Feature", "geometry": { "type": "Point", "coordinates": [ -0.667343537, 44.829414352 ] }, "properties": { "name": "Groupe scolaire Arnaud Lafon", "amenity": "school" } }, { "type": "Feature", "geometry": { "type": "Point", "coordinates": [ 7.749731123, 48.64608341 ] }, "properties": { "name": "École primaire Hay", "amenity": "school" } }, { "type": "Feature", "geometry": { "type": "Point", "coordinates": [ 8.001782439, 48.795516415 ] }, "properties": { "name": "École primaire", "amenity": "school" } }, { "type": "Feature", "geometry": { "type": "Point", "coordinates": [ -0.239722364, 44.905541906 ] }, "properties": { "name": "Lycée Polyvalent Jean Monnet", "amenity": "school" } }, { "type": "Feature", "geometry": { "type": "Point", "coordinates": [ 7.508620283, 48.562007455 ] }, "properties": { "name": "Groupe scolaire du Schlotten", "amenity": "school" } }, { "type": "Feature", "geometry": { "type": "Point", "coordinates": [ -0.5611644, 44.840773 ] }, "properties": { "name": "MBway Bordeaux", "amenity": "university" } }, { "type": "Feature", "geometry": { "type": "Point", "coordinates": [ 7.713034171, 48.732108606 ] }, "properties": { "name": "École maternelle Les Cigognes", "amenity": "school" } }, { "type": "Feature", "geometry": { "type": "Point", "coordinates": [ -0.597058988, 44.806190025 ] }, "properties": { "name": "École Nationale Supérieure de Cognitique", "amenity": "college" } }, { "type": "Feature", "geometry": { "type": "Point", "coordinates": [ -0.514297585, 44.875487644 ] }, "properties": { "name": "Ecole Maternelle Jean Rostand", "amenity": "school" } }, { "type": "Feature", "geometry": { "type": "Point", "coordinates": [ -0.520763824, 44.868908236 ] }, "properties": { "name": "École maternelle Élie Faure", "amenity": "school" } }, { "type": "Feature", "geometry": { "type": "Point", "coordinates": [ 7.713778351, 48.614342684 ] }, "properties": { "name": "Kampus", "amenity": "college" } }, { "type": "Feature", "geometry": { "type": "Point", "coordinates": [ 7.484022934, 48.825714191 ] }, "properties": { "name": "Lycée Adrien Zeller", "amenity": "school" } }, { "type": "Feature", "geometry": { "type": "Point", "coordinates": [ -0.349826494, 44.772431049 ] }, "properties": { "name": "Alice Delaunay", "amenity": "school" } }, { "type": "Feature", "geometry": { "type": "Point", "coordinates": [ 7.674275894, 48.466753494 ] }, "properties": { "name": "École Intercommunale Hipsheim Ichtratzheim", "amenity": "school" } }, { "type": "Feature", "geometry": { "type": "Point", "coordinates": [ 7.40552896, 48.549631841 ] }, "properties": { "name": "École primaire", "amenity": "school" } }, { "type": "Feature", "geometry": { "type": "Point", "coordinates": [ -0.298141244, 44.582457689 ] }, "properties": { "name": "École primaire Joséphine Baker", "amenity": "school" } }, { "type": "Feature", "geometry": { "type": "Point", "coordinates": [ 7.490142168, 48.459798575 ] }, "properties": { "name": "Collège Freppel", "amenity": "school" } }, { "type": "Feature", "geometry": { "type": "Point", "coordinates": [ -0.976716342, 44.642658349 ] }, "properties": { "name": "École élémentaire Jules Ferry", "amenity": "school" } }, { "type": "Feature", "geometry": { "type": "Point", "coordinates": [ 7.773226737, 48.584626629 ] }, "properties": { "name": "Villa Arconati Visconti", "amenity": "university" } }, { "type": "Feature", "geometry": { "type": "Point", "coordinates": [ 7.752619165, 48.55166588 ] }, "properties": { "name": "École Élémentaire d'Application de la Meinau", "amenity": "school" } }, { "type": "Feature", "geometry": { "type": "Point", "coordinates": [ 7.76360696, 48.57849765 ] }, "properties": { "name": "Atrium", "amenity": "university" } }, { "type": "Feature", "geometry": { "type": "Point", "coordinates": [ 7.0894084, 48.9385724 ] }, "properties": { "name": "École maternelle Le Petit Prince", "amenity": "school" } }, { "type": "Feature", "geometry": { "type": "Point", "coordinates": [ -1.138642735, 44.624896007 ] }, "properties": { "name": "École Maternelle Chambrelent", "amenity": "school" } }, { "type": "Feature", "geometry": { "type": "Point", "coordinates": [ 7.769434927, 48.55778403 ] }, "properties": { "name": "Centre de Formation Professionelle pour Adultes AFPA", "amenity": "school" } }, { "type": "Feature", "geometry": { "type": "Point", "coordinates": [ -0.0313196, 44.558902201 ] }, "properties": { "name": "École élémentaire", "amenity": "school" } }, { "type": "Feature", "geometry": { "type": "Point", "coordinates": [ -0.618747283, 44.913457739 ] }, "properties": { "name": "Lycée des Métiers Léonard de Vinci", "amenity": "school" } }, { "type": "Feature", "geometry": { "type": "Point", "coordinates": [ -0.584680298, 44.827245676 ] }, "properties": { "name": "Lycée François Magendie", "amenity": "school" } }, { "type": "Feature", "geometry": { "type": "Point", "coordinates": [ -0.577090297, 44.770156578 ] }, "properties": { "name": "Crèche municipale Les Petits Moussaillons", "amenity": "kindergarten" } }, { "type": "Feature", "geometry": { "type": "Point", "coordinates": [ -0.114814503, 44.828917963 ] }, "properties": { "name": "École primaire", "amenity": "school" } }, { "type": "Feature", "geometry": { "type": "Point", "coordinates": [ -0.5473653, 44.8913051 ] }, "properties": { "name": "Cinemagis", "amenity": "college" } }, { "type": "Feature", "geometry": { "type": "Point", "coordinates": [ 7.0897641, 48.9368184 ] }, "properties": { "name": "Lycée Georges Imbert", "amenity": "school" } }, { "type": "Feature", "geometry": { "type": "Point", "coordinates": [ 7.6225348, 48.7861831 ] }, "properties": { "name": "École primaire", "amenity": "school" } }, { "type": "Feature", "geometry": { "type": "Point", "coordinates": [ 7.713227827, 48.578511566 ] }, "properties": { "name": "École Michael", "amenity": "school" } }, { "type": "Feature", "geometry": { "type": "Point", "coordinates": [ -0.624405782, 44.825920013 ] }, "properties": { "name": "École maternelle de Peychotte", "amenity": "school" } }, { "type": "Feature", "geometry": { "type": "Point", "coordinates": [ 7.69767893, 48.598078268 ] }, "properties": { "name": "École Maternelle Karine 2", "amenity": "school" } }, { "type": "Feature", "geometry": { "type": "Point", "coordinates": [ 7.6641134, 48.4895649 ] }, "properties": { "name": "École maternelle Jules Hoffmann", "amenity": "school" } }, { "type": "Feature", "geometry": { "type": "Point", "coordinates": [ 7.4631391, 48.9343246 ] }, "properties": { "name": "École maternelle", "amenity": "school" } }, { "type": "Feature", "geometry": { "type": "Point", "coordinates": [ -0.595104, 44.8178849 ] }, "properties": { "name": "Multi-accueil Les papillons", "amenity": "kindergarten" } }, { "type": "Feature", "geometry": { "type": "Point", "coordinates": [ -0.3040262, 45.0746558 ] }, "properties": { "name": "École Maternelle", "amenity": "school" } }, { "type": "Feature", "geometry": { "type": "Point", "coordinates": [ -0.584848911, 44.850616612 ] }, "properties": { "name": "École élementaire David Johnston", "amenity": "school" } }, { "type": "Feature", "geometry": { "type": "Point", "coordinates": [ 7.7436938, 48.5771645 ] }, "properties": { "name": "École maternelle privée ABCM Zweisprachigkeit", "amenity": "school" } }, { "type": "Feature", "geometry": { "type": "Point", "coordinates": [ 7.734914789, 48.615373751 ] }, "properties": { "name": "Groupe Scolaire des Prunneliers", "amenity": "school" } }, { "type": "Feature", "geometry": { "type": "Point", "coordinates": [ 7.5630719, 48.7014 ] }, "properties": { "name": "École élémentaire", "amenity": "school" } }, { "type": "Feature", "geometry": { "type": "Point", "coordinates": [ -0.348134724, 44.771885002 ] }, "properties": { "name": "Pirouette", "amenity": "kindergarten" } }, { "type": "Feature", "geometry": { "type": "Point", "coordinates": [ -0.7792058, 44.8425967 ] }, "properties": { "name": "École Élémentaire Jean de La Fontaine", "amenity": "school" } }, { "type": "Feature", "geometry": { "type": "Point", "coordinates": [ 0.215806787, 44.840009169 ] }, "properties": { "name": "École maternelle Pauline Kergomard", "amenity": "school" } }, { "type": "Feature", "geometry": { "type": "Point", "coordinates": [ 7.737569922, 48.602249104 ] }, "properties": { "name": "École maternelle Jacques Prévert", "amenity": "school" } }, { "type": "Feature", "geometry": { "type": "Point", "coordinates": [ 7.485775459, 48.461424973 ] }, "properties": { "name": "École primaire Freppel", "amenity": "school" } }, { "type": "Feature", "geometry": { "type": "Point", "coordinates": [ -0.5618138, 45.2843772 ] }, "properties": { "name": "École élémentaire", "amenity": "school" } }, { "type": "Feature", "geometry": { "type": "Point", "coordinates": [ 7.748018148, 48.583539303 ] }, "properties": { "name": "Gymnase Jean Sturm", "amenity": "school" } }, { "type": "Feature", "geometry": { "type": "Point", "coordinates": [ -0.285899275, 45.084779244 ] }, "properties": { "name": "Ecole de Lapouyade", "amenity": "school" } }, { "type": "Feature", "geometry": { "type": "Point", "coordinates": [ -0.668794779, 44.802093652 ] }, "properties": { "name": "Collège Alouette", "amenity": "school" } }, { "type": "Feature", "geometry": { "type": "Point", "coordinates": [ -0.58547558, 44.791593118 ] }, "properties": { "name": "École élémentaire Saint-Exupéry", "amenity": "school" } }, { "type": "Feature", "geometry": { "type": "Point", "coordinates": [ 7.5890944, 48.9193521 ] }, "properties": { "name": "École primaire", "amenity": "school" } }, { "type": "Feature", "geometry": { "type": "Point", "coordinates": [ -0.522184578, 44.870511919 ] }, "properties": { "name": "Ecole Maternelle Rosa Bonheur", "amenity": "school" } }, { "type": "Feature", "geometry": { "type": "Point", "coordinates": [ 7.452170592, 48.404653542 ] }, "properties": { "name": "École Maternelle des Vosges", "amenity": "school" } }, { "type": "Feature", "geometry": { "type": "Point", "coordinates": [ -0.3378252, 44.6308062 ] }, "properties": { "name": "Ecole primaire", "amenity": "school" } }, { "type": "Feature", "geometry": { "type": "Point", "coordinates": [ -0.709285385, 44.768172659 ] }, "properties": { "name": "Groupe Scolaire Maguiche", "amenity": "school" } }, { "type": "Feature", "geometry": { "type": "Point", "coordinates": [ 7.78715957, 48.603026386 ] }, "properties": { "name": "Institut de Formation des Cadres de Santé", "amenity": "university" } }, { "type": "Feature", "geometry": { "type": "Point", "coordinates": [ -0.702192923, 44.873274306 ] }, "properties": { "name": "École maternelle de Corbiac", "amenity": "school" } }, { "type": "Feature", "geometry": { "type": "Point", "coordinates": [ 7.763131727, 48.564328143 ] }, "properties": { "name": "École maternelle Ziegelau", "amenity": "school" } }, { "type": "Feature", "geometry": { "type": "Point", "coordinates": [ -0.560795981, 44.823887297 ] }, "properties": { "name": "École maternelle Fiéffé", "amenity": "school" } }, { "type": "Feature", "geometry": { "type": "Point", "coordinates": [ 7.7936308, 48.8112499 ] }, "properties": { "name": "École maternelle Françoise Dolto", "amenity": "school" } }, { "type": "Feature", "geometry": { "type": "Point", "coordinates": [ 7.475980726, 48.828194852 ] }, "properties": { "name": "Lycée professionnel privé Schattenmann", "amenity": "school" } }, { "type": "Feature", "geometry": { "type": "Point", "coordinates": [ 7.707518284, 48.553485162 ] }, "properties": { "name": "École du Bohrie", "amenity": "school" } }, { "type": "Feature", "geometry": { "type": "Point", "coordinates": [ 7.7586974, 48.5807403 ] }, "properties": { "name": "École nationale du génie de l'eau et de l'environnement de Strasbourg", "amenity": "university" } }, { "type": "Feature", "geometry": { "type": "Point", "coordinates": [ 7.6740642, 48.7876868 ] }, "properties": { "name": "École primaire", "amenity": "school" } }, { "type": "Feature", "geometry": { "type": "Point", "coordinates": [ -0.1755875, 44.638213 ] }, "properties": { "name": "École élémentaire", "amenity": "school" } }, { "type": "Feature", "geometry": { "type": "Point", "coordinates": [ -0.55202617, 44.874585536 ] }, "properties": { "name": "École maternelle Charles Martin", "amenity": "school" } }, { "type": "Feature", "geometry": { "type": "Point", "coordinates": [ -0.611449678, 44.780044296 ] }, "properties": { "name": "Groupe scolaire Lange", "amenity": "school" } }, { "type": "Feature", "geometry": { "type": "Point", "coordinates": [ -0.521632221, 44.848930421 ] }, "properties": { "name": "Centre de loisirs \"La Ré d'Eau\"", "amenity": "school" } }, { "type": "Feature", "geometry": { "type": "Point", "coordinates": [ -0.321112273, 44.884963494 ] }, "properties": { "name": "École agricole privée", "amenity": "school" } }, { "type": "Feature", "geometry": { "type": "Point", "coordinates": [ -0.536399026, 44.806326281 ] }, "properties": { "name": "Jardin d'enfants La Marelle", "amenity": "kindergarten" } }, { "type": "Feature", "geometry": { "type": "Point", "coordinates": [ 7.730785734, 48.608732283 ] }, "properties": { "name": "Collège Leclerc", "amenity": "school" } }, { "type": "Feature", "geometry": { "type": "Point", "coordinates": [ -0.242259, 44.913677 ] }, "properties": { "name": "École primaire privée Saint-Jean", "amenity": "school" } }, { "type": "Feature", "geometry": { "type": "Point", "coordinates": [ 7.443668444, 48.407510518 ] }, "properties": { "name": "École primaire Vallée", "amenity": "school" } }, { "type": "Feature", "geometry": { "type": "Point", "coordinates": [ -1.089147757, 44.98740202 ] }, "properties": { "name": "Collège de Lacanau", "amenity": "school" } }, { "type": "Feature", "geometry": { "type": "Point", "coordinates": [ 7.810890861, 48.822214577 ] }, "properties": { "name": "École maternelle Saint-Joseph", "amenity": "school" } }, { "type": "Feature", "geometry": { "type": "Point", "coordinates": [ -0.434442157, 44.621852458 ] }, "properties": { "name": "École primaire des 3 colonnes du Rieufret", "amenity": "school" } }, { "type": "Feature", "geometry": { "type": "Point", "coordinates": [ -0.4598181, 44.8219023 ] }, "properties": { "name": "Collège de Lestonac", "amenity": "school" } }, { "type": "Feature", "geometry": { "type": "Point", "coordinates": [ 7.0470869, 48.9728948 ] }, "properties": { "name": "École primaire", "amenity": "school" } }, { "type": "Feature", "geometry": { "type": "Point", "coordinates": [ 7.7105384, 48.5917581 ] }, "properties": { "name": "garderie & crèche Athena", "amenity": "kindergarten" } }, { "type": "Feature", "geometry": { "type": "Point", "coordinates": [ -0.585569912, 44.794265965 ] }, "properties": { "name": "École primaire Maurice Ravel", "amenity": "school" } }, { "type": "Feature", "geometry": { "type": "Point", "coordinates": [ -0.6090802, 44.8334171 ] }, "properties": { "name": "Babynook", "amenity": "kindergarten" } }, { "type": "Feature", "geometry": { "type": "Point", "coordinates": [ 7.4805031, 48.9214705 ] }, "properties": { "name": "École primaire", "amenity": "school" } }, { "type": "Feature", "geometry": { "type": "Point", "coordinates": [ -0.5821822, 44.8291675 ] }, "properties": { "name": "Annexe Formation Continue & Alternance du Lycée Famille Saintonge", "amenity": "school" } }, { "type": "Feature", "geometry": { "type": "Point", "coordinates": [ 7.656259978, 48.421752906 ] }, "properties": { "name": "École maternelle Château d'Eau", "amenity": "school" } }, { "type": "Feature", "geometry": { "type": "Point", "coordinates": [ 7.543102188, 48.337149264 ] }, "properties": { "name": "École primaire René Cassin", "amenity": "school" } }, { "type": "Feature", "geometry": { "type": "Point", "coordinates": [ -0.123431254, 44.77756086 ] }, "properties": { "name": "Collège Pierre Martin", "amenity": "school" } }, { "type": "Feature", "geometry": { "type": "Point", "coordinates": [ 7.7399626, 48.5902541 ] }, "properties": { "name": "Pigier Strasbourg", "amenity": "university" } }, { "type": "Feature", "geometry": { "type": "Point", "coordinates": [ 7.768253588, 48.5803463 ] }, "properties": { "name": "Maison Interuniversitaire des Sciences de l'Homme-Alsace MISHA", "amenity": "university" } }, { "type": "Feature", "geometry": { "type": "Point", "coordinates": [ -0.573055608, 44.855756229 ] }, "properties": { "name": "Lycée professionnel Les Chartrons", "amenity": "school" } }, { "type": "Feature", "geometry": { "type": "Point", "coordinates": [ -0.4240411, 45.0168073 ] }, "properties": { "name": "École primaire Beynel", "amenity": "school" } }, { "type": "Feature", "geometry": { "type": "Point", "coordinates": [ -1.088036644, 44.746445445 ] }, "properties": { "name": "Collège André Lahaye", "amenity": "school" } }, { "type": "Feature", "geometry": { "type": "Point", "coordinates": [ -0.981736986, 44.87827948 ] }, "properties": { "name": "Groupe Scolaire La Lebade", "amenity": "college" } }, { "type": "Feature", "geometry": { "type": "Point", "coordinates": [ -0.607153886, 44.865653401 ] }, "properties": { "name": "École Primaire Privée Institution Sainte-Anne", "amenity": "school" } }, { "type": "Feature", "geometry": { "type": "Point", "coordinates": [ 7.4941289, 48.5444375 ] }, "properties": { "name": "École maternelle du Centre", "amenity": "school" } }, { "type": "Feature", "geometry": { "type": "Point", "coordinates": [ -0.586863641, 44.844755964 ] }, "properties": { "name": "École élementaire Albert Barraud", "amenity": "school" } }, { "type": "Feature", "geometry": { "type": "Point", "coordinates": [ 7.682011536, 48.522527406 ] }, "properties": { "name": "École Élémentaire de la Gare", "amenity": "school" } }, { "type": "Feature", "geometry": { "type": "Point", "coordinates": [ -0.544034571, 44.816497222 ] }, "properties": { "name": "École élémentaire Marcel Sembat", "amenity": "school" } }, { "type": "Feature", "geometry": { "type": "Point", "coordinates": [ -0.570324433, 44.83347075 ] }, "properties": { "name": "Lycée général privé du Mirail", "amenity": "school" } }, { "type": "Feature", "geometry": { "type": "Point", "coordinates": [ 7.68763052, 48.561001818 ] }, "properties": { "name": "École primaire Vosges", "amenity": "school" } }, { "type": "Feature", "geometry": { "type": "Point", "coordinates": [ 7.4755251, 48.8748044 ] }, "properties": { "name": "École élémentaire", "amenity": "school" } }, { "type": "Feature", "geometry": { "type": "Point", "coordinates": [ 7.0900547, 48.9388819 ] }, "properties": { "name": "École primaire", "amenity": "school" } }, { "type": "Feature", "geometry": { "type": "Point", "coordinates": [ -0.524641093, 44.871874464 ] }, "properties": { "name": "École élémentaire Condorcet", "amenity": "school" } }, { "type": "Feature", "geometry": { "type": "Point", "coordinates": [ -0.5448827, 44.8461112 ] }, "properties": { "name": "École maternelle Cité de La Benauge", "amenity": "school" } }, { "type": "Feature", "geometry": { "type": "Point", "coordinates": [ -0.609728683, 44.791128914 ] }, "properties": { "name": "Institut Universitaire de Technologie", "amenity": "university" } }, { "type": "Feature", "geometry": { "type": "Point", "coordinates": [ -0.653417207, 44.883798562 ] }, "properties": { "name": "Pôle éducatif (maternelle et élémentaire)", "amenity": "school" } }, { "type": "Feature", "geometry": { "type": "Point", "coordinates": [ 7.680968394, 48.331840185 ] }, "properties": { "name": "École maternelle de Boofzheim", "amenity": "school" } }, { "type": "Feature", "geometry": { "type": "Point", "coordinates": [ -0.2430465, 44.9484901 ] }, "properties": { "name": "Section d'Enseignement Général et Professionnel Adapté du Collège", "amenity": "school" } }, { "type": "Feature", "geometry": { "type": "Point", "coordinates": [ 7.748502009, 48.583821132 ] }, "properties": { "name": "Gymnase Jean Sturm", "amenity": "school" } }, { "type": "Feature", "geometry": { "type": "Point", "coordinates": [ -0.2409751, 44.9136302 ] }, "properties": { "name": "École maternelle du Centre", "amenity": "school" } }, { "type": "Feature", "geometry": { "type": "Point", "coordinates": [ -0.492179115, 44.862887504 ] }, "properties": { "name": "École élementaire du Parc", "amenity": "school" } }, { "type": "Feature", "geometry": { "type": "Point", "coordinates": [ -0.0553989, 45.017524 ] }, "properties": { "name": "École primaire Jacques Chastenet", "amenity": "school" } }, { "type": "Feature", "geometry": { "type": "Point", "coordinates": [ -0.630171611, 44.909662772 ] }, "properties": { "name": "École primaire du Bourg", "amenity": "school" } }, { "type": "Feature", "geometry": { "type": "Point", "coordinates": [ -0.606009457, 44.843240116 ] }, "properties": { "name": "École élémentaire Jules Ferry", "amenity": "school" } }, { "type": "Feature", "geometry": { "type": "Point", "coordinates": [ 7.648063517, 48.420624818 ] }, "properties": { "name": "Lycée Professionnel Agricole d'Erstein", "amenity": "school" } }, { "type": "Feature", "geometry": { "type": "Point", "coordinates": [ 7.6982711, 48.3799166 ] }, "properties": { "name": "Les libellules", "amenity": "kindergarten" } }, { "type": "Feature", "geometry": { "type": "Point", "coordinates": [ 7.59774017, 48.370085037 ] }, "properties": { "name": "École maternelle Centre", "amenity": "school" } }, { "type": "Feature", "geometry": { "type": "Point", "coordinates": [ 7.4495693, 48.8507433 ] }, "properties": { "name": "École primaire", "amenity": "school" } }, { "type": "Feature", "geometry": { "type": "Point", "coordinates": [ 7.426396842, 48.540786711 ] }, "properties": { "name": "École maternelle", "amenity": "school" } }, { "type": "Feature", "geometry": { "type": "Point", "coordinates": [ 7.763994292, 48.615898141 ] }, "properties": { "name": "École maternelle At Home", "amenity": "school" } }, { "type": "Feature", "geometry": { "type": "Point", "coordinates": [ 7.752950582, 48.549042364 ] }, "properties": { "name": "École maternelle Canardière", "amenity": "school" } }, { "type": "Feature", "geometry": { "type": "Point", "coordinates": [ -0.6690931, 44.7962625 ] }, "properties": { "name": "École élémentaire Pierre Castaing", "amenity": "school" } }, { "type": "Feature", "geometry": { "type": "Point", "coordinates": [ -0.520805567, 44.859295426 ] }, "properties": { "name": "École élémentaire Jean Jaurès", "amenity": "school" } }, { "type": "Feature", "geometry": { "type": "Point", "coordinates": [ 7.425403672, 48.284833619 ] }, "properties": { "name": "École primaire", "amenity": "school" } }, { "type": "Feature", "geometry": { "type": "Point", "coordinates": [ 7.0458425, 48.8791066 ] }, "properties": { "name": "École primaire", "amenity": "school" } }, { "type": "Feature", "geometry": { "type": "Point", "coordinates": [ 7.6114582, 48.9409102 ] }, "properties": { "name": "École primaire", "amenity": "school" } }, { "type": "Feature", "geometry": { "type": "Point", "coordinates": [ -0.544779235, 44.769809305 ] }, "properties": { "name": "École Maternelle Joliot-Curie", "amenity": "school" } }, { "type": "Feature", "geometry": { "type": "Point", "coordinates": [ -0.649726459, 44.863301189 ] }, "properties": { "name": "École élémentaire de la Forêt", "amenity": "school" } }, { "type": "Feature", "geometry": { "type": "Point", "coordinates": [ 7.681407502, 48.607896685 ] }, "properties": { "name": "École maternelle Sarah Banzet", "amenity": "school" } }, { "type": "Feature", "geometry": { "type": "Point", "coordinates": [ 7.6582208, 48.9286223 ] }, "properties": { "name": "Collège Françoise Dolto", "amenity": "school" } }, { "type": "Feature", "geometry": { "type": "Point", "coordinates": [ 7.7523361, 48.5846439 ] }, "properties": { "name": "Institution La Doctrine Chrétienne", "amenity": "school" } }, { "type": "Feature", "geometry": { "type": "Point", "coordinates": [ 7.703428573, 48.321115195 ] }, "properties": { "name": "École primaire Schmalau", "amenity": "school" } }, { "type": "Feature", "geometry": { "type": "Point", "coordinates": [ 7.0775192, 48.9371468 ] }, "properties": { "name": "École maternelle Ville-Neuve", "amenity": "school" } }, { "type": "Feature", "geometry": { "type": "Point", "coordinates": [ -0.9105901, 44.550306001 ] }, "properties": { "name": "École élémentaire Caplanne", "amenity": "school" } }, { "type": "Feature", "geometry": { "type": "Point", "coordinates": [ -0.591991838, 44.834129638 ] }, "properties": { "name": "Lycée Toulouse-Lautrec", "amenity": "school" } }, { "type": "Feature", "geometry": { "type": "Point", "coordinates": [ 7.7496541, 48.5836992 ] }, "properties": { "name": "PHG Academy Strasbourg", "amenity": "college" } }, { "type": "Feature", "geometry": { "type": "Point", "coordinates": [ -0.552852962, 44.842061229 ] }, "properties": { "name": "École maternelle Nuits", "amenity": "school" } }, { "type": "Feature", "geometry": { "type": "Point", "coordinates": [ -0.4102689, 44.7795529 ] }, "properties": { "name": "École maternelle Pierre Perret", "amenity": "school" } }, { "type": "Feature", "geometry": { "type": "Point", "coordinates": [ -0.5962498, 44.7710551 ] }, "properties": { "name": "École maternelle Malartic", "amenity": "school" } }, { "type": "Feature", "geometry": { "type": "Point", "coordinates": [ 7.764956533, 48.58987826 ] }, "properties": { "name": "Institut des Hautes Études Européennes - Villa Knopf", "amenity": "university" } }, { "type": "Feature", "geometry": { "type": "Point", "coordinates": [ 7.469273407, 48.41371578 ] }, "properties": { "name": "École maternelle", "amenity": "school" } }, { "type": "Feature", "geometry": { "type": "Point", "coordinates": [ -0.544012633, 44.830875856 ] }, "properties": { "name": "École élémentaire Franc Sanson", "amenity": "school" } }, { "type": "Feature", "geometry": { "type": "Point", "coordinates": [ -0.5554628, 44.8426239 ] }, "properties": { "name": "ESPI (École Supérieure des Professions Immobilières)", "amenity": "college" } }, { "type": "Feature", "geometry": { "type": "Point", "coordinates": [ -0.897408677, 45.337569085 ] }, "properties": { "name": "École Rosa Bonheur", "amenity": "school" } }, { "type": "Feature", "geometry": { "type": "Point", "coordinates": [ -0.5714674, 44.8474739 ] }, "properties": { "name": "École Privée d'Esthétique Françoise B", "amenity": "school" } }, { "type": "Feature", "geometry": { "type": "Point", "coordinates": [ 7.753928468, 48.561919686 ] }, "properties": { "name": "Groupe scolaire Krimmeri", "amenity": "school" } }, { "type": "Feature", "geometry": { "type": "Point", "coordinates": [ 7.1821691, 48.3897418 ] }, "properties": { "name": "École primaire catholique", "amenity": "school" } }, { "type": "Feature", "geometry": { "type": "Point", "coordinates": [ 7.91268043, 48.897727402 ] }, "properties": { "name": "École maternelle Les Mésanges", "amenity": "school" } }, { "type": "Feature", "geometry": { "type": "Point", "coordinates": [ -0.166994507, 44.691146403 ] }, "properties": { "name": "École maternelle", "amenity": "school" } }, { "type": "Feature", "geometry": { "type": "Point", "coordinates": [ -0.209857039, 44.495800782 ] }, "properties": { "name": "École primaire Jacques de Marcellus", "amenity": "school" } }, { "type": "Feature", "geometry": { "type": "Point", "coordinates": [ -0.548767793, 44.838740915 ] }, "properties": { "name": "Lycée professionnel Trégey Rive de Garonne", "amenity": "school" } }, { "type": "Feature", "geometry": { "type": "Point", "coordinates": [ -0.649324686, 44.884961418 ] }, "properties": { "name": "École élémentaire René Girol", "amenity": "school" } }, { "type": "Feature", "geometry": { "type": "Point", "coordinates": [ -0.615351851, 44.773724029 ] }, "properties": { "name": "École maternelle Ermitage", "amenity": "school" } }, { "type": "Feature", "geometry": { "type": "Point", "coordinates": [ -0.143319358, 44.579016872 ] }, "properties": { "name": "École Primaire Jean-Pierre Gemin", "amenity": "school" } }, { "type": "Feature", "geometry": { "type": "Point", "coordinates": [ 7.774050947, 48.625763307 ] }, "properties": { "name": "École maternelle Champfleury Ried III", "amenity": "school" } }, { "type": "Feature", "geometry": { "type": "Point", "coordinates": [ -0.0423577, 44.8525644 ] }, "properties": { "name": "Accueil Jeune", "amenity": "school" } }, { "type": "Feature", "geometry": { "type": "Point", "coordinates": [ -0.5830558, 44.8242752 ] }, "properties": { "name": "Lycée général privé Albert Le Grand", "amenity": "school" } }, { "type": "Feature", "geometry": { "type": "Point", "coordinates": [ -0.0373989, 44.583597401 ] }, "properties": { "name": "École maternelle Rosa Bonheur", "amenity": "school" } }, { "type": "Feature", "geometry": { "type": "Point", "coordinates": [ -0.75109549, 44.891135354 ] }, "properties": { "name": "École maternelle d'Hastignan", "amenity": "school" } }, { "type": "Feature", "geometry": { "type": "Point", "coordinates": [ -0.6248631, 44.7937139 ] }, "properties": { "name": "françois mauriac", "amenity": "school" } }, { "type": "Feature", "geometry": { "type": "Point", "coordinates": [ -0.72100882, 44.912147543 ] }, "properties": { "name": "École maternelle Charles Perrault", "amenity": "school" } }, { "type": "Feature", "geometry": { "type": "Point", "coordinates": [ -0.522733124, 44.857484593 ] }, "properties": { "name": "Maternelle Louis Pergaud", "amenity": "school" } }, { "type": "Feature", "geometry": { "type": "Point", "coordinates": [ -0.5200445, 45.2692203 ] }, "properties": { "name": "École primaire Georges Bergeon", "amenity": "school" } }, { "type": "Feature", "geometry": { "type": "Point", "coordinates": [ 7.440691433, 48.734547706 ] }, "properties": { "name": "École maternelle", "amenity": "school" } }, { "type": "Feature", "geometry": { "type": "Point", "coordinates": [ -0.626318172, 45.160426169 ] }, "properties": { "name": "Ecole élémentaire", "amenity": "school" } }, { "type": "Feature", "geometry": { "type": "Point", "coordinates": [ 7.7124097, 48.580986543 ] }, "properties": { "name": "École Maternelle Camille Claus", "amenity": "school" } }, { "type": "Feature", "geometry": { "type": "Point", "coordinates": [ -0.285046634, 44.884293121 ] }, "properties": { "name": "École primaire du Bourg", "amenity": "school" } }, { "type": "Feature", "geometry": { "type": "Point", "coordinates": [ -0.647025407, 44.850781773 ] }, "properties": { "name": "École élémentaire d'application Jean Jaurès 1", "amenity": "school" } }, { "type": "Feature", "geometry": { "type": "Point", "coordinates": [ 7.6300852, 48.8488903 ] }, "properties": { "name": "École primaire Pierre Pfimlin", "amenity": "school" } }, { "type": "Feature", "geometry": { "type": "Point", "coordinates": [ 7.754221308, 48.561223145 ] }, "properties": { "name": "Institut National Supérieur du Professorat et de l?Education", "amenity": "university" } }, { "type": "Feature", "geometry": { "type": "Point", "coordinates": [ 7.764768071, 48.579624629 ] }, "properties": { "name": "Institut de Biologie Moléculaire et Cellulaire", "amenity": "university" } }, { "type": "Feature", "geometry": { "type": "Point", "coordinates": [ 7.737332146, 48.585994719 ] }, "properties": { "name": "École Nationale Supérieure d'Architecture de Strasbourg", "amenity": "university" } }, { "type": "Feature", "geometry": { "type": "Point", "coordinates": [ 7.732199377, 48.573762653 ] }, "properties": { "name": "École maternelle Louise Scheppler", "amenity": "school" } }, { "type": "Feature", "geometry": { "type": "Point", "coordinates": [ 7.905464343, 48.730099332 ] }, "properties": { "name": "École primaire Les Hirondelles", "amenity": "school" } }, { "type": "Feature", "geometry": { "type": "Point", "coordinates": [ -0.602942465, 44.767317553 ] }, "properties": { "name": "Groupe Scolaire Le Pin Franc", "amenity": "school" } }, { "type": "Feature", "geometry": { "type": "Point", "coordinates": [ -0.5972099, 44.853146 ] }, "properties": { "name": "Lycée Saint-Joseph-de-Tivoli", "amenity": "school" } }, { "type": "Feature", "geometry": { "type": "Point", "coordinates": [ 7.755029125, 48.594720337 ] }, "properties": { "name": "Collège et Lycée Kléber", "amenity": "school" } }, { "type": "Feature", "geometry": { "type": "Point", "coordinates": [ -0.223074772, 44.431895156 ] }, "properties": { "name": "Lycée d'Enseignement Général Technologique Agricole et Forestier", "amenity": "school" } }, { "type": "Feature", "geometry": { "type": "Point", "coordinates": [ 7.6638299, 48.4897569 ] }, "properties": { "name": "École primaire catholique", "amenity": "school" } }, { "type": "Feature", "geometry": { "type": "Point", "coordinates": [ -0.403809492, 45.019917551 ] }, "properties": { "name": "École des Petits Albins", "amenity": "school" } }, { "type": "Feature", "geometry": { "type": "Point", "coordinates": [ -0.585356111, 45.107922343 ] }, "properties": { "name": "École de Berson", "amenity": "school" } }, { "type": "Feature", "geometry": { "type": "Point", "coordinates": [ 7.7411749, 48.5785986 ] }, "properties": { "name": "École maternelle Finkwiller", "amenity": "school" } }, { "type": "Feature", "geometry": { "type": "Point", "coordinates": [ -0.308128686, 44.771567877 ] }, "properties": { "name": "École primaire", "amenity": "school" } }, { "type": "Feature", "geometry": { "type": "Point", "coordinates": [ 7.36488766, 48.7345292 ] }, "properties": { "name": "Collège Les Sources", "amenity": "school" } }, { "type": "Feature", "geometry": { "type": "Point", "coordinates": [ -0.4935291, 44.7819264 ] }, "properties": { "name": "Aérocampus", "amenity": "school" } }, { "type": "Feature", "geometry": { "type": "Point", "coordinates": [ 7.250922751, 48.91868573 ] }, "properties": { "name": "École primaire", "amenity": "school" } }, { "type": "Feature", "geometry": { "type": "Point", "coordinates": [ -0.5528851, 44.8427017 ] }, "properties": { "name": "École maternelle Sainte-Marie Bastide", "amenity": "school" } }, { "type": "Feature", "geometry": { "type": "Point", "coordinates": [ -1.0052598, 44.6861863 ] }, "properties": { "name": "École maternelle Jean Verdier", "amenity": "school" } }, { "type": "Feature", "geometry": { "type": "Point", "coordinates": [ -0.530098587, 44.831598823 ] }, "properties": { "name": "École élémentaire Pasteur", "amenity": "school" } }, { "type": "Feature", "geometry": { "type": "Point", "coordinates": [ -0.618482, 44.7954605 ] }, "properties": { "name": "UFR Humanités", "amenity": "university" } }, { "type": "Feature", "geometry": { "type": "Point", "coordinates": [ 7.4192119, 48.9122548 ] }, "properties": { "name": "École maternelle", "amenity": "school" } }, { "type": "Feature", "geometry": { "type": "Point", "coordinates": [ 7.7231426, 48.5929356 ] }, "properties": { "name": "Les p'tits prodiges", "amenity": "kindergarten" } }, { "type": "Feature", "geometry": { "type": "Point", "coordinates": [ -0.515581586, 44.872409661 ] }, "properties": { "name": "École maternelle Michel Montaigne", "amenity": "school" } }, { "type": "Feature", "geometry": { "type": "Point", "coordinates": [ -0.580190255, 44.861683162 ] }, "properties": { "name": "École maternelle Albert Schweitzer", "amenity": "school" } }, { "type": "Feature", "geometry": { "type": "Point", "coordinates": [ -0.64890483, 44.842697312 ] }, "properties": { "name": "École élémentaire Jules Ferry", "amenity": "school" } }, { "type": "Feature", "geometry": { "type": "Point", "coordinates": [ -0.596024279, 44.848523909 ] }, "properties": { "name": "Collège privé Sainte-Clotilde Cr. Saint-Seurin", "amenity": "school" } }, { "type": "Feature", "geometry": { "type": "Point", "coordinates": [ 7.4821585, 48.5234796 ] }, "properties": { "name": "École maternelle", "amenity": "school" } }, { "type": "Feature", "geometry": { "type": "Point", "coordinates": [ -0.157534243, 44.897430156 ] }, "properties": { "name": "École primaire Elie Janaillac", "amenity": "school" } }, { "type": "Feature", "geometry": { "type": "Point", "coordinates": [ -0.5714601, 44.8316319 ] }, "properties": { "name": "Broca 1", "amenity": "university" } }, { "type": "Feature", "geometry": { "type": "Point", "coordinates": [ -0.7089352, 44.7680459 ] }, "properties": { "name": "École élémentaire Maguiche", "amenity": "school" } }, { "type": "Feature", "geometry": { "type": "Point", "coordinates": [ 7.907563204, 48.731660296 ] }, "properties": { "name": "École primaire Jacques Prévert", "amenity": "school" } }, { "type": "Feature", "geometry": { "type": "Point", "coordinates": [ -0.584781918, 44.72657496 ] }, "properties": { "name": "Ecole maternelle et élémentaire Jean Jaurès", "amenity": "school" } }, { "type": "Feature", "geometry": { "type": "Point", "coordinates": [ 7.749637823, 48.605157168 ] }, "properties": { "name": "École primaire Exen Pire", "amenity": "school" } }, { "type": "Feature", "geometry": { "type": "Point", "coordinates": [ -0.669506836, 44.872122294 ] }, "properties": { "name": "Lycée professionnel horticole Camille Godard", "amenity": "school" } }, { "type": "Feature", "geometry": { "type": "Point", "coordinates": [ 7.74097554, 48.578725076 ] }, "properties": { "name": "Groupe Scolaire du Finkwiller", "amenity": "school" } }, { "type": "Feature", "geometry": { "type": "Point", "coordinates": [ 7.7806512, 48.8210588 ] }, "properties": { "name": "École maternelle Metzgerhof", "amenity": "school" } }, { "type": "Feature", "geometry": { "type": "Point", "coordinates": [ 7.7517755, 48.6056951 ] }, "properties": { "name": "La Mosaïque", "amenity": "school" } }, { "type": "Feature", "geometry": { "type": "Point", "coordinates": [ -0.56899364, 44.865886421 ] }, "properties": { "name": "Lycée professionnel Beau de Rochas", "amenity": "school" } }, { "type": "Feature", "geometry": { "type": "Point", "coordinates": [ 7.0905659, 48.9378262 ] }, "properties": { "name": "Section d'enseignement général et professionnel adapté du Collège", "amenity": "school" } }, { "type": "Feature", "geometry": { "type": "Point", "coordinates": [ -0.249902971, 44.588559535 ] }, "properties": { "name": "École primaire", "amenity": "school" } }, { "type": "Feature", "geometry": { "type": "Point", "coordinates": [ -0.1595461, 44.826984 ] }, "properties": { "name": "École Yvette et Gérard Mie", "amenity": "school" } }, { "type": "Feature", "geometry": { "type": "Point", "coordinates": [ -0.350508119, 44.773547542 ] }, "properties": { "name": "École Albanie Lacoume", "amenity": "school" } }, { "type": "Feature", "geometry": { "type": "Point", "coordinates": [ -0.893992012, 44.590999808 ] }, "properties": { "name": "École de Lillet", "amenity": "school" } }, { "type": "Feature", "geometry": { "type": "Point", "coordinates": [ -0.589264384, 44.838355541 ] }, "properties": { "name": "École élémentaire Saint-Bruno", "amenity": "school" } }, { "type": "Feature", "geometry": { "type": "Point", "coordinates": [ -0.548807724, 44.84893652 ] }, "properties": { "name": "Collège Jacques Ellul", "amenity": "school" } }, { "type": "Feature", "geometry": { "type": "Point", "coordinates": [ 7.767489434, 48.580889498 ] }, "properties": { "name": "Faculté de Chimie", "amenity": "university" } }, { "type": "Feature", "geometry": { "type": "Point", "coordinates": [ -0.0869736, 44.6934975 ] }, "properties": { "name": "École primaire de Sauveterre", "amenity": "school" } }, { "type": "Feature", "geometry": { "type": "Point", "coordinates": [ 7.669096904, 48.424576617 ] }, "properties": { "name": "École maternelle Le Briehly", "amenity": "school" } }, { "type": "Feature", "geometry": { "type": "Point", "coordinates": [ 7.2300231, 48.8636 ] }, "properties": { "name": "École Primaire", "amenity": "school" } }, { "type": "Feature", "geometry": { "type": "Point", "coordinates": [ -0.602295659, 44.848208345 ] }, "properties": { "name": "École Élémentaire d'Application Jean Cocteau", "amenity": "school" } }, { "type": "Feature", "geometry": { "type": "Point", "coordinates": [ 7.7852103, 48.8145422 ] }, "properties": { "name": "École élémentaire publique Vieille Île", "amenity": "school" } }, { "type": "Feature", "geometry": { "type": "Point", "coordinates": [ -0.223702, 44.551918001 ] }, "properties": { "name": "École primaire André Labayle", "amenity": "school" } }, { "type": "Feature", "geometry": { "type": "Point", "coordinates": [ -0.551394214, 44.823439228 ] }, "properties": { "name": "École élementaire Ferdinand Buisson", "amenity": "school" } }, { "type": "Feature", "geometry": { "type": "Point", "coordinates": [ 7.7491381, 48.5792137 ] }, "properties": { "name": "Crèche Stenger-Bachman", "amenity": "kindergarten" } }, { "type": "Feature", "geometry": { "type": "Point", "coordinates": [ 0.0607402, 44.559036601 ] }, "properties": { "name": "École primaire", "amenity": "school" } }, { "type": "Feature", "geometry": { "type": "Point", "coordinates": [ -1.0882916, 44.7462318 ] }, "properties": { "name": "SEGPA du Collège André Lahaye", "amenity": "school" } }, { "type": "Feature", "geometry": { "type": "Point", "coordinates": [ -0.4923764, 44.7800983 ] }, "properties": { "name": "Aérocampus Aquitaine", "amenity": "college" } }, { "type": "Feature", "geometry": { "type": "Point", "coordinates": [ -0.479687722, 44.669983187 ] }, "properties": { "name": "École des Platanes", "amenity": "school" } }, { "type": "Feature", "geometry": { "type": "Point", "coordinates": [ -0.606597764, 44.825264677 ] }, "properties": { "name": "Universite de Bordeaux - Campus de Carreire", "amenity": "university" } }, { "type": "Feature", "geometry": { "type": "Point", "coordinates": [ 7.696207344, 48.585151526 ] }, "properties": { "name": "Lycée Marcel Rudloff", "amenity": "school" } }, { "type": "Feature", "geometry": { "type": "Point", "coordinates": [ -0.650578552, 44.818049084 ] }, "properties": { "name": "Campus de Bissy", "amenity": "university" } }, { "type": "Feature", "geometry": { "type": "Point", "coordinates": [ 7.784879575, 48.600878796 ] }, "properties": { "name": "École primaire Robertsau", "amenity": "school" } }, { "type": "Feature", "geometry": { "type": "Point", "coordinates": [ -0.529126758, 44.874241188 ] }, "properties": { "name": "École mixte Marie Curie", "amenity": "school" } }, { "type": "Feature", "geometry": { "type": "Point", "coordinates": [ 7.7038795, 48.3776041 ] }, "properties": { "name": "École Primaire ABCM Zweisprachigkeit", "amenity": "school" } }, { "type": "Feature", "geometry": { "type": "Point", "coordinates": [ 7.533015964, 48.783505901 ] }, "properties": { "name": "École primaire protestante ex Wickersheim", "amenity": "school" } }, { "type": "Feature", "geometry": { "type": "Point", "coordinates": [ -0.2136933, 44.390958801 ] }, "properties": { "name": "Collège privé Saint-Clément", "amenity": "school" } }, { "type": "Feature", "geometry": { "type": "Point", "coordinates": [ -0.848238959, 44.698454756 ] }, "properties": { "name": "Collège Gaston Flament", "amenity": "school" } }, { "type": "Feature", "geometry": { "type": "Point", "coordinates": [ 7.766273871, 48.580710099 ] }, "properties": { "name": "Institut Le Bel", "amenity": "university" } }, { "type": "Feature", "geometry": { "type": "Point", "coordinates": [ 7.7383728, 48.5512471 ] }, "properties": { "name": "Micro Crèche AASBR", "amenity": "kindergarten" } }, { "type": "Feature", "geometry": { "type": "Point", "coordinates": [ -0.3327356, 44.7104931 ] }, "properties": { "name": "École élémentaire", "amenity": "school" } }, { "type": "Feature", "geometry": { "type": "Point", "coordinates": [ 7.7835043, 48.8037395 ] }, "properties": { "name": "Section d'enseignement général et professionnel adapté du Collège Kléber", "amenity": "school" } }, { "type": "Feature", "geometry": { "type": "Point", "coordinates": [ -0.4391883, 44.821011 ] }, "properties": { "name": "École maternelle", "amenity": "school" } }, { "type": "Feature", "geometry": { "type": "Point", "coordinates": [ -0.563267591, 44.811750132 ] }, "properties": { "name": "École Sainte Marie de la Ferrade", "amenity": "school" } }, { "type": "Feature", "geometry": { "type": "Point", "coordinates": [ -0.674363, 44.798136 ] }, "properties": { "name": "École maternelle Le Colombier", "amenity": "school" } }, { "type": "Feature", "geometry": { "type": "Point", "coordinates": [ 7.641622712, 48.513351073 ] }, "properties": { "name": "École Maternelle Les Coquelicots", "amenity": "school" } }, { "type": "Feature", "geometry": { "type": "Point", "coordinates": [ -0.2073533, 44.9914127 ] }, "properties": { "name": "École maternelle Gisèle Halimi", "amenity": "school" } }, { "type": "Feature", "geometry": { "type": "Point", "coordinates": [ 7.5624691, 48.8328028 ] }, "properties": { "name": "École primaire", "amenity": "school" } }, { "type": "Feature", "geometry": { "type": "Point", "coordinates": [ -0.568412097, 44.882124885 ] }, "properties": { "name": "Groupe scolaire Nelson Mandela", "amenity": "school" } }, { "type": "Feature", "geometry": { "type": "Point", "coordinates": [ -1.074610252, 44.619760161 ] }, "properties": { "name": "École Césarée", "amenity": "school" } }, { "type": "Feature", "geometry": { "type": "Point", "coordinates": [ 7.701239874, 48.591714823 ] }, "properties": { "name": "Collège Erasme", "amenity": "school" } }, { "type": "Feature", "geometry": { "type": "Point", "coordinates": [ 7.452732428, 48.259785512 ] }, "properties": { "name": "École primaire du Centre", "amenity": "school" } }, { "type": "Feature", "geometry": { "type": "Point", "coordinates": [ -0.756126526, 45.034600199 ] }, "properties": { "name": "Groupe Scolaire Josette Calvo", "amenity": "school" } }, { "type": "Feature", "geometry": { "type": "Point", "coordinates": [ -0.6850904, 44.8359343 ] }, "properties": { "name": "Crèche Attitude", "amenity": "kindergarten" } }, { "type": "Feature", "geometry": { "type": "Point", "coordinates": [ -0.5555872, 44.8182173 ] }, "properties": { "name": "ISFEC François d'Assise", "amenity": "college" } }, { "type": "Feature", "geometry": { "type": "Point", "coordinates": [ 0.21990277, 44.838818822 ] }, "properties": { "name": "École maternelle Paul Bert", "amenity": "school" } }, { "type": "Feature", "geometry": { "type": "Point", "coordinates": [ 7.456938601, 48.260566806 ] }, "properties": { "name": "École maternelle Froebel", "amenity": "school" } }, { "type": "Feature", "geometry": { "type": "Point", "coordinates": [ -0.190413174, 44.572623695 ] }, "properties": { "name": "École de Saint-Pierre d'Aurillac", "amenity": "school" } }, { "type": "Feature", "geometry": { "type": "Point", "coordinates": [ -0.633172103, 44.918953167 ] }, "properties": { "name": "Lycée agro-viticole de Blanquefort - Site Maurian", "amenity": "college" } }, { "type": "Feature", "geometry": { "type": "Point", "coordinates": [ 0.0736079, 44.743396 ] }, "properties": { "name": "Collège Champ d'Eymet", "amenity": "school" } }, { "type": "Feature", "geometry": { "type": "Point", "coordinates": [ -0.72528923, 44.864037489 ] }, "properties": { "name": "École maternelle Pierre et Maïa Carrié", "amenity": "school" } }, { "type": "Feature", "geometry": { "type": "Point", "coordinates": [ -0.614989087, 45.18683304 ] }, "properties": { "name": "École élémentaire Jean Toulza", "amenity": "school" } }, { "type": "Feature", "geometry": { "type": "Point", "coordinates": [ 7.43535927, 48.264001388 ] }, "properties": { "name": "École maternelle Oberlin", "amenity": "school" } }, { "type": "Feature", "geometry": { "type": "Point", "coordinates": [ -0.6456533, 44.795918 ] }, "properties": { "name": "École élémentaire Saint-Exupéry", "amenity": "school" } }, { "type": "Feature", "geometry": { "type": "Point", "coordinates": [ 7.8628985, 48.9834099 ] }, "properties": { "name": "École Maternelle de la Cité", "amenity": "school" } }, { "type": "Feature", "geometry": { "type": "Point", "coordinates": [ -0.615155262, 45.186811481 ] }, "properties": { "name": "École Jean Toulza", "amenity": "school" } }, { "type": "Feature", "geometry": { "type": "Point", "coordinates": [ 7.7356931, 48.5302319 ] }, "properties": { "name": "Institut Universitaire Technologique - Département Informatique", "amenity": "college" } }, { "type": "Feature", "geometry": { "type": "Point", "coordinates": [ -0.4620697, 44.7305327 ] }, "properties": { "name": "École primaire Publique", "amenity": "school" } }, { "type": "Feature", "geometry": { "type": "Point", "coordinates": [ 7.951895998, 49.041512881 ] }, "properties": { "name": "École maternelle Europe", "amenity": "school" } }, { "type": "Feature", "geometry": { "type": "Point", "coordinates": [ -0.4891916, 44.9266117 ] }, "properties": { "name": "École privée Saint-Michel Saint-Pierre", "amenity": "school" } }, { "type": "Feature", "geometry": { "type": "Point", "coordinates": [ 7.640429, 48.9515843 ] }, "properties": { "name": "École maternelle du Petit Pont", "amenity": "school" } }, { "type": "Feature", "geometry": { "type": "Point", "coordinates": [ -0.2288714, 44.9112734 ] }, "properties": { "name": "École Formation Coiffure", "amenity": "school" } }, { "type": "Feature", "geometry": { "type": "Point", "coordinates": [ 7.760806346, 48.581282238 ] }, "properties": { "name": "École maternelle Académie", "amenity": "school" } }, { "type": "Feature", "geometry": { "type": "Point", "coordinates": [ -0.0058107, 44.7921434 ] }, "properties": { "name": "École maternelle", "amenity": "school" } }, { "type": "Feature", "geometry": { "type": "Point", "coordinates": [ -0.602577, 44.7674813 ] }, "properties": { "name": "École maternelle Le Pin Franc", "amenity": "school" } }, { "type": "Feature", "geometry": { "type": "Point", "coordinates": [ 7.66067702, 48.420401289 ] }, "properties": { "name": "École Maternelle Popp", "amenity": "school" } }, { "type": "Feature", "geometry": { "type": "Point", "coordinates": [ -0.532022543, 44.777235906 ] }, "properties": { "name": "École maternelle Jules-Verne", "amenity": "school" } }, { "type": "Feature", "geometry": { "type": "Point", "coordinates": [ -0.568215461, 44.779857645 ] }, "properties": { "name": "Collège Niki de Saint-Phalle", "amenity": "school" } }, { "type": "Feature", "geometry": { "type": "Point", "coordinates": [ -0.6165621, 44.8039001 ] }, "properties": { "name": "École élémentaire Jules Ferry", "amenity": "school" } }, { "type": "Feature", "geometry": { "type": "Point", "coordinates": [ 7.3671148, 48.9161152 ] }, "properties": { "name": "Collège Suzanne Lalique - Haviland", "amenity": "school" } }, { "type": "Feature", "geometry": { "type": "Point", "coordinates": [ -0.5789591, 44.8393654 ] }, "properties": { "name": "ABCD'R Academy - Centre d?apprentissage", "amenity": "college" } }, { "type": "Feature", "geometry": { "type": "Point", "coordinates": [ -0.592651767, 44.85209762 ] }, "properties": { "name": "École primaire privée Institution Assomption", "amenity": "school" } }, { "type": "Feature", "geometry": { "type": "Point", "coordinates": [ -0.609392768, 44.834692578 ] }, "properties": { "name": "Collège Émile Combes", "amenity": "school" } }, { "type": "Feature", "geometry": { "type": "Point", "coordinates": [ 7.948889324, 49.036984931 ] }, "properties": { "name": "École maternelle Marie Leszczynska", "amenity": "school" } }, { "type": "Feature", "geometry": { "type": "Point", "coordinates": [ -0.694269482, 44.989527401 ] }, "properties": { "name": "Collège Panchon", "amenity": "school" } }, { "type": "Feature", "geometry": { "type": "Point", "coordinates": [ -0.668488409, 44.803748519 ] }, "properties": { "name": "École maternelle Roland Dorgelès", "amenity": "school" } }, { "type": "Feature", "geometry": { "type": "Point", "coordinates": [ -0.654137, 44.526205101 ] }, "properties": { "name": "Groupe scolaire Les Callunes", "amenity": "school" } }, { "type": "Feature", "geometry": { "type": "Point", "coordinates": [ 7.75959178, 48.5843593 ] }, "properties": { "name": "Restaurant Universitaire Gallia", "amenity": "university" } }, { "type": "Feature", "geometry": { "type": "Point", "coordinates": [ 7.216000769, 48.474092254 ] }, "properties": { "name": "École maternelle", "amenity": "school" } }, { "type": "Feature", "geometry": { "type": "Point", "coordinates": [ -0.50267091, 44.878700957 ] }, "properties": { "name": "Ecole Verte du Grand Tressan", "amenity": "school" } }, { "type": "Feature", "geometry": { "type": "Point", "coordinates": [ -0.5782251, 44.8743507 ] }, "properties": { "name": "Epitech Bordeaux", "amenity": "college" } }, { "type": "Feature", "geometry": { "type": "Point", "coordinates": [ -0.303502078, 44.773975536 ] }, "properties": { "name": "Maison familiale et rurale Entre Deux Mers", "amenity": "school" } }, { "type": "Feature", "geometry": { "type": "Point", "coordinates": [ 7.496257508, 48.46116486 ] }, "properties": { "name": "École maternelle Camille Claudel", "amenity": "school" } }, { "type": "Feature", "geometry": { "type": "Point", "coordinates": [ -0.282200425, 44.49807317 ] }, "properties": { "name": "Ècole communale", "amenity": "school" } }, { "type": "Feature", "geometry": { "type": "Point", "coordinates": [ 7.767881425, 48.610596207 ] }, "properties": { "name": "Lycée Professionnel et Industriel Émile Mathis", "amenity": "school" } }, { "type": "Feature", "geometry": { "type": "Point", "coordinates": [ -0.715982225, 44.906061328 ] }, "properties": { "name": "Collège Léonard de Vinci", "amenity": "school" } }, { "type": "Feature", "geometry": { "type": "Point", "coordinates": [ 7.668256741, 48.639341314 ] }, "properties": { "name": "Collège de La Souffel", "amenity": "school" } }, { "type": "Feature", "geometry": { "type": "Point", "coordinates": [ -0.2129607, 44.586942901 ] }, "properties": { "name": "École Primaire", "amenity": "school" } }, { "type": "Feature", "geometry": { "type": "Point", "coordinates": [ -0.648671094, 44.886689647 ] }, "properties": { "name": "Crèche du Bourg", "amenity": "kindergarten" } }, { "type": "Feature", "geometry": { "type": "Point", "coordinates": [ -0.572865939, 44.828222299 ] }, "properties": { "name": "Ensemble scolaire Le Mirail", "amenity": "school" } }, { "type": "Feature", "geometry": { "type": "Point", "coordinates": [ 7.703673743, 48.589996602 ] }, "properties": { "name": "École Maternelle Éléonore B", "amenity": "school" } }, { "type": "Feature", "geometry": { "type": "Point", "coordinates": [ 7.2197708, 48.8807847 ] }, "properties": { "name": "École primaire", "amenity": "school" } }, { "type": "Feature", "geometry": { "type": "Point", "coordinates": [ 7.135332, 48.3586314 ] }, "properties": { "name": "École primaire catholique", "amenity": "school" } }, { "type": "Feature", "geometry": { "type": "Point", "coordinates": [ 7.5536999, 48.1669223 ] }, "properties": { "name": "Les P'tits Loups", "amenity": "kindergarten" } }, { "type": "Feature", "geometry": { "type": "Point", "coordinates": [ -0.583344062, 44.822262801 ] }, "properties": { "name": "Institut de rééducation Nazareth", "amenity": "college" } }, { "type": "Feature", "geometry": { "type": "Point", "coordinates": [ -0.512354829, 44.852618868 ] }, "properties": { "name": "École élémentaire Vincent Van Gogh", "amenity": "school" } }, { "type": "Feature", "geometry": { "type": "Point", "coordinates": [ -0.67585244, 44.907188913 ] }, "properties": { "name": "École élémentaire Jean Pometan", "amenity": "school" } }, { "type": "Feature", "geometry": { "type": "Point", "coordinates": [ 7.432863786, 48.535379646 ] }, "properties": { "name": "École élémentaire", "amenity": "school" } }, { "type": "Feature", "geometry": { "type": "Point", "coordinates": [ 7.490104676, 48.535138493 ] }, "properties": { "name": "Lycée Henri Meck", "amenity": "school" } }, { "type": "Feature", "geometry": { "type": "Point", "coordinates": [ 7.793989257, 48.812830097 ] }, "properties": { "name": "Collège Foch", "amenity": "school" } }, { "type": "Feature", "geometry": { "type": "Point", "coordinates": [ -0.5904819, 44.7745504 ] }, "properties": { "name": "École technique privée Saint-François Xavier", "amenity": "school" } }, { "type": "Feature", "geometry": { "type": "Point", "coordinates": [ -1.0540727, 45.1907469 ] }, "properties": { "name": "École primaire J.G. Teyssier", "amenity": "school" } }, { "type": "Feature", "geometry": { "type": "Point", "coordinates": [ 7.21926511, 48.971832865 ] }, "properties": { "name": "École primaire", "amenity": "school" } }, { "type": "Feature", "geometry": { "type": "Point", "coordinates": [ -0.597015901, 44.825929841 ] }, "properties": { "name": "École Maternelle Béchade", "amenity": "school" } }, { "type": "Feature", "geometry": { "type": "Point", "coordinates": [ -0.4105828, 45.1396026 ] }, "properties": { "name": "Collège du Val de Saye", "amenity": "school" } }, { "type": "Feature", "geometry": { "type": "Point", "coordinates": [ 7.747107734, 48.575467999 ] }, "properties": { "name": "Institut de Physique Biologique", "amenity": "university" } }, { "type": "Feature", "geometry": { "type": "Point", "coordinates": [ 7.713886346, 48.731889707 ] }, "properties": { "name": "Collège Marcel Weinum", "amenity": "school" } }, { "type": "Feature", "geometry": { "type": "Point", "coordinates": [ -0.7176223, 44.8395093 ] }, "properties": { "name": "ENSPIMA (École Nationale Supérieure Performance Industrielle et Maintenance Aéronautique) ex-IMA", "amenity": "college" } }, { "type": "Feature", "geometry": { "type": "Point", "coordinates": [ -0.5299486, 44.7984185 ] }, "properties": { "name": "Pigier Bordeaux", "amenity": "college" } }, { "type": "Feature", "geometry": { "type": "Point", "coordinates": [ -0.0725698, 44.7481221 ] }, "properties": { "name": "École maternelle", "amenity": "school" } }, { "type": "Feature", "geometry": { "type": "Point", "coordinates": [ 7.756205436, 48.584624218 ] }, "properties": { "name": "Lycée International Pontonniers", "amenity": "school" } }, { "type": "Feature", "geometry": { "type": "Point", "coordinates": [ -0.338330078, 44.991474436 ] }, "properties": { "name": "Collège Léo Drouyn", "amenity": "school" } }, { "type": "Feature", "geometry": { "type": "Point", "coordinates": [ 7.7400483, 48.5902312 ] }, "properties": { "name": "WIN Sport School Strasbourg", "amenity": "college" } }, { "type": "Feature", "geometry": { "type": "Point", "coordinates": [ 7.757822643, 48.618353762 ] }, "properties": { "name": "École maternelle du Canal", "amenity": "school" } }, { "type": "Feature", "geometry": { "type": "Point", "coordinates": [ -0.3076545, 44.9674116 ] }, "properties": { "name": "École maternelle de Villegouge", "amenity": "school" } }, { "type": "Feature", "geometry": { "type": "Point", "coordinates": [ 7.743988253, 48.579982199 ] }, "properties": { "name": "Groupe scolaire Saint-Thomas", "amenity": "school" } }, { "type": "Feature", "geometry": { "type": "Point", "coordinates": [ -0.5610853, 44.8408239 ] }, "properties": { "name": "Studio M Bordeaux", "amenity": "university" } }, { "type": "Feature", "geometry": { "type": "Point", "coordinates": [ -1.250078766, 44.64913548 ] }, "properties": { "name": "Groupe Scolaire du Phare", "amenity": "school" } }, { "type": "Feature", "geometry": { "type": "Point", "coordinates": [ -0.52025001, 45.269284222 ] }, "properties": { "name": "École primaire georges bergeon", "amenity": "school" } }, { "type": "Feature", "geometry": { "type": "Point", "coordinates": [ -1.164466271, 44.652181983 ] }, "properties": { "name": "Collège Marie Bartette", "amenity": "school" } }, { "type": "Feature", "geometry": { "type": "Point", "coordinates": [ -0.653680365, 44.763352236 ] }, "properties": { "name": "École maternelle Marc Rebeyrol", "amenity": "school" } }, { "type": "Feature", "geometry": { "type": "Point", "coordinates": [ -0.575553853, 44.87719458 ] }, "properties": { "name": "Centre de Formation de la Chambre de Commerce et d'Industrie", "amenity": "college" } }, { "type": "Feature", "geometry": { "type": "Point", "coordinates": [ -0.3416616, 44.9577337 ] }, "properties": { "name": "École primaire", "amenity": "school" } }, { "type": "Feature", "geometry": { "type": "Point", "coordinates": [ -0.582539186, 44.838855329 ] }, "properties": { "name": "École maternelle Anatole France", "amenity": "school" } }, { "type": "Feature", "geometry": { "type": "Point", "coordinates": [ 7.433363944, 48.639696648 ] }, "properties": { "name": "Collège Marcel Pagnol", "amenity": "school" } }, { "type": "Feature", "geometry": { "type": "Point", "coordinates": [ -0.66770709, 44.846171723 ] }, "properties": { "name": "École primaire privée Sainte-Marie", "amenity": "school" } }, { "type": "Feature", "geometry": { "type": "Point", "coordinates": [ 7.798182379, 48.822208044 ] }, "properties": { "name": "Périscolaire Marxenhouse", "amenity": "kindergarten" } }, { "type": "Feature", "geometry": { "type": "Point", "coordinates": [ 7.4465246, 48.4067803 ] }, "properties": { "name": "Maison de l'Enfant", "amenity": "kindergarten" } }, { "type": "Feature", "geometry": { "type": "Point", "coordinates": [ -0.555550037, 44.820082056 ] }, "properties": { "name": "Groupe scolaire Frida Kahlo (provisoire)", "amenity": "school" } }, { "type": "Feature", "geometry": { "type": "Point", "coordinates": [ 7.767143023, 48.622279835 ] }, "properties": { "name": "Halte-garderie", "amenity": "kindergarten" } }, { "type": "Feature", "geometry": { "type": "Point", "coordinates": [ -0.609570943, 44.792817711 ] }, "properties": { "name": "École Nationale Supérieure des Sciences Agronomiques de Bordeaux - Aquitaine", "amenity": "university" } }, { "type": "Feature", "geometry": { "type": "Point", "coordinates": [ -0.5525327, 44.8371543 ] }, "properties": { "name": "Groupe scolaire Marie De Gournay", "amenity": "school" } }, { "type": "Feature", "geometry": { "type": "Point", "coordinates": [ 7.135780737, 48.359503041 ] }, "properties": { "name": "École Primaire de Bourg-Bruche", "amenity": "school" } }, { "type": "Feature", "geometry": { "type": "Point", "coordinates": [ 7.529203505, 48.569597677 ] }, "properties": { "name": "École maternelle Les Vergers", "amenity": "school" } }, { "type": "Feature", "geometry": { "type": "Point", "coordinates": [ 7.5394743, 48.9105958 ] }, "properties": { "name": "École maternelle", "amenity": "school" } }, { "type": "Feature", "geometry": { "type": "Point", "coordinates": [ -0.520064068, 44.867845826 ] }, "properties": { "name": "Crèche", "amenity": "kindergarten" } }, { "type": "Feature", "geometry": { "type": "Point", "coordinates": [ -0.478572236, 44.93144688 ] }, "properties": { "name": "École élémentaire Aimé Césaire", "amenity": "school" } }, { "type": "Feature", "geometry": { "type": "Point", "coordinates": [ 7.7766546, 48.5834781 ] }, "properties": { "name": "Microcrèche", "amenity": "kindergarten" } }, { "type": "Feature", "geometry": { "type": "Point", "coordinates": [ -0.1066308, 44.523814401 ] }, "properties": { "name": "École maternelle Marsan", "amenity": "school" } }, { "type": "Feature", "geometry": { "type": "Point", "coordinates": [ 7.783002053, 48.59078425 ] }, "properties": { "name": "Institut de Mécanique des Fluides et des Solides", "amenity": "university" } }, { "type": "Feature", "geometry": { "type": "Point", "coordinates": [ 7.762629259, 48.549405265 ] }, "properties": { "name": "Institut National Supérieur du Professorat et de l'Éducation", "amenity": "university" } }, { "type": "Feature", "geometry": { "type": "Point", "coordinates": [ 7.422384002, 48.325251575 ] }, "properties": { "name": "École maternelle", "amenity": "school" } }, { "type": "Feature", "geometry": { "type": "Point", "coordinates": [ -0.847321198, 44.699901092 ] }, "properties": { "name": "École primaire privée Sainte-Anne", "amenity": "school" } }, { "type": "Feature", "geometry": { "type": "Point", "coordinates": [ 7.484190545, 48.825682528 ] }, "properties": { "name": "Lycée Adrien Zeller", "amenity": "school" } }, { "type": "Feature", "geometry": { "type": "Point", "coordinates": [ -1.021659735, 44.636737097 ] }, "properties": { "name": "École maternelle du Delta", "amenity": "school" } }, { "type": "Feature", "geometry": { "type": "Point", "coordinates": [ 7.708615018, 48.64517003 ] }, "properties": { "name": "gymnase du collège", "amenity": "school" } }, { "type": "Feature", "geometry": { "type": "Point", "coordinates": [ -0.7655437, 44.8467813 ] }, "properties": { "name": "École maternelle Flora Tristan", "amenity": "school" } }, { "type": "Feature", "geometry": { "type": "Point", "coordinates": [ 7.477145614, 48.500520879 ] }, "properties": { "name": "Collège Herrade de Landsberg", "amenity": "school" } }, { "type": "Feature", "geometry": { "type": "Point", "coordinates": [ 7.2689844, 48.509172 ] }, "properties": { "name": "École primaire catholique", "amenity": "school" } }, { "type": "Feature", "geometry": { "type": "Point", "coordinates": [ -0.5525552, 44.8280044 ] }, "properties": { "name": "Les Petites Canailles", "amenity": "kindergarten" } }, { "type": "Feature", "geometry": { "type": "Point", "coordinates": [ -1.1516038, 44.652405 ] }, "properties": { "name": "École maternelle Les Mouettes", "amenity": "school" } }, { "type": "Feature", "geometry": { "type": "Point", "coordinates": [ 7.7509105, 48.6046194 ] }, "properties": { "name": "Microcrèche les Papillons", "amenity": "kindergarten" } }, { "type": "Feature", "geometry": { "type": "Point", "coordinates": [ 7.738807836, 48.574981841 ] }, "properties": { "name": "Institut de Bactériologie", "amenity": "university" } }, { "type": "Feature", "geometry": { "type": "Point", "coordinates": [ -0.491558232, 44.863955522 ] }, "properties": { "name": "École maternelle de la Plaine", "amenity": "school" } }, { "type": "Feature", "geometry": { "type": "Point", "coordinates": [ 7.545751376, 48.165408553 ] }, "properties": { "name": "École Élémentaire Jules Ferry", "amenity": "school" } }, { "type": "Feature", "geometry": { "type": "Point", "coordinates": [ -0.553775069, 44.894981936 ] }, "properties": { "name": "Compagnons du Devoir", "amenity": "college" } }, { "type": "Feature", "geometry": { "type": "Point", "coordinates": [ 7.762945713, 48.576467709 ] }, "properties": { "name": "Cité Universitaire Paul Appell", "amenity": "university" } }, { "type": "Feature", "geometry": { "type": "Point", "coordinates": [ 7.71934046, 48.521167998 ] }, "properties": { "name": "École élémentaire Adélaïde Hautval", "amenity": "school" } }, { "type": "Feature", "geometry": { "type": "Point", "coordinates": [ -0.6846231, 44.8300367 ] }, "properties": { "name": "Les petits chaperons rouges", "amenity": "kindergarten" } }, { "type": "Feature", "geometry": { "type": "Point", "coordinates": [ -0.577983582, 44.837004114 ] }, "properties": { "name": "Université de Bordeaux - Institut d'Administration des Entreprises", "amenity": "university" } }, { "type": "Feature", "geometry": { "type": "Point", "coordinates": [ -1.109824, 44.6374957 ] }, "properties": { "name": "Creche les Petit Pouces", "amenity": "kindergarten" } }, { "type": "Feature", "geometry": { "type": "Point", "coordinates": [ -0.5543132, 45.0786866 ] }, "properties": { "name": "École maternelle", "amenity": "school" } }, { "type": "Feature", "geometry": { "type": "Point", "coordinates": [ -0.6047561, 44.9821254 ] }, "properties": { "name": "École maternelle", "amenity": "school" } }, { "type": "Feature", "geometry": { "type": "Point", "coordinates": [ 7.738736854, 48.573291843 ] }, "properties": { "name": "Collège Louis Pasteur", "amenity": "school" } }, { "type": "Feature", "geometry": { "type": "Point", "coordinates": [ 7.52876676, 48.907286 ] }, "properties": { "name": "École primaire", "amenity": "school" } }, { "type": "Feature", "geometry": { "type": "Point", "coordinates": [ -0.565094731, 44.864468638 ] }, "properties": { "name": "Collège Edouard Vaillant", "amenity": "school" } }, { "type": "Feature", "geometry": { "type": "Point", "coordinates": [ -0.236871299, 44.908261946 ] }, "properties": { "name": "École Maternelle Gisèle Halimi", "amenity": "school" } }, { "type": "Feature", "geometry": { "type": "Point", "coordinates": [ 7.776895591, 48.57776868 ] }, "properties": { "name": "Groupe Scolaire Jacques Sturm", "amenity": "school" } }, { "type": "Feature", "geometry": { "type": "Point", "coordinates": [ 7.470257361, 48.873914431 ] }, "properties": { "name": "Collège d'Ingwiller", "amenity": "school" } }, { "type": "Feature", "geometry": { "type": "Point", "coordinates": [ -0.571230005, 44.8204603 ] }, "properties": { "name": "Espace Malbec", "amenity": "kindergarten" } }, { "type": "Feature", "geometry": { "type": "Point", "coordinates": [ 7.45041754, 48.537354312 ] }, "properties": { "name": "École Maternelle Louise Scheppler", "amenity": "school" } }, { "type": "Feature", "geometry": { "type": "Point", "coordinates": [ 0.215075, 44.837838 ] }, "properties": { "name": "Lycée Professionnel Paul Broca", "amenity": "school" } }, { "type": "Feature", "geometry": { "type": "Point", "coordinates": [ -0.2117207, 44.9023917 ] }, "properties": { "name": "École maternelle de Carré", "amenity": "school" } }, { "type": "Feature", "geometry": { "type": "Point", "coordinates": [ -0.571907196, 44.818232146 ] }, "properties": { "name": "École primaire Somme", "amenity": "school" } }, { "type": "Feature", "geometry": { "type": "Point", "coordinates": [ -0.6301662, 44.7949777 ] }, "properties": { "name": "École élémentaire Edouard Herriot", "amenity": "school" } }, { "type": "Feature", "geometry": { "type": "Point", "coordinates": [ -0.5675664, 44.865476 ] }, "properties": { "name": "Lycée technologique Saint-Louis", "amenity": "school" } }, { "type": "Feature", "geometry": { "type": "Point", "coordinates": [ -0.577552991, 44.852162216 ] }, "properties": { "name": "École maternelle Montgolfier", "amenity": "school" } }, { "type": "Feature", "geometry": { "type": "Point", "coordinates": [ 7.230594304, 48.483533612 ] }, "properties": { "name": "Cité Scolaire de la Haute Bruche", "amenity": "school" } }, { "type": "Feature", "geometry": { "type": "Point", "coordinates": [ -1.138335775, 44.621185911 ] }, "properties": { "name": "École Élémentaire Privée Saint Vincent", "amenity": "school" } }, { "type": "Feature", "geometry": { "type": "Point", "coordinates": [ -0.605297205, 44.94936209 ] }, "properties": { "name": "École élémentaire Libération", "amenity": "school" } }, { "type": "Feature", "geometry": { "type": "Point", "coordinates": [ 7.6368852, 48.6914709 ] }, "properties": { "name": "École élémentaire intercommunale La Fleur des Champs", "amenity": "school" } }, { "type": "Feature", "geometry": { "type": "Point", "coordinates": [ -0.557730715, 44.763721106 ] }, "properties": { "name": "Groupe Scolaire Jules Ferry", "amenity": "school" } }, { "type": "Feature", "geometry": { "type": "Point", "coordinates": [ 7.590169351, 48.396746522 ] }, "properties": { "name": "École primaire des Tilleuls", "amenity": "school" } }, { "type": "Feature", "geometry": { "type": "Point", "coordinates": [ -0.4091455, 45.1409686 ] }, "properties": { "name": "École primaire", "amenity": "school" } }, { "type": "Feature", "geometry": { "type": "Point", "coordinates": [ 7.8475561, 48.7785721 ] }, "properties": { "name": "Section d'enseignement général et professionnel adapté du Collège André Maurois", "amenity": "school" } }, { "type": "Feature", "geometry": { "type": "Point", "coordinates": [ -0.615229624, 44.8509815 ] }, "properties": { "name": "École Maternelle d'Application Paul Lapie", "amenity": "school" } }, { "type": "Feature", "geometry": { "type": "Point", "coordinates": [ 7.751273, 48.5885947 ] }, "properties": { "name": "Collège Foch", "amenity": "school" } }, { "type": "Feature", "geometry": { "type": "Point", "coordinates": [ -0.7805479, 44.613042501 ] }, "properties": { "name": "Lycée général et technologique du Barp", "amenity": "school" } }, { "type": "Feature", "geometry": { "type": "Point", "coordinates": [ 7.906128924, 48.73135435 ] }, "properties": { "name": "École Maternelle du Petit Pont", "amenity": "school" } }, { "type": "Feature", "geometry": { "type": "Point", "coordinates": [ 0.0809321, 44.8208621 ] }, "properties": { "name": "École élémentaire", "amenity": "school" } }, { "type": "Feature", "geometry": { "type": "Point", "coordinates": [ -0.595611683, 44.82777991 ] }, "properties": { "name": "Epide", "amenity": "college" } }, { "type": "Feature", "geometry": { "type": "Point", "coordinates": [ 7.7159496, 48.5196437 ] }, "properties": { "name": "École maternelle Libermann", "amenity": "school" } }, { "type": "Feature", "geometry": { "type": "Point", "coordinates": [ 7.733291157, 48.580790628 ] }, "properties": { "name": "École maternelle Sainte-Aurèlie", "amenity": "school" } }, { "type": "Feature", "geometry": { "type": "Point", "coordinates": [ -0.0316917, 44.8056443 ] }, "properties": { "name": "École primaire", "amenity": "school" } }, { "type": "Feature", "geometry": { "type": "Point", "coordinates": [ 7.4375887, 48.2620217 ] }, "properties": { "name": "École élémentaire Jacques Wimpfeling", "amenity": "school" } }, { "type": "Feature", "geometry": { "type": "Point", "coordinates": [ 0.1174433, 44.6503309 ] }, "properties": { "name": "École primaire", "amenity": "school" } }, { "type": "Feature", "geometry": { "type": "Point", "coordinates": [ -0.3183568, 44.606452701 ] }, "properties": { "name": "École primaire", "amenity": "school" } }, { "type": "Feature", "geometry": { "type": "Point", "coordinates": [ 7.4993629, 48.4601898 ] }, "properties": { "name": "Section d'enseignement général et professionnel adapté du Collège Europe", "amenity": "school" } }, { "type": "Feature", "geometry": { "type": "Point", "coordinates": [ -0.552786329, 44.8430419 ] }, "properties": { "name": "Groupe scolaire Sainte-Marie Bastide", "amenity": "school" } }, { "type": "Feature", "geometry": { "type": "Point", "coordinates": [ 8.0987661, 48.9090333 ] }, "properties": { "name": "École de Schaffhouse", "amenity": "school" } }, { "type": "Feature", "geometry": { "type": "Point", "coordinates": [ -0.0650395, 44.9813982 ] }, "properties": { "name": "École élémentaire", "amenity": "school" } }, { "type": "Feature", "geometry": { "type": "Point", "coordinates": [ 7.710550665, 48.542148641 ] }, "properties": { "name": "École Maternelle Les Tilleuls", "amenity": "school" } }, { "type": "Feature", "geometry": { "type": "Point", "coordinates": [ -0.579339813, 44.859046963 ] }, "properties": { "name": "École élémentaire Condorcet", "amenity": "school" } }, { "type": "Feature", "geometry": { "type": "Point", "coordinates": [ 7.765641555, 48.583918697 ] }, "properties": { "name": "Musée de Sismologie et de Magnétisme Terrestre", "amenity": "university" } }, { "type": "Feature", "geometry": { "type": "Point", "coordinates": [ 7.708965447, 48.52301684 ] }, "properties": { "name": "École du Sud", "amenity": "school" } }, { "type": "Feature", "geometry": { "type": "Point", "coordinates": [ 7.6116523, 48.9410106 ] }, "properties": { "name": "École maternelle", "amenity": "school" } }, { "type": "Feature", "geometry": { "type": "Point", "coordinates": [ -0.691079792, 44.792903489 ] }, "properties": { "name": "École maternelle La Farandole", "amenity": "school" } }, { "type": "Feature", "geometry": { "type": "Point", "coordinates": [ 7.740245921, 48.590541073 ] }, "properties": { "name": "Studio M Strasbourg", "amenity": "university" } }, { "type": "Feature", "geometry": { "type": "Point", "coordinates": [ 7.7127015, 48.6097936 ] }, "properties": { "name": "Eucléa Business School - Strasbourg", "amenity": "college" } }, { "type": "Feature", "geometry": { "type": "Point", "coordinates": [ 7.6897283, 48.3312316 ] }, "properties": { "name": "Crèche Les Lucioles", "amenity": "kindergarten" } }, { "type": "Feature", "geometry": { "type": "Point", "coordinates": [ -0.560991063, 44.844525982 ] }, "properties": { "name": "Groupe scolaire Nuyens", "amenity": "school" } }, { "type": "Feature", "geometry": { "type": "Point", "coordinates": [ 7.445729915, 48.537309443 ] }, "properties": { "name": "Collège Louis Arbogast", "amenity": "school" } }, { "type": "Feature", "geometry": { "type": "Point", "coordinates": [ 7.730067586, 48.817751236 ] }, "properties": { "name": "Multi-accueil Les P'tits Loups / AGHSE / MUSE", "amenity": "kindergarten" } }, { "type": "Feature", "geometry": { "type": "Point", "coordinates": [ 7.8277855, 48.9366463 ] }, "properties": { "name": "École élémentaire", "amenity": "school" } }, { "type": "Feature", "geometry": { "type": "Point", "coordinates": [ -0.6480518, 44.8646977 ] }, "properties": { "name": "Crèche de la Forêt", "amenity": "kindergarten" } }, { "type": "Feature", "geometry": { "type": "Point", "coordinates": [ 7.74756802, 48.548210095 ] }, "properties": { "name": "École maternelle Lezay Marnésia", "amenity": "school" } }, { "type": "Feature", "geometry": { "type": "Point", "coordinates": [ -1.10582609, 44.635145718 ] }, "properties": { "name": "École élémentaire Jules Ferry", "amenity": "school" } }, { "type": "Feature", "geometry": { "type": "Point", "coordinates": [ 7.74868145, 48.64656255 ] }, "properties": { "name": "Halte-garderie La Coccinelle", "amenity": "kindergarten" } }, { "type": "Feature", "geometry": { "type": "Point", "coordinates": [ 7.4564568, 48.402628 ] }, "properties": { "name": "Les Cherubins De Barr", "amenity": "kindergarten" } }, { "type": "Feature", "geometry": { "type": "Point", "coordinates": [ -0.5720665, 44.8324815 ] }, "properties": { "name": "Institut supérieur européen de formation par l'action", "amenity": "college" } }, { "type": "Feature", "geometry": { "type": "Point", "coordinates": [ 7.9706734, 48.8286417 ] }, "properties": { "name": "Micro-crèche L'Ile aux Calîns", "amenity": "kindergarten" } }, { "type": "Feature", "geometry": { "type": "Point", "coordinates": [ -0.600925077, 44.796306333 ] }, "properties": { "name": "Kedge Business School", "amenity": "college" } }, { "type": "Feature", "geometry": { "type": "Point", "coordinates": [ 7.71917076, 48.601108819 ] }, "properties": { "name": "Collège Sophie Germain", "amenity": "school" } }, { "type": "Feature", "geometry": { "type": "Point", "coordinates": [ -0.563320411, 44.827697581 ] }, "properties": { "name": "École élémentaire Barbey", "amenity": "school" } }, { "type": "Feature", "geometry": { "type": "Point", "coordinates": [ -0.781548177, 44.846261905 ] }, "properties": { "name": "Collège Aliénor d'Aquitaine", "amenity": "school" } }, { "type": "Feature", "geometry": { "type": "Point", "coordinates": [ -0.228122182, 44.570002411 ] }, "properties": { "name": "Collège Élise Deroche", "amenity": "school" } }, { "type": "Feature", "geometry": { "type": "Point", "coordinates": [ 7.7706371, 48.5858679 ] }, "properties": { "name": "Crèche franco-allemande Tick Tack", "amenity": "kindergarten" } }, { "type": "Feature", "geometry": { "type": "Point", "coordinates": [ -0.589968654, 44.843731176 ] }, "properties": { "name": "École primaire privée Institution Saint-Seurin", "amenity": "school" } }, { "type": "Feature", "geometry": { "type": "Point", "coordinates": [ -0.596302, 44.8442978 ] }, "properties": { "name": "People&Baby", "amenity": "kindergarten" } }, { "type": "Feature", "geometry": { "type": "Point", "coordinates": [ 7.7408369, 48.5881062 ] }, "properties": { "name": "Baby Trees", "amenity": "kindergarten" } }, { "type": "Feature", "geometry": { "type": "Point", "coordinates": [ 7.752000959, 48.548400519 ] }, "properties": { "name": "École primaire Canardière", "amenity": "school" } }, { "type": "Feature", "geometry": { "type": "Point", "coordinates": [ 7.725374062, 48.471359733 ] }, "properties": { "name": "École du Château", "amenity": "school" } }, { "type": "Feature", "geometry": { "type": "Point", "coordinates": [ 7.698283975, 48.594678594 ] }, "properties": { "name": "École Élémentaire Jacqueline 1 et 2", "amenity": "school" } }, { "type": "Feature", "geometry": { "type": "Point", "coordinates": [ -0.650334216, 44.807718707 ] }, "properties": { "name": "Lycée général et technologique Pape Clément", "amenity": "school" } }, { "type": "Feature", "geometry": { "type": "Point", "coordinates": [ 7.71092081, 48.563938271 ] }, "properties": { "name": "Institut Médico-Pédagogique \"Le Roethig\"", "amenity": "school" } }, { "type": "Feature", "geometry": { "type": "Point", "coordinates": [ -1.096011232, 44.872282415 ] }, "properties": { "name": "École élémentaire Jean Degoul", "amenity": "school" } }, { "type": "Feature", "geometry": { "type": "Point", "coordinates": [ -0.585654627, 44.851952929 ] }, "properties": { "name": "Les Compagnons du Devoir", "amenity": "college" } }, { "type": "Feature", "geometry": { "type": "Point", "coordinates": [ 7.7526783, 48.5909933 ] }, "properties": { "name": "Centre Eshel", "amenity": "school" } }, { "type": "Feature", "geometry": { "type": "Point", "coordinates": [ -0.552945503, 44.874799577 ] }, "properties": { "name": "École élémentaire Charles Martin", "amenity": "school" } }, { "type": "Feature", "geometry": { "type": "Point", "coordinates": [ 7.4452687, 48.6390343 ] }, "properties": { "name": "École primaire Paul Fort", "amenity": "school" } }, { "type": "Feature", "geometry": { "type": "Point", "coordinates": [ -0.545316757, 44.801161987 ] }, "properties": { "name": "École élémentaire Joliot-Curie", "amenity": "school" } }, { "type": "Feature", "geometry": { "type": "Point", "coordinates": [ 7.670777908, 48.309705256 ] }, "properties": { "name": "École primaire de Friesenheim", "amenity": "school" } }, { "type": "Feature", "geometry": { "type": "Point", "coordinates": [ 7.4731553, 48.7422305 ] }, "properties": { "name": "Ecole primaire intercommunale du SIVOS", "amenity": "school" } }, { "type": "Feature", "geometry": { "type": "Point", "coordinates": [ 7.706301611, 48.666361006 ] }, "properties": { "name": "Collège La Pierre Polie", "amenity": "school" } }, { "type": "Feature", "geometry": { "type": "Point", "coordinates": [ 7.744947646, 48.577304657 ] }, "properties": { "name": "Faculté de Chirurgie Dentaire", "amenity": "university" } }, { "type": "Feature", "geometry": { "type": "Point", "coordinates": [ -0.184915694, 44.824515233 ] }, "properties": { "name": "Collège Paul Émile Victor", "amenity": "school" } }, { "type": "Feature", "geometry": { "type": "Point", "coordinates": [ -0.4873225, 44.754346 ] }, "properties": { "name": "École primaire Gabriel Massias", "amenity": "school" } }, { "type": "Feature", "geometry": { "type": "Point", "coordinates": [ -0.5707972, 44.8314856 ] }, "properties": { "name": "Espace Langues Victoire", "amenity": "university" } }, { "type": "Feature", "geometry": { "type": "Point", "coordinates": [ -0.6040681, 44.7869309 ] }, "properties": { "name": "ESAA Aquitaine", "amenity": "college" } }, { "type": "Feature", "geometry": { "type": "Point", "coordinates": [ -0.1271405, 44.9316094 ] }, "properties": { "name": "École primaire", "amenity": "school" } }, { "type": "Feature", "geometry": { "type": "Point", "coordinates": [ -0.619447955, 44.844226566 ] }, "properties": { "name": "Groupe Scolaire Raymond Poincaré", "amenity": "school" } }, { "type": "Feature", "geometry": { "type": "Point", "coordinates": [ -0.5033741, 44.667545 ] }, "properties": { "name": "École Primaire Privée Rambaud", "amenity": "school" } }, { "type": "Feature", "geometry": { "type": "Point", "coordinates": [ 0.214601645, 44.840370293 ] }, "properties": { "name": "Collège privé Anglade", "amenity": "school" } }, { "type": "Feature", "geometry": { "type": "Point", "coordinates": [ 7.4671484, 48.4941935 ] }, "properties": { "name": "École maternelle Sainte-Marthe", "amenity": "school" } }, { "type": "Feature", "geometry": { "type": "Point", "coordinates": [ 7.754265959, 48.579777231 ] }, "properties": { "name": "Groupe scolaire Sainte-Madeleine", "amenity": "school" } }, { "type": "Feature", "geometry": { "type": "Point", "coordinates": [ -0.64439, 45.1623999 ] }, "properties": { "name": "Ecole élementaire", "amenity": "school" } }, { "type": "Feature", "geometry": { "type": "Point", "coordinates": [ -0.633580111, 44.930559137 ] }, "properties": { "name": "École élémentaire de Caychac", "amenity": "school" } }, { "type": "Feature", "geometry": { "type": "Point", "coordinates": [ 7.880255976, 48.687132346 ] }, "properties": { "name": "École Maternelle \"Le Bitzig\"", "amenity": "school" } }, { "type": "Feature", "geometry": { "type": "Point", "coordinates": [ 7.190899764, 48.940029127 ] }, "properties": { "name": "Collège de l'Eichel", "amenity": "school" } }, { "type": "Feature", "geometry": { "type": "Point", "coordinates": [ 7.8814817, 48.6919176 ] }, "properties": { "name": "École Maternelle Le Verger", "amenity": "school" } }, { "type": "Feature", "geometry": { "type": "Point", "coordinates": [ 7.3786109, 48.7560138 ] }, "properties": { "name": "École maternelle", "amenity": "school" } }, { "type": "Feature", "geometry": { "type": "Point", "coordinates": [ 7.47344763, 48.4631218 ] }, "properties": { "name": "École primaire du Parc", "amenity": "school" } }, { "type": "Feature", "geometry": { "type": "Point", "coordinates": [ -0.229042963, 44.899884094 ] }, "properties": { "name": "École élémentaire de Garderose", "amenity": "school" } }, { "type": "Feature", "geometry": { "type": "Point", "coordinates": [ -0.487768951, 44.765454422 ] }, "properties": { "name": "École élémentaire de Camblanes-et-Meynac", "amenity": "school" } }, { "type": "Feature", "geometry": { "type": "Point", "coordinates": [ 7.713201093, 48.486228414 ] }, "properties": { "name": "Collège Sébastien Brant", "amenity": "school" } }, { "type": "Feature", "geometry": { "type": "Point", "coordinates": [ 7.755515859, 48.580021245 ] }, "properties": { "name": "Lycée professionnel Jean Geiler de Kaysersberg", "amenity": "school" } }, { "type": "Feature", "geometry": { "type": "Point", "coordinates": [ 7.360591091, 48.741146699 ] }, "properties": { "name": "Lycée général et technologique Général Leclerc", "amenity": "school" } }, { "type": "Feature", "geometry": { "type": "Point", "coordinates": [ -0.6176189, 45.0647168 ] }, "properties": { "name": "École primaire", "amenity": "school" } }, { "type": "Feature", "geometry": { "type": "Point", "coordinates": [ 7.7959568, 48.8153955 ] }, "properties": { "name": "LPE André Siegfried", "amenity": "school" } }, { "type": "Feature", "geometry": { "type": "Point", "coordinates": [ 7.69906211, 48.597214979 ] }, "properties": { "name": "École Maternelle Karine 1", "amenity": "school" } }, { "type": "Feature", "geometry": { "type": "Point", "coordinates": [ -0.570693088, 44.830633599 ] }, "properties": { "name": "Station Marne", "amenity": "university" } }, { "type": "Feature", "geometry": { "type": "Point", "coordinates": [ -0.512820937, 44.855247128 ] }, "properties": { "name": "Collège Jean Zay", "amenity": "school" } }, { "type": "Feature", "geometry": { "type": "Point", "coordinates": [ 8.027903533, 48.936749137 ] }, "properties": { "name": "École Trimbach", "amenity": "school" } }, { "type": "Feature", "geometry": { "type": "Point", "coordinates": [ -0.545696041, 44.815347434 ] }, "properties": { "name": "École maternelle Saint-Maurice", "amenity": "school" } }, { "type": "Feature", "geometry": { "type": "Point", "coordinates": [ -0.2495662, 44.556135001 ] }, "properties": { "name": "École Sainte-Marie Jeanne d'Arc", "amenity": "school" } }, { "type": "Feature", "geometry": { "type": "Point", "coordinates": [ 7.715936509, 48.606722305 ] }, "properties": { "name": "Institut Charles Sadron", "amenity": "university" } }, { "type": "Feature", "geometry": { "type": "Point", "coordinates": [ 7.765695684, 48.579932781 ] }, "properties": { "name": "Platforme de Biologie", "amenity": "university" } }, { "type": "Feature", "geometry": { "type": "Point", "coordinates": [ -0.637190981, 44.871724674 ] }, "properties": { "name": "École primaire de Migron", "amenity": "school" } }, { "type": "Feature", "geometry": { "type": "Point", "coordinates": [ -0.5731984, 44.8280987 ] }, "properties": { "name": "Collège du Matin", "amenity": "school" } }, { "type": "Feature", "geometry": { "type": "Point", "coordinates": [ -0.375044908, 44.457303769 ] }, "properties": { "name": "École élémentaire", "amenity": "school" } }, { "type": "Feature", "geometry": { "type": "Point", "coordinates": [ -0.578635078, 44.776402508 ] }, "properties": { "name": "École maternelle Jean-Moulin", "amenity": "school" } }, { "type": "Feature", "geometry": { "type": "Point", "coordinates": [ 7.709111764, 48.538718136 ] }, "properties": { "name": "Groupe scolaire du Schloessel", "amenity": "school" } }, { "type": "Feature", "geometry": { "type": "Point", "coordinates": [ 7.641286313, 48.556155255 ] }, "properties": { "name": "École Maternelle et Élémentaire du Centre", "amenity": "school" } }, { "type": "Feature", "geometry": { "type": "Point", "coordinates": [ 7.76483659, 48.57852896 ] }, "properties": { "name": "Passerelle Patio", "amenity": "university" } }, { "type": "Feature", "geometry": { "type": "Point", "coordinates": [ -0.59799647, 44.79595963 ] }, "properties": { "name": "Institut régional du travail social Nouvelle Aquitaine", "amenity": "college" } }, { "type": "Feature", "geometry": { "type": "Point", "coordinates": [ -0.576391705, 44.843271436 ] }, "properties": { "name": "Institut National des Formations Notariales - Bordeaux", "amenity": "college" } }, { "type": "Feature", "geometry": { "type": "Point", "coordinates": [ -0.589123315, 44.774908527 ] }, "properties": { "name": "École Élémentaire Spécialisée Saint-François-Xavier", "amenity": "school" } }, { "type": "Feature", "geometry": { "type": "Point", "coordinates": [ -0.649281451, 44.864328022 ] }, "properties": { "name": "École maternelle de la Forêt", "amenity": "school" } }, { "type": "Feature", "geometry": { "type": "Point", "coordinates": [ 7.7905623, 48.8183345 ] }, "properties": { "name": "École élémentaire des Roses", "amenity": "school" } }, { "type": "Feature", "geometry": { "type": "Point", "coordinates": [ -0.504672237, 44.849033015 ] }, "properties": { "name": "École primaire Jules Michelet", "amenity": "school" } }, { "type": "Feature", "geometry": { "type": "Point", "coordinates": [ 7.477311402, 48.50050818 ] }, "properties": { "name": "Collège Herrade de Landsberg", "amenity": "school" } }, { "type": "Feature", "geometry": { "type": "Point", "coordinates": [ 7.778751606, 48.584676863 ] }, "properties": { "name": "École élémentaire Conseil des XV", "amenity": "school" } }, { "type": "Feature", "geometry": { "type": "Point", "coordinates": [ -0.125466223, 44.77869571 ] }, "properties": { "name": "École primaire", "amenity": "school" } }, { "type": "Feature", "geometry": { "type": "Point", "coordinates": [ -0.85415599, 44.652376904 ] }, "properties": { "name": "École maternelle la Petite Ours", "amenity": "school" } }, { "type": "Feature", "geometry": { "type": "Point", "coordinates": [ -0.584565822, 44.852523495 ] }, "properties": { "name": "Collège Cassignol", "amenity": "school" } }, { "type": "Feature", "geometry": { "type": "Point", "coordinates": [ -0.0731625, 44.474008701 ] }, "properties": { "name": "École primaire", "amenity": "school" } }, { "type": "Feature", "geometry": { "type": "Point", "coordinates": [ -0.95683863, 45.323179987 ] }, "properties": { "name": "Groupe Scolaire Léonard Mesuret", "amenity": "school" } }, { "type": "Feature", "geometry": { "type": "Point", "coordinates": [ 0.0003362, 44.603060801 ] }, "properties": { "name": "École primaire", "amenity": "school" } }, { "type": "Feature", "geometry": { "type": "Point", "coordinates": [ -0.603568218, 44.804937431 ] }, "properties": { "name": "Crèche Le P'tit Campus", "amenity": "kindergarten" } }, { "type": "Feature", "geometry": { "type": "Point", "coordinates": [ -1.0058028, 44.6861591 ] }, "properties": { "name": "École élémentaire Jean Verdier", "amenity": "school" } }, { "type": "Feature", "geometry": { "type": "Point", "coordinates": [ -0.5575342, 44.8449778 ] }, "properties": { "name": "Université de Bordeaux - pôle universitaire des sciences de gestion", "amenity": "university" } }, { "type": "Feature", "geometry": { "type": "Point", "coordinates": [ -0.48360325, 44.665380626 ] }, "properties": { "name": "Collège de Saint-Selve", "amenity": "school" } }, { "type": "Feature", "geometry": { "type": "Point", "coordinates": [ -0.531965635, 44.776815494 ] }, "properties": { "name": "Crèche municipale Les Ptits Nuages", "amenity": "kindergarten" } }, { "type": "Feature", "geometry": { "type": "Point", "coordinates": [ -0.507896795, 44.846935199 ] }, "properties": { "name": "École élémentaire Albert Camus", "amenity": "school" } }, { "type": "Feature", "geometry": { "type": "Point", "coordinates": [ 7.7486754, 48.6041257 ] }, "properties": { "name": "People & Baby", "amenity": "kindergarten" } }, { "type": "Feature", "geometry": { "type": "Point", "coordinates": [ -0.0307299, 44.9123385 ] }, "properties": { "name": "École élémentaire", "amenity": "school" } }, { "type": "Feature", "geometry": { "type": "Point", "coordinates": [ -0.672449008, 44.954866872 ] }, "properties": { "name": "École Maternelle du Brugat", "amenity": "school" } }, { "type": "Feature", "geometry": { "type": "Point", "coordinates": [ -0.432957812, 45.006006301 ] }, "properties": { "name": "Collège La Garosse", "amenity": "school" } }, { "type": "Feature", "geometry": { "type": "Point", "coordinates": [ -1.076665399, 44.75300277 ] }, "properties": { "name": "Lycée Nord Bassin Simone Veil", "amenity": "college" } }, { "type": "Feature", "geometry": { "type": "Point", "coordinates": [ -0.6050757, 44.850063 ] }, "properties": { "name": "Pitchoun'", "amenity": "kindergarten" } }, { "type": "Feature", "geometry": { "type": "Point", "coordinates": [ -0.5977732, 44.8531802 ] }, "properties": { "name": "Collège Saint-Joseph-de-Tivoli", "amenity": "school" } }, { "type": "Feature", "geometry": { "type": "Point", "coordinates": [ -0.5275444, 45.0053816 ] }, "properties": { "name": "Pôle enfance jeunesse", "amenity": "kindergarten" } }, { "type": "Feature", "geometry": { "type": "Point", "coordinates": [ -0.0865834, 44.538375301 ] }, "properties": { "name": "École élémentaire", "amenity": "school" } }, { "type": "Feature", "geometry": { "type": "Point", "coordinates": [ -0.349368413, 44.775131067 ] }, "properties": { "name": "École primaire privée Sainte-Marie", "amenity": "school" } }, { "type": "Feature", "geometry": { "type": "Point", "coordinates": [ -0.582220378, 44.856234792 ] }, "properties": { "name": "Collège du Grand Parc", "amenity": "school" } }, { "type": "Feature", "geometry": { "type": "Point", "coordinates": [ 7.434977088, 48.25958559 ] }, "properties": { "name": "École élémentaire Quartier Ouest", "amenity": "school" } }, { "type": "Feature", "geometry": { "type": "Point", "coordinates": [ 7.3251617, 48.5280044 ] }, "properties": { "name": "École primaire catholique", "amenity": "school" } }, { "type": "Feature", "geometry": { "type": "Point", "coordinates": [ -0.593707, 44.811546 ] }, "properties": { "name": "École primaire privée Notre-Dame Sévigné", "amenity": "school" } }, { "type": "Feature", "geometry": { "type": "Point", "coordinates": [ 7.455982464, 48.259016447 ] }, "properties": { "name": "École primaire Sainte-Foy", "amenity": "school" } }, { "type": "Feature", "geometry": { "type": "Point", "coordinates": [ -0.5284993, 44.7536748 ] }, "properties": { "name": "La souris verte", "amenity": "kindergarten" } }, { "type": "Feature", "geometry": { "type": "Point", "coordinates": [ -0.635952569, 45.209409389 ] }, "properties": { "name": "École Gilles Verrat", "amenity": "school" } }, { "type": "Feature", "geometry": { "type": "Point", "coordinates": [ 7.713801119, 48.601165307 ] }, "properties": { "name": "École Maternelle Marguerite Perey", "amenity": "school" } }, { "type": "Feature", "geometry": { "type": "Point", "coordinates": [ -0.136113151, 44.635771563 ] }, "properties": { "name": "Ecole élementaire", "amenity": "school" } }, { "type": "Feature", "geometry": { "type": "Point", "coordinates": [ -0.430464359, 44.879971585 ] }, "properties": { "name": "École Maternelle", "amenity": "school" } }, { "type": "Feature", "geometry": { "type": "Point", "coordinates": [ -0.49259028, 44.431798941 ] }, "properties": { "name": "Collège François Mauriac", "amenity": "school" } }, { "type": "Feature", "geometry": { "type": "Point", "coordinates": [ -0.510018344, 44.854192173 ] }, "properties": { "name": "École primaire Léon Blum", "amenity": "school" } }, { "type": "Feature", "geometry": { "type": "Point", "coordinates": [ 7.7497259, 48.5837045 ] }, "properties": { "name": "ISEG Strasbourg", "amenity": "college" } }, { "type": "Feature", "geometry": { "type": "Point", "coordinates": [ -0.483874185, 44.928429124 ] }, "properties": { "name": "Collège Claude Massé", "amenity": "school" } }, { "type": "Feature", "geometry": { "type": "Point", "coordinates": [ -0.771774227, 44.810020127 ] }, "properties": { "name": "Maison de la Petite Enfance", "amenity": "kindergarten" } }, { "type": "Feature", "geometry": { "type": "Point", "coordinates": [ 7.3302918, 48.550417 ] }, "properties": { "name": "École élémentaire", "amenity": "school" } }, { "type": "Feature", "geometry": { "type": "Point", "coordinates": [ -0.2071464, 44.9553718 ] }, "properties": { "name": "École élementaire", "amenity": "school" } }, { "type": "Feature", "geometry": { "type": "Point", "coordinates": [ -0.574572624, 44.836207369 ] }, "properties": { "name": "École maternelle Paul Bert", "amenity": "school" } }, { "type": "Feature", "geometry": { "type": "Point", "coordinates": [ -0.545374272, 44.845796359 ] }, "properties": { "name": "École élémentaire Benauge", "amenity": "school" } }, { "type": "Feature", "geometry": { "type": "Point", "coordinates": [ -0.571526669, 44.818461001 ] }, "properties": { "name": "École maternelle Paul Antin", "amenity": "school" } }, { "type": "Feature", "geometry": { "type": "Point", "coordinates": [ -0.7847388, 44.8065127 ] }, "properties": { "name": "École Primaire Maurice Ravel", "amenity": "school" } }, { "type": "Feature", "geometry": { "type": "Point", "coordinates": [ 7.810814407, 48.942210084 ] }, "properties": { "name": "École Bibliothèque du Seltzbach de Preuschdorf", "amenity": "school" } }, { "type": "Feature", "geometry": { "type": "Point", "coordinates": [ 7.699219586, 48.591646479 ] }, "properties": { "name": "Crêche", "amenity": "kindergarten" } }, { "type": "Feature", "geometry": { "type": "Point", "coordinates": [ -0.235432992, 44.920328723 ] }, "properties": { "name": "École primaire Myriam Errera (du Nord Saint-Exupéry)", "amenity": "school" } }, { "type": "Feature", "geometry": { "type": "Point", "coordinates": [ -0.532845341, 44.777330333 ] }, "properties": { "name": "École élémentaire Jules-Verne", "amenity": "school" } }, { "type": "Feature", "geometry": { "type": "Point", "coordinates": [ -0.2521018, 44.552782201 ] }, "properties": { "name": "École maternelle Anne Frank", "amenity": "school" } }, { "type": "Feature", "geometry": { "type": "Point", "coordinates": [ -0.048994778, 44.852123998 ] }, "properties": { "name": "École primaire Henri Bardon", "amenity": "school" } }, { "type": "Feature", "geometry": { "type": "Point", "coordinates": [ -0.234766409, 44.903325366 ] }, "properties": { "name": "Collège Marguerite Duras", "amenity": "school" } }, { "type": "Feature", "geometry": { "type": "Point", "coordinates": [ -0.1367219, 44.417242201 ] }, "properties": { "name": "École élémentaire", "amenity": "school" } }, { "type": "Feature", "geometry": { "type": "Point", "coordinates": [ -0.675917264, 44.873079298 ] }, "properties": { "name": "École maternelle du Centre", "amenity": "school" } }, { "type": "Feature", "geometry": { "type": "Point", "coordinates": [ 7.7385383, 48.5844696 ] }, "properties": { "name": "La maisonnée", "amenity": "kindergarten" } }, { "type": "Feature", "geometry": { "type": "Point", "coordinates": [ -0.2663208, 44.557392501 ] }, "properties": { "name": "École Communale Georges Brassens", "amenity": "school" } }, { "type": "Feature", "geometry": { "type": "Point", "coordinates": [ -0.550737815, 44.823487463 ] }, "properties": { "name": "École maternelle Beck", "amenity": "school" } }, { "type": "Feature", "geometry": { "type": "Point", "coordinates": [ -0.57491796, 44.876057775 ] }, "properties": { "name": "École AMOS / ESDAC Campus Bordeaux (ACE Education)", "amenity": "college" } }, { "type": "Feature", "geometry": { "type": "Point", "coordinates": [ -0.616273522, 44.883015841 ] }, "properties": { "name": "École Olympe de Gouges", "amenity": "school" } }, { "type": "Feature", "geometry": { "type": "Point", "coordinates": [ 7.724351549, 48.5305889 ] }, "properties": { "name": "École primaire Lixenbuhl", "amenity": "school" } }, { "type": "Feature", "geometry": { "type": "Point", "coordinates": [ 7.782433538, 48.610036013 ] }, "properties": { "name": "Groupe Scolaire de la Niederau", "amenity": "school" } }, { "type": "Feature", "geometry": { "type": "Point", "coordinates": [ 7.727020784, 48.488149001 ] }, "properties": { "name": "École maternelle Les Hirondelles", "amenity": "school" } }, { "type": "Feature", "geometry": { "type": "Point", "coordinates": [ 7.378161909, 48.755876306 ] }, "properties": { "name": "Groupe scolaire de l'Arc-en-Ciel", "amenity": "school" } }, { "type": "Feature", "geometry": { "type": "Point", "coordinates": [ 0.0163691, 44.8053282 ] }, "properties": { "name": "École élémentaire", "amenity": "school" } }, { "type": "Feature", "geometry": { "type": "Point", "coordinates": [ 7.724489697, 48.675408918 ] }, "properties": { "name": "Annexe du collège de la Providence", "amenity": "school" } }, { "type": "Feature", "geometry": { "type": "Point", "coordinates": [ -0.643369, 44.796086 ] }, "properties": { "name": "École maternelle Saint-Exupéry", "amenity": "school" } }, { "type": "Feature", "geometry": { "type": "Point", "coordinates": [ 7.70867046, 48.644326782 ] }, "properties": { "name": "Collège Paul-Émile Victor", "amenity": "school" } }, { "type": "Feature", "geometry": { "type": "Point", "coordinates": [ 0.22769892, 44.829358962 ] }, "properties": { "name": "École maternelle de Pineuilh", "amenity": "school" } }, { "type": "Feature", "geometry": { "type": "Point", "coordinates": [ -0.584721928, 44.866676353 ] }, "properties": { "name": "Groupe Scolaire Jean Jaurès", "amenity": "school" } }, { "type": "Feature", "geometry": { "type": "Point", "coordinates": [ 7.735555811, 48.466314437 ] }, "properties": { "name": "École maternelle Le Moulin", "amenity": "school" } }, { "type": "Feature", "geometry": { "type": "Point", "coordinates": [ 7.6600215, 48.9076123 ] }, "properties": { "name": "École maternelle", "amenity": "school" } }, { "type": "Feature", "geometry": { "type": "Point", "coordinates": [ 7.5313103, 48.2655639 ] }, "properties": { "name": "École élémentaire", "amenity": "school" } }, { "type": "Feature", "geometry": { "type": "Point", "coordinates": [ 7.763246528, 48.619217248 ] }, "properties": { "name": "Collège Alice Daul", "amenity": "school" } }, { "type": "Feature", "geometry": { "type": "Point", "coordinates": [ -0.5895431, 44.8339381 ] }, "properties": { "name": "Micro-crèche Les Mias", "amenity": "kindergarten" } }, { "type": "Feature", "geometry": { "type": "Point", "coordinates": [ -0.124201236, 44.896303633 ] }, "properties": { "name": "École maternelle", "amenity": "school" } }, { "type": "Feature", "geometry": { "type": "Point", "coordinates": [ -0.675233337, 44.799712426 ] }, "properties": { "name": "École maternelle Joliot-Curie", "amenity": "school" } }, { "type": "Feature", "geometry": { "type": "Point", "coordinates": [ -0.593777331, 44.852063942 ] }, "properties": { "name": "Lycée général et technologique privé L'Assomption", "amenity": "school" } }, { "type": "Feature", "geometry": { "type": "Point", "coordinates": [ -0.591455, 44.73008 ] }, "properties": { "name": "Collège François Mauriac", "amenity": "school" } }, { "type": "Feature", "geometry": { "type": "Point", "coordinates": [ -0.3143479, 44.6387645 ] }, "properties": { "name": "Collège Privé Jean J. Lataste", "amenity": "school" } }, { "type": "Feature", "geometry": { "type": "Point", "coordinates": [ 7.737680269, 48.613633313 ] }, "properties": { "name": "Collège Lamartine", "amenity": "school" } }, { "type": "Feature", "geometry": { "type": "Point", "coordinates": [ -0.6329052, 44.930206 ] }, "properties": { "name": "École Maternelle de Caychac", "amenity": "school" } }, { "type": "Feature", "geometry": { "type": "Point", "coordinates": [ -0.5952375, 44.8518666 ] }, "properties": { "name": "La Horde", "amenity": "college" } }, { "type": "Feature", "geometry": { "type": "Point", "coordinates": [ 7.779209845, 48.568038148 ] }, "properties": { "name": "Institution protestante pour déficients auditifs Bruckhof", "amenity": "school" } }, { "type": "Feature", "geometry": { "type": "Point", "coordinates": [ 7.738642342, 48.632169274 ] }, "properties": { "name": "Collège Les Sept Arpents", "amenity": "school" } }, { "type": "Feature", "geometry": { "type": "Point", "coordinates": [ 7.58815531, 48.395539265 ] }, "properties": { "name": "École maternelle du Saule", "amenity": "school" } }, { "type": "Feature", "geometry": { "type": "Point", "coordinates": [ -0.536858581, 44.854849808 ] }, "properties": { "name": "École Jeanne d'Arc du Cypressat", "amenity": "school" } }, { "type": "Feature", "geometry": { "type": "Point", "coordinates": [ -0.639371466, 44.816807977 ] }, "properties": { "name": "Crèche du Burck", "amenity": "kindergarten" } }, { "type": "Feature", "geometry": { "type": "Point", "coordinates": [ 7.7448218, 48.5753809 ] }, "properties": { "name": "Unité de Simulation Européenne en Santé", "amenity": "university" } }, { "type": "Feature", "geometry": { "type": "Point", "coordinates": [ -0.525948856, 44.876674155 ] }, "properties": { "name": "École maternelle Suzanne Debrat", "amenity": "school" } }, { "type": "Feature", "geometry": { "type": "Point", "coordinates": [ 7.604220922, 48.374822829 ] }, "properties": { "name": "École primaire Rohan", "amenity": "school" } }, { "type": "Feature", "geometry": { "type": "Point", "coordinates": [ -0.6208435, 44.8358368 ] }, "properties": { "name": "École maternelle La Glacière", "amenity": "school" } }, { "type": "Feature", "geometry": { "type": "Point", "coordinates": [ 7.7459791, 48.6043742 ] }, "properties": { "name": "Crèche \"Les Moussaillons\"", "amenity": "kindergarten" } }, { "type": "Feature", "geometry": { "type": "Point", "coordinates": [ 7.60903419, 48.419244693 ] }, "properties": { "name": "École intercommunale de la Scheer", "amenity": "school" } }, { "type": "Feature", "geometry": { "type": "Point", "coordinates": [ -1.104909425, 44.74254646 ] }, "properties": { "name": "École primaire Jules Ferry", "amenity": "school" } }, { "type": "Feature", "geometry": { "type": "Point", "coordinates": [ 7.684174467, 48.578318197 ] }, "properties": { "name": "École maternelle du Vieux Moulin", "amenity": "school" } }, { "type": "Feature", "geometry": { "type": "Point", "coordinates": [ -0.63254644, 44.838367413 ] }, "properties": { "name": "Collège de Bourran", "amenity": "school" } }, { "type": "Feature", "geometry": { "type": "Point", "coordinates": [ -0.582771435, 44.83863779 ] }, "properties": { "name": "Centre des classes citadines Adpep Brandy", "amenity": "school" } }, { "type": "Feature", "geometry": { "type": "Point", "coordinates": [ 7.740083514, 48.632883762 ] }, "properties": { "name": "École maternelle Les Tilleuls", "amenity": "school" } }, { "type": "Feature", "geometry": { "type": "Point", "coordinates": [ -0.624999842, 44.824203793 ] }, "properties": { "name": "École maternelle Marcelin Berthelot", "amenity": "school" } }, { "type": "Feature", "geometry": { "type": "Point", "coordinates": [ 7.200129191, 48.902593695 ] }, "properties": { "name": "École primaire", "amenity": "school" } }, { "type": "Feature", "geometry": { "type": "Point", "coordinates": [ 7.49439711, 48.618514725 ] }, "properties": { "name": "Collège Grégoire de Tours", "amenity": "school" } }, { "type": "Feature", "geometry": { "type": "Point", "coordinates": [ 7.7670592, 48.9509545 ] }, "properties": { "name": "École primaire", "amenity": "school" } }, { "type": "Feature", "geometry": { "type": "Point", "coordinates": [ 7.755935471, 48.583193092 ] }, "properties": { "name": "Collège Épiscopal Saint-Étienne", "amenity": "school" } }, { "type": "Feature", "geometry": { "type": "Point", "coordinates": [ -0.629399684, 44.838799552 ] }, "properties": { "name": "INSPE site de Gironde - Mérignac", "amenity": "university" } }, { "type": "Feature", "geometry": { "type": "Point", "coordinates": [ -0.61613687, 44.774946602 ] }, "properties": { "name": "École du Clos du Vivier - temporaire", "amenity": "school" } }, { "type": "Feature", "geometry": { "type": "Point", "coordinates": [ -0.52195016, 44.851946657 ] }, "properties": { "name": "École primaire Les Cavailles", "amenity": "school" } }, { "type": "Feature", "geometry": { "type": "Point", "coordinates": [ 7.730959393, 48.525863252 ] }, "properties": { "name": "Centre Européen de Formation et de Promotion Professionnelle par Alternance Adrien Zeller", "amenity": "college" } }, { "type": "Feature", "geometry": { "type": "Point", "coordinates": [ 7.785292254, 48.561243228 ] }, "properties": { "name": "École primaire Ampère", "amenity": "school" } }, { "type": "Feature", "geometry": { "type": "Point", "coordinates": [ -0.0979028, 45.070339 ] }, "properties": { "name": "Ecole Henri Matisse", "amenity": "school" } }, { "type": "Feature", "geometry": { "type": "Point", "coordinates": [ -0.5207807, 44.863338301 ] }, "properties": { "name": "École maternelle Alphonse Daudet", "amenity": "school" } }, { "type": "Feature", "geometry": { "type": "Point", "coordinates": [ 7.3127232, 48.5224979 ] }, "properties": { "name": "École secondaire privée Cours Saint-Thomas d'Aquin", "amenity": "school" } }, { "type": "Feature", "geometry": { "type": "Point", "coordinates": [ -0.569868086, 44.872626373 ] }, "properties": { "name": "École Élémentaire Lac II", "amenity": "school" } }, { "type": "Feature", "geometry": { "type": "Point", "coordinates": [ 7.527027078, 48.310725003 ] }, "properties": { "name": "École primaire d'Ebersmunster", "amenity": "school" } }, { "type": "Feature", "geometry": { "type": "Point", "coordinates": [ -1.0407476, 45.3975412 ] }, "properties": { "name": "École de Vensac", "amenity": "school" } }, { "type": "Feature", "geometry": { "type": "Point", "coordinates": [ 8.0861933, 48.8248567 ] }, "properties": { "name": "École maternelle publique", "amenity": "school" } }, { "type": "Feature", "geometry": { "type": "Point", "coordinates": [ -1.095083886, 44.872275713 ] }, "properties": { "name": "École maternelle Jean Degoul", "amenity": "school" } }, { "type": "Feature", "geometry": { "type": "Point", "coordinates": [ -0.241923782, 44.899897187 ] }, "properties": { "name": "École Marie Immaculée", "amenity": "school" } }, { "type": "Feature", "geometry": { "type": "Point", "coordinates": [ -0.4719047, 44.8134409 ] }, "properties": { "name": "École élémentaire", "amenity": "school" } }, { "type": "Feature", "geometry": { "type": "Point", "coordinates": [ -0.5595686, 44.8657363 ] }, "properties": { "name": "École française d'électronique et d'informatique", "amenity": "college" } }, { "type": "Feature", "geometry": { "type": "Point", "coordinates": [ -0.567448, 44.832913 ] }, "properties": { "name": "École élémentaire Menuts", "amenity": "school" } }, { "type": "Feature", "geometry": { "type": "Point", "coordinates": [ 7.6857829, 48.8656852 ] }, "properties": { "name": "École primaire La Buissonnière", "amenity": "school" } }, { "type": "Feature", "geometry": { "type": "Point", "coordinates": [ 7.637795412, 48.533269914 ] }, "properties": { "name": "École maternelle", "amenity": "school" } }, { "type": "Feature", "geometry": { "type": "Point", "coordinates": [ 7.750275213, 48.612269227 ] }, "properties": { "name": "Groupe Scolaire Saint-Laurent", "amenity": "school" } }, { "type": "Feature", "geometry": { "type": "Point", "coordinates": [ 7.704520378, 48.590298831 ] }, "properties": { "name": "École Élémentaire Éléonore 1", "amenity": "school" } }, { "type": "Feature", "geometry": { "type": "Point", "coordinates": [ 7.497512592, 48.541304138 ] }, "properties": { "name": "École Élémentaire de la Monnaie", "amenity": "school" } }, { "type": "Feature", "geometry": { "type": "Point", "coordinates": [ -0.590755977, 44.880751892 ] }, "properties": { "name": "Groupe scolaire Jacques Prévert", "amenity": "school" } }, { "type": "Feature", "geometry": { "type": "Point", "coordinates": [ 7.737698322, 48.575268965 ] }, "properties": { "name": "Lycée Louis Pasteur", "amenity": "school" } }, { "type": "Feature", "geometry": { "type": "Point", "coordinates": [ 7.715284085, 48.578759424 ] }, "properties": { "name": "École Élémentaire des Romains", "amenity": "school" } }, { "type": "Feature", "geometry": { "type": "Point", "coordinates": [ -0.4029933, 45.11798 ] }, "properties": { "name": "Ecole maternelle Jean Chiron", "amenity": "school" } }, { "type": "Feature", "geometry": { "type": "Point", "coordinates": [ 7.125292682, 49.002546129 ] }, "properties": { "name": "École primaire", "amenity": "school" } }, { "type": "Feature", "geometry": { "type": "Point", "coordinates": [ 7.731146565, 48.527568784 ] }, "properties": { "name": "Lycée des Métiers de l'Hôtellerie et de Tourisme Alexandre Dumas", "amenity": "school" } }, { "type": "Feature", "geometry": { "type": "Point", "coordinates": [ 7.8918354, 48.6993416 ] }, "properties": { "name": "Micro-crèche bio \"Planète Éveil\"", "amenity": "kindergarten" } }, { "type": "Feature", "geometry": { "type": "Point", "coordinates": [ 7.792606117, 48.886017407 ] }, "properties": { "name": "École primaire", "amenity": "school" } }, { "type": "Feature", "geometry": { "type": "Point", "coordinates": [ -0.6114718, 44.779877 ] }, "properties": { "name": "École élémentaire Lange", "amenity": "school" } }, { "type": "Feature", "geometry": { "type": "Point", "coordinates": [ 7.2045156, 48.4617647 ] }, "properties": { "name": "École maternelle Hameau de La Claquette", "amenity": "school" } }, { "type": "Feature", "geometry": { "type": "Point", "coordinates": [ -0.6057231, 44.8258735 ] }, "properties": { "name": "Institut de Santé Publique, d'Épidémiologie et de Développement", "amenity": "college" } }, { "type": "Feature", "geometry": { "type": "Point", "coordinates": [ -0.6813186, 44.8335994 ] }, "properties": { "name": "ESCT École Supérieure de Conduite de Travaux", "amenity": "school" } }, { "type": "Feature", "geometry": { "type": "Point", "coordinates": [ -0.585118602, 44.823239937 ] }, "properties": { "name": "École maternelle Solférino", "amenity": "school" } }, { "type": "Feature", "geometry": { "type": "Point", "coordinates": [ 7.4245241, 48.7896097 ] }, "properties": { "name": "École primaire", "amenity": "school" } }, { "type": "Feature", "geometry": { "type": "Point", "coordinates": [ -0.601721866, 44.824711226 ] }, "properties": { "name": "École de Psychomotricité", "amenity": "college" } }, { "type": "Feature", "geometry": { "type": "Point", "coordinates": [ 0.0689641, 44.6486168 ] }, "properties": { "name": "Collège Eléonore de Provence", "amenity": "school" } }, { "type": "Feature", "geometry": { "type": "Point", "coordinates": [ -1.0419174, 45.0790173 ] }, "properties": { "name": "Pôle Enfance Jeunesse", "amenity": "kindergarten" } }, { "type": "Feature", "geometry": { "type": "Point", "coordinates": [ 7.528339061, 48.569185823 ] }, "properties": { "name": "Ecole primaire", "amenity": "school" } }, { "type": "Feature", "geometry": { "type": "Point", "coordinates": [ -0.647738817, 44.851155641 ] }, "properties": { "name": "École élementaire Jean Jaurès 2", "amenity": "school" } }, { "type": "Feature", "geometry": { "type": "Point", "coordinates": [ -0.846894651, 44.699448117 ] }, "properties": { "name": "Les Tagazous", "amenity": "kindergarten" } }, { "type": "Feature", "geometry": { "type": "Point", "coordinates": [ -0.1822669, 44.424537401 ] }, "properties": { "name": "École primaire", "amenity": "school" } }, { "type": "Feature", "geometry": { "type": "Point", "coordinates": [ -1.074201033, 44.97946726 ] }, "properties": { "name": "Crèche municipale", "amenity": "kindergarten" } }, { "type": "Feature", "geometry": { "type": "Point", "coordinates": [ -0.5695253, 44.8638685 ] }, "properties": { "name": "Multi accueil Nuage bleu", "amenity": "kindergarten" } }, { "type": "Feature", "geometry": { "type": "Point", "coordinates": [ -0.584478, 44.726332 ] }, "properties": { "name": "École élémentaire Jean Jaurès", "amenity": "school" } }, { "type": "Feature", "geometry": { "type": "Point", "coordinates": [ -0.5657077, 44.8553388 ] }, "properties": { "name": "École Supérieure de Commerce et d'Économie Numérique", "amenity": "college" } }, { "type": "Feature", "geometry": { "type": "Point", "coordinates": [ 7.4642172, 48.9326611 ] }, "properties": { "name": "École primaire", "amenity": "school" } }, { "type": "Feature", "geometry": { "type": "Point", "coordinates": [ 7.8324215, 48.6632899 ] }, "properties": { "name": "École élémentaire publique Jules Verne", "amenity": "school" } }, { "type": "Feature", "geometry": { "type": "Point", "coordinates": [ -0.524554228, 44.871213794 ] }, "properties": { "name": "École maternelle Condorcet", "amenity": "school" } }, { "type": "Feature", "geometry": { "type": "Point", "coordinates": [ -0.569706377, 44.790760505 ] }, "properties": { "name": "École primaire privée Pluie de Roses", "amenity": "school" } }, { "type": "Feature", "geometry": { "type": "Point", "coordinates": [ -0.487420926, 44.766191255 ] }, "properties": { "name": "École maternelle de Camblanes-et-Meynac", "amenity": "school" } }, { "type": "Feature", "geometry": { "type": "Point", "coordinates": [ -0.582212579, 44.843036018 ] }, "properties": { "name": "Collège privé Notre-Dame", "amenity": "school" } }, { "type": "Feature", "geometry": { "type": "Point", "coordinates": [ -0.597280479, 44.859232795 ] }, "properties": { "name": "École maternelle Ermitage", "amenity": "school" } }, { "type": "Feature", "geometry": { "type": "Point", "coordinates": [ 7.7301641, 48.612681 ] }, "properties": { "name": "École Européenne de Beauté", "amenity": "college" } }, { "type": "Feature", "geometry": { "type": "Point", "coordinates": [ 7.749320362, 48.586108385 ] }, "properties": { "name": "Site de la Fonderie", "amenity": "university" } }, { "type": "Feature", "geometry": { "type": "Point", "coordinates": [ 7.381213453, 48.243195891 ] }, "properties": { "name": "École élémentaire", "amenity": "school" } }, { "type": "Feature", "geometry": { "type": "Point", "coordinates": [ 7.753885512, 48.648676369 ] }, "properties": { "name": "École élémentaire du Centre", "amenity": "school" } }, { "type": "Feature", "geometry": { "type": "Point", "coordinates": [ 7.7538397, 48.6144477 ] }, "properties": { "name": "École maternelle du Centre", "amenity": "school" } }, { "type": "Feature", "geometry": { "type": "Point", "coordinates": [ 7.739195162, 48.576913327 ] }, "properties": { "name": "Faculté de Médecine", "amenity": "university" } }, { "type": "Feature", "geometry": { "type": "Point", "coordinates": [ 7.482776635, 48.826257941 ] }, "properties": { "name": "SEGPA", "amenity": "school" } }, { "type": "Feature", "geometry": { "type": "Point", "coordinates": [ 7.048487, 48.9461919 ] }, "properties": { "name": "École primaire", "amenity": "school" } }, { "type": "Feature", "geometry": { "type": "Point", "coordinates": [ 7.486568351, 48.461144192 ] }, "properties": { "name": "Lycée général Freppel", "amenity": "school" } }, { "type": "Feature", "geometry": { "type": "Point", "coordinates": [ -0.627163445, 44.906699749 ] }, "properties": { "name": "Collège Emmanuel Dupaty", "amenity": "school" } }, { "type": "Feature", "geometry": { "type": "Point", "coordinates": [ -0.5896255, 44.8463621 ] }, "properties": { "name": "Mille Couleurs", "amenity": "kindergarten" } }, { "type": "Feature", "geometry": { "type": "Point", "coordinates": [ -0.676465625, 44.799706031 ] }, "properties": { "name": "École élémentaire Joliot-Curie", "amenity": "school" } }, { "type": "Feature", "geometry": { "type": "Point", "coordinates": [ 7.540677577, 48.65785823 ] }, "properties": { "name": "École primaire La Felsch", "amenity": "school" } }, { "type": "Feature", "geometry": { "type": "Point", "coordinates": [ 7.724635951, 48.471454086 ] }, "properties": { "name": "École Maternelle du Centre", "amenity": "school" } }, { "type": "Feature", "geometry": { "type": "Point", "coordinates": [ 7.70733565, 48.634895606 ] }, "properties": { "name": "École maternelle Haldenbourg", "amenity": "school" } }, { "type": "Feature", "geometry": { "type": "Point", "coordinates": [ -0.561221, 44.8408266 ] }, "properties": { "name": "École Internationale Tunon de Bordeaux", "amenity": "university" } }, { "type": "Feature", "geometry": { "type": "Point", "coordinates": [ 7.965854793, 49.028751926 ] }, "properties": { "name": "École primaire d'Altenstadt", "amenity": "school" } }, { "type": "Feature", "geometry": { "type": "Point", "coordinates": [ 7.735012319, 48.529587337 ] }, "properties": { "name": "Faculté de Pharmacie", "amenity": "university" } }, { "type": "Feature", "geometry": { "type": "Point", "coordinates": [ -0.6091309, 44.8471166 ] }, "properties": { "name": "En route pour l'aventure", "amenity": "kindergarten" } }, { "type": "Feature", "geometry": { "type": "Point", "coordinates": [ -0.46310423, 44.779411452 ] }, "properties": { "name": "École de la Pimpine", "amenity": "school" } }, { "type": "Feature", "geometry": { "type": "Point", "coordinates": [ 7.659612849, 48.422491884 ] }, "properties": { "name": "Maison de l'enfance", "amenity": "kindergarten" } }, { "type": "Feature", "geometry": { "type": "Point", "coordinates": [ 7.6224974, 48.3953604 ] }, "properties": { "name": "École Primaire privée Collège Saint-Joseph", "amenity": "school" } }, { "type": "Feature", "geometry": { "type": "Point", "coordinates": [ -0.653573832, 44.807012056 ] }, "properties": { "name": "École maternelle Pape Clément", "amenity": "school" } }, { "type": "Feature", "geometry": { "type": "Point", "coordinates": [ 7.7471413, 48.5905807 ] }, "properties": { "name": "Baby Trees", "amenity": "kindergarten" } }, { "type": "Feature", "geometry": { "type": "Point", "coordinates": [ -0.583599698, 44.845172932 ] }, "properties": { "name": "EBBS Business School", "amenity": "college" } }, { "type": "Feature", "geometry": { "type": "Point", "coordinates": [ -0.54627448, 44.800995778 ] }, "properties": { "name": "École maternelle Jean Zay", "amenity": "school" } }, { "type": "Feature", "geometry": { "type": "Point", "coordinates": [ -0.5998988, 44.8147485 ] }, "properties": { "name": "École élémentaire Albert Camus", "amenity": "school" } }, { "type": "Feature", "geometry": { "type": "Point", "coordinates": [ -0.41076, 44.7796517 ] }, "properties": { "name": "École élémentaire Bourg", "amenity": "school" } }, { "type": "Feature", "geometry": { "type": "Point", "coordinates": [ -0.5852915, 44.8378486 ] }, "properties": { "name": "Babilou", "amenity": "kindergarten" } }, { "type": "Feature", "geometry": { "type": "Point", "coordinates": [ -0.623802, 44.855383 ] }, "properties": { "name": "École maternelle Stéhélin", "amenity": "school" } }, { "type": "Feature", "geometry": { "type": "Point", "coordinates": [ -0.660612811, 44.796781835 ] }, "properties": { "name": "Crèche", "amenity": "kindergarten" } }, { "type": "Feature", "geometry": { "type": "Point", "coordinates": [ -0.5361873, 44.9525197 ] }, "properties": { "name": "École maternelle", "amenity": "school" } }, { "type": "Feature", "geometry": { "type": "Point", "coordinates": [ 7.2389883, 48.4392037 ] }, "properties": { "name": "École maternelle", "amenity": "school" } }, { "type": "Feature", "geometry": { "type": "Point", "coordinates": [ 7.6773623, 48.8900096 ] }, "properties": { "name": "École primaire", "amenity": "school" } }, { "type": "Feature", "geometry": { "type": "Point", "coordinates": [ 7.703960449, 48.575522268 ] }, "properties": { "name": "École primaire Jean Mentelin", "amenity": "school" } }, { "type": "Feature", "geometry": { "type": "Point", "coordinates": [ 7.668180698, 48.632254679 ] }, "properties": { "name": "École maternelle La Passerelle", "amenity": "school" } }, { "type": "Feature", "geometry": { "type": "Point", "coordinates": [ -0.586087781, 44.874423428 ] }, "properties": { "name": "École Élémentaire Arc en Ciel", "amenity": "school" } }, { "type": "Feature", "geometry": { "type": "Point", "coordinates": [ -0.546597243, 44.805774926 ] }, "properties": { "name": "Lycée professionnel Émile Combes", "amenity": "school" } }, { "type": "Feature", "geometry": { "type": "Point", "coordinates": [ -0.374249, 44.597249001 ] }, "properties": { "name": "École primaire", "amenity": "school" } }, { "type": "Feature", "geometry": { "type": "Point", "coordinates": [ 7.4327609, 48.5354989 ] }, "properties": { "name": "École maternelle", "amenity": "school" } }, { "type": "Feature", "geometry": { "type": "Point", "coordinates": [ -0.5140659, 44.851834 ] }, "properties": { "name": "Le Pixel", "amenity": "college" } }, { "type": "Feature", "geometry": { "type": "Point", "coordinates": [ -0.2981797, 44.582375601 ] }, "properties": { "name": "École maternelle de Preignac", "amenity": "school" } }, { "type": "Feature", "geometry": { "type": "Point", "coordinates": [ 7.189023333, 48.941666876 ] }, "properties": { "name": "École primaire", "amenity": "school" } }, { "type": "Feature", "geometry": { "type": "Point", "coordinates": [ 7.567379322, 48.760524148 ] }, "properties": { "name": "Collège Gustave Doré", "amenity": "school" } }, { "type": "Feature", "geometry": { "type": "Point", "coordinates": [ -0.629528842, 44.805640451 ] }, "properties": { "name": "Lycée Sans Frontière", "amenity": "school" } }, { "type": "Feature", "geometry": { "type": "Point", "coordinates": [ -0.5703128, 44.831799 ] }, "properties": { "name": "Broca 4", "amenity": "university" } }, { "type": "Feature", "geometry": { "type": "Point", "coordinates": [ -0.679160019, 44.88464695 ] }, "properties": { "name": "École maternelle Les Tauzins", "amenity": "school" } }, { "type": "Feature", "geometry": { "type": "Point", "coordinates": [ -0.615632038, 44.855090726 ] }, "properties": { "name": "École maternelle Saint-André", "amenity": "school" } }, { "type": "Feature", "geometry": { "type": "Point", "coordinates": [ -0.241244, 44.91389 ] }, "properties": { "name": "École élémentaire du Centre Jean-Jacques Rousseau", "amenity": "school" } }, { "type": "Feature", "geometry": { "type": "Point", "coordinates": [ -0.560619887, 44.829552851 ] }, "properties": { "name": "Collège Aliénor d'Aquitaine", "amenity": "school" } }, { "type": "Feature", "geometry": { "type": "Point", "coordinates": [ 7.6391261, 48.8798085 ] }, "properties": { "name": "École primaire", "amenity": "school" } }, { "type": "Feature", "geometry": { "type": "Point", "coordinates": [ -0.658353878, 45.128121638 ] }, "properties": { "name": "École élémentaire André Valleys", "amenity": "school" } }, { "type": "Feature", "geometry": { "type": "Point", "coordinates": [ 7.748620954, 48.586569257 ] }, "properties": { "name": "Groupe Scolaire Schoepflin", "amenity": "school" } }, { "type": "Feature", "geometry": { "type": "Point", "coordinates": [ -0.235686, 44.9070613 ] }, "properties": { "name": "École élémentaire Gisèle Halimi", "amenity": "school" } }, { "type": "Feature", "geometry": { "type": "Point", "coordinates": [ 7.7125992, 48.6098382 ] }, "properties": { "name": "Digital College - Strasbourg", "amenity": "college" } }, { "type": "Feature", "geometry": { "type": "Point", "coordinates": [ -0.487161271, 44.765576387 ] }, "properties": { "name": "Multi-Accueil \"Au fil de l'eau\"", "amenity": "kindergarten" } }, { "type": "Feature", "geometry": { "type": "Point", "coordinates": [ -0.1836126, 44.604277101 ] }, "properties": { "name": "École primaire", "amenity": "school" } }, { "type": "Feature", "geometry": { "type": "Point", "coordinates": [ 7.870357661, 48.989196143 ] }, "properties": { "name": "École primaire", "amenity": "school" } }, { "type": "Feature", "geometry": { "type": "Point", "coordinates": [ 0.055504354, 44.693967669 ] }, "properties": { "name": "École de Saint-Ferme", "amenity": "school" } }, { "type": "Feature", "geometry": { "type": "Point", "coordinates": [ -0.4965035, 45.0817524 ] }, "properties": { "name": "École élémentaire", "amenity": "school" } }, { "type": "Feature", "geometry": { "type": "Point", "coordinates": [ -0.4096056, 45.0723384 ] }, "properties": { "name": "École Commandant Cousteau", "amenity": "school" } }, { "type": "Feature", "geometry": { "type": "Point", "coordinates": [ -0.514939792, 44.90054927 ] }, "properties": { "name": "École Élémentaire François Villon", "amenity": "school" } }, { "type": "Feature", "geometry": { "type": "Point", "coordinates": [ 7.797113417, 48.572507374 ] }, "properties": { "name": "École Du Rhin", "amenity": "school" } }, { "type": "Feature", "geometry": { "type": "Point", "coordinates": [ 7.592598406, 48.526628044 ] }, "properties": { "name": "Ancienne École maternelle", "amenity": "school" } }, { "type": "Feature", "geometry": { "type": "Point", "coordinates": [ 7.5976962, 48.8619095 ] }, "properties": { "name": "École primaire", "amenity": "school" } }, { "type": "Feature", "geometry": { "type": "Point", "coordinates": [ -0.648830163, 44.886062859 ] }, "properties": { "name": "École maternelle Raoul Déjean", "amenity": "school" } }, { "type": "Feature", "geometry": { "type": "Point", "coordinates": [ -0.5296538, 44.8783737 ] }, "properties": { "name": "Cours Florent", "amenity": "college" } }, { "type": "Feature", "geometry": { "type": "Point", "coordinates": [ 7.699885906, 48.576602217 ] }, "properties": { "name": "École primaire privée Joie de Vivre Ann Saint-Etienne", "amenity": "school" } }, { "type": "Feature", "geometry": { "type": "Point", "coordinates": [ -0.0372867, 44.584467901 ] }, "properties": { "name": "École primaire Marcel Grillon", "amenity": "school" } }, { "type": "Feature", "geometry": { "type": "Point", "coordinates": [ -0.601422654, 44.848223087 ] }, "properties": { "name": "INSPE de Gironde - site de Bordeaux", "amenity": "university" } }, { "type": "Feature", "geometry": { "type": "Point", "coordinates": [ -0.583595, 44.7693466 ] }, "properties": { "name": "Multiaccueil Collectif « Les Écureuils »", "amenity": "kindergarten" } }, { "type": "Feature", "geometry": { "type": "Point", "coordinates": [ 7.7782801, 48.5679623 ] }, "properties": { "name": "Ecole élémentaire privée les Pinsons", "amenity": "school" } }, { "type": "Feature", "geometry": { "type": "Point", "coordinates": [ 7.705593464, 48.58986517 ] }, "properties": { "name": "École Maternelle Éléonore A", "amenity": "school" } }, { "type": "Feature", "geometry": { "type": "Point", "coordinates": [ 7.49681963, 48.542175824 ] }, "properties": { "name": "École élémentaire Les Tilleuls", "amenity": "school" } }, { "type": "Feature", "geometry": { "type": "Point", "coordinates": [ -0.0734284, 44.9250543 ] }, "properties": { "name": "École primaire", "amenity": "school" } }, { "type": "Feature", "geometry": { "type": "Point", "coordinates": [ 7.692452291, 48.585152833 ] }, "properties": { "name": "Groupe Scolaire Marcelle Cahn", "amenity": "school" } }, { "type": "Feature", "geometry": { "type": "Point", "coordinates": [ 7.9821866, 48.9011695 ] }, "properties": { "name": "École maternelle", "amenity": "school" } }, { "type": "Feature", "geometry": { "type": "Point", "coordinates": [ 7.751051473, 48.526839952 ] }, "properties": { "name": "École de Plein-air de la Faisanderie", "amenity": "school" } }, { "type": "Feature", "geometry": { "type": "Point", "coordinates": [ 7.741442568, 48.633964423 ] }, "properties": { "name": "École élémentaire publique Dannenberger", "amenity": "school" } }, { "type": "Feature", "geometry": { "type": "Point", "coordinates": [ -0.560250399, 44.864234296 ] }, "properties": { "name": "Groupe Scolaire Jean-Jacques Sempé", "amenity": "school" } }, { "type": "Feature", "geometry": { "type": "Point", "coordinates": [ 7.621246536, 48.63116428 ] }, "properties": { "name": "École primaire Le Petit Pont", "amenity": "school" } }, { "type": "Feature", "geometry": { "type": "Point", "coordinates": [ 7.589172601, 48.396569475 ] }, "properties": { "name": "École élémentaire de la Place", "amenity": "school" } }, { "type": "Feature", "geometry": { "type": "Point", "coordinates": [ -0.5335799, 45.0124104 ] }, "properties": { "name": "École Elémentaire Jacques Brel", "amenity": "school" } }, { "type": "Feature", "geometry": { "type": "Point", "coordinates": [ -0.561786737, 44.859870344 ] }, "properties": { "name": "École maternelle Joséphine", "amenity": "school" } }, { "type": "Feature", "geometry": { "type": "Point", "coordinates": [ 7.4791694, 48.7904978 ] }, "properties": { "name": "École primaire", "amenity": "school" } }, { "type": "Feature", "geometry": { "type": "Point", "coordinates": [ -0.5596335, 44.8635523 ] }, "properties": { "name": "Crèche Hopscotch BAF", "amenity": "kindergarten" } }, { "type": "Feature", "geometry": { "type": "Point", "coordinates": [ -0.5430575, 44.7698141 ] }, "properties": { "name": "Le Jardin de Lise", "amenity": "kindergarten" } }, { "type": "Feature", "geometry": { "type": "Point", "coordinates": [ -0.2664788, 45.0247201 ] }, "properties": { "name": "École primaire", "amenity": "school" } }, { "type": "Feature", "geometry": { "type": "Point", "coordinates": [ 7.7400463, 48.5902641 ] }, "properties": { "name": "MBway Strasbourg", "amenity": "university" } }, { "type": "Feature", "geometry": { "type": "Point", "coordinates": [ 7.464899724, 48.755603085 ] }, "properties": { "name": "École du Château", "amenity": "school" } }, { "type": "Feature", "geometry": { "type": "Point", "coordinates": [ -0.7518799, 45.202868 ] }, "properties": { "name": "Collège Pierre de Belleyme", "amenity": "school" } }, { "type": "Feature", "geometry": { "type": "Point", "coordinates": [ 7.7430444, 48.590297 ] }, "properties": { "name": "École Grandjean", "amenity": "college" } }, { "type": "Feature", "geometry": { "type": "Point", "coordinates": [ -0.55807458, 44.799378141 ] }, "properties": { "name": "École élémentaire Ferdinand Buisson", "amenity": "school" } }, { "type": "Feature", "geometry": { "type": "Point", "coordinates": [ -0.595508986, 44.870618506 ] }, "properties": { "name": "Collège Ausone", "amenity": "school" } }, { "type": "Feature", "geometry": { "type": "Point", "coordinates": [ 8.048879599, 48.906300561 ] }, "properties": { "name": "Groupe Scolaire Frédérique Brion", "amenity": "school" } }, { "type": "Feature", "geometry": { "type": "Point", "coordinates": [ 7.829723239, 48.660673126 ] }, "properties": { "name": "Collège André Malraux", "amenity": "school" } }, { "type": "Feature", "geometry": { "type": "Point", "coordinates": [ 7.2560788, 48.4964823 ] }, "properties": { "name": "École maternelle", "amenity": "school" } }, { "type": "Feature", "geometry": { "type": "Point", "coordinates": [ -0.427147224, 45.045742504 ] }, "properties": { "name": "École maternelle de Peujard", "amenity": "school" } }, { "type": "Feature", "geometry": { "type": "Point", "coordinates": [ 7.787816678, 48.602746541 ] }, "properties": { "name": "Institut de Formation en Soins Infirmiers", "amenity": "university" } }, { "type": "Feature", "geometry": { "type": "Point", "coordinates": [ -0.256094318, 44.859160193 ] }, "properties": { "name": "École primaire Bourg", "amenity": "school" } }, { "type": "Feature", "geometry": { "type": "Point", "coordinates": [ 7.731706149, 48.607676145 ] }, "properties": { "name": "École Joséphine Baker", "amenity": "school" } }, { "type": "Feature", "geometry": { "type": "Point", "coordinates": [ -0.710931863, 44.895335082 ] }, "properties": { "name": "École Maternelle Montaigne", "amenity": "school" } }, { "type": "Feature", "geometry": { "type": "Point", "coordinates": [ 7.469375084, 48.760699308 ] }, "properties": { "name": "Collège Tomi Ungerer", "amenity": "school" } }, { "type": "Feature", "geometry": { "type": "Point", "coordinates": [ 7.766851046, 48.540943229 ] }, "properties": { "name": "École Maternelle du Neuhof B", "amenity": "school" } }, { "type": "Feature", "geometry": { "type": "Point", "coordinates": [ 7.853394349, 48.768842836 ] }, "properties": { "name": "École maternelle Centre", "amenity": "school" } }, { "type": "Feature", "geometry": { "type": "Point", "coordinates": [ 7.798339282, 48.946533188 ] }, "properties": { "name": "École primaire", "amenity": "school" } }, { "type": "Feature", "geometry": { "type": "Point", "coordinates": [ 7.716319396, 48.603520126 ] }, "properties": { "name": "Écoles Maternelles et Élémentaires Paul Langenvin 1 et 2", "amenity": "school" } }, { "type": "Feature", "geometry": { "type": "Point", "coordinates": [ 7.624797039, 48.394142574 ] }, "properties": { "name": "École Primaire de Matzenheim", "amenity": "school" } }, { "type": "Feature", "geometry": { "type": "Point", "coordinates": [ -0.218477618, 44.431411402 ] }, "properties": { "name": "École élémentaire Léo Drouyn", "amenity": "school" } }, { "type": "Feature", "geometry": { "type": "Point", "coordinates": [ 7.684336193, 48.553429632 ] }, "properties": { "name": "École Élémentaire des Prés", "amenity": "school" } }, { "type": "Feature", "geometry": { "type": "Point", "coordinates": [ -0.54433495, 44.79248372 ] }, "properties": { "name": "Campus SNCF Bordeaux-Bègles", "amenity": "college" } }, { "type": "Feature", "geometry": { "type": "Point", "coordinates": [ -0.584092998, 44.769017326 ] }, "properties": { "name": "École maternelle Jean de La Fontaine", "amenity": "school" } }, { "type": "Feature", "geometry": { "type": "Point", "coordinates": [ -0.58902102, 44.837894041 ] }, "properties": { "name": "École maternelle Saint-Bruno", "amenity": "school" } }, { "type": "Feature", "geometry": { "type": "Point", "coordinates": [ 7.3812095, 48.2431877 ] }, "properties": { "name": "École maternelle et primaire (RPI)", "amenity": "school" } }, { "type": "Feature", "geometry": { "type": "Point", "coordinates": [ 7.777573197, 48.581882042 ] }, "properties": { "name": "Collège Vauban", "amenity": "school" } }, { "type": "Feature", "geometry": { "type": "Point", "coordinates": [ -0.5423489, 45.1395904 ] }, "properties": { "name": "École primaire", "amenity": "school" } }, { "type": "Feature", "geometry": { "type": "Point", "coordinates": [ -0.575331817, 44.87490426 ] }, "properties": { "name": "École maternelle Lac 3", "amenity": "school" } }, { "type": "Feature", "geometry": { "type": "Point", "coordinates": [ 8.1117859, 48.9023826 ] }, "properties": { "name": "Collège Charles de Gaulle", "amenity": "school" } }, { "type": "Feature", "geometry": { "type": "Point", "coordinates": [ 7.7913418, 48.8987161 ] }, "properties": { "name": "École primaire", "amenity": "school" } }, { "type": "Feature", "geometry": { "type": "Point", "coordinates": [ -0.6137281, 45.2932774 ] }, "properties": { "name": "École maternelle La Source", "amenity": "school" } }, { "type": "Feature", "geometry": { "type": "Point", "coordinates": [ -0.6799514, 44.747373 ] }, "properties": { "name": "École élementaire Les Pierrettes", "amenity": "school" } }, { "type": "Feature", "geometry": { "type": "Point", "coordinates": [ -0.445593621, 44.694573029 ] }, "properties": { "name": "Groupe Scolaire Lions de Guyenne", "amenity": "school" } }, { "type": "Feature", "geometry": { "type": "Point", "coordinates": [ -0.545279678, 44.769925126 ] }, "properties": { "name": "École Élémentaire Joliot-Curie", "amenity": "school" } }, { "type": "Feature", "geometry": { "type": "Point", "coordinates": [ 7.7070484, 48.3836133 ] }, "properties": { "name": "Les Papillons des Chérubins", "amenity": "kindergarten" } }, { "type": "Feature", "geometry": { "type": "Point", "coordinates": [ 7.77247454, 48.577376406 ] }, "properties": { "name": "Lycée Marie Curie", "amenity": "school" } }, { "type": "Feature", "geometry": { "type": "Point", "coordinates": [ 7.405052064, 48.806512076 ] }, "properties": { "name": "École primaire", "amenity": "school" } }, { "type": "Feature", "geometry": { "type": "Point", "coordinates": [ 7.2889179, 48.5209985 ] }, "properties": { "name": "École primaire Publique", "amenity": "school" } }, { "type": "Feature", "geometry": { "type": "Point", "coordinates": [ -0.5633097, 44.8311767 ] }, "properties": { "name": "École élémentaire André Meunier", "amenity": "school" } }, { "type": "Feature", "geometry": { "type": "Point", "coordinates": [ 7.255107335, 48.351628918 ] }, "properties": { "name": "École de Wagenbach", "amenity": "school" } }, { "type": "Feature", "geometry": { "type": "Point", "coordinates": [ -0.228397083, 44.900728593 ] }, "properties": { "name": "École maternelle de Garderose", "amenity": "school" } }, { "type": "Feature", "geometry": { "type": "Point", "coordinates": [ 7.6573049, 48.9210532 ] }, "properties": { "name": "CFAI Alsace centre de Reichshoffen", "amenity": "college" } }, { "type": "Feature", "geometry": { "type": "Point", "coordinates": [ -0.6297751, 45.2490407 ] }, "properties": { "name": "École maternelle", "amenity": "school" } }, { "type": "Feature", "geometry": { "type": "Point", "coordinates": [ -0.5754242, 44.8471072 ] }, "properties": { "name": "École privée d'esthétique cosmétique Cécile Briat", "amenity": "school" } }, { "type": "Feature", "geometry": { "type": "Point", "coordinates": [ -0.60702491, 44.822550345 ] }, "properties": { "name": "École Nationale Supérieure de Technologie des Biomolécules de Bordeaux", "amenity": "college" } }, { "type": "Feature", "geometry": { "type": "Point", "coordinates": [ -0.5610896, 44.8407844 ] }, "properties": { "name": "ISCOM Bordeaux", "amenity": "university" } }, { "type": "Feature", "geometry": { "type": "Point", "coordinates": [ 7.4192575, 48.9123176 ] }, "properties": { "name": "École primaire", "amenity": "school" } }, { "type": "Feature", "geometry": { "type": "Point", "coordinates": [ 7.791524548, 48.602802424 ] }, "properties": { "name": "Crèche Lovisa", "amenity": "kindergarten" } }, { "type": "Feature", "geometry": { "type": "Point", "coordinates": [ 7.75247688, 48.581902972 ] }, "properties": { "name": "Lycée général Fustel de Coulanges", "amenity": "school" } }, { "type": "Feature", "geometry": { "type": "Point", "coordinates": [ 8.0996544, 48.9725759 ] }, "properties": { "name": "Périscolaire", "amenity": "school" } }, { "type": "Feature", "geometry": { "type": "Point", "coordinates": [ -0.561353059, 44.823677163 ] }, "properties": { "name": "École Fiéffé", "amenity": "school" } }, { "type": "Feature", "geometry": { "type": "Point", "coordinates": [ -0.6397979, 44.7918636 ] }, "properties": { "name": "Crèche Coquelicot", "amenity": "kindergarten" } }, { "type": "Feature", "geometry": { "type": "Point", "coordinates": [ -0.5815344, 44.8475479 ] }, "properties": { "name": "Educazen", "amenity": "kindergarten" } }, { "type": "Feature", "geometry": { "type": "Point", "coordinates": [ 7.628482808, 48.719708886 ] }, "properties": { "name": "Groupe Scolaire", "amenity": "school" } }, { "type": "Feature", "geometry": { "type": "Point", "coordinates": [ 7.6300224, 48.7071712 ] }, "properties": { "name": "Micro-crèche La Parenthèse enchantée", "amenity": "kindergarten" } }, { "type": "Feature", "geometry": { "type": "Point", "coordinates": [ -0.5771509, 44.8369663 ] }, "properties": { "name": "Les petits bouchons", "amenity": "kindergarten" } }, { "type": "Feature", "geometry": { "type": "Point", "coordinates": [ -0.1298771, 45.0389538 ] }, "properties": { "name": "Institution Notre-Dame-du-Sacré-C?ur", "amenity": "school" } }, { "type": "Feature", "geometry": { "type": "Point", "coordinates": [ 7.6371674, 48.9565634 ] }, "properties": { "name": "École primaire Hans Haug", "amenity": "school" } }, { "type": "Feature", "geometry": { "type": "Point", "coordinates": [ -0.1961923, 44.7229118 ] }, "properties": { "name": "École élémentaire", "amenity": "school" } }, { "type": "Feature", "geometry": { "type": "Point", "coordinates": [ 7.712307231, 48.59868848 ] }, "properties": { "name": "Groupe Scolaire Gustave Doré", "amenity": "school" } }, { "type": "Feature", "geometry": { "type": "Point", "coordinates": [ -0.526323619, 44.867783787 ] }, "properties": { "name": "Lycée Les Iris", "amenity": "school" } }, { "type": "Feature", "geometry": { "type": "Point", "coordinates": [ -0.579238103, 44.836320496 ] }, "properties": { "name": "École Nationale de la Magistrature", "amenity": "college" } }, { "type": "Feature", "geometry": { "type": "Point", "coordinates": [ 7.672047207, 48.425027115 ] }, "properties": { "name": "École maternelle Mittelholz", "amenity": "school" } }, { "type": "Feature", "geometry": { "type": "Point", "coordinates": [ 7.1069253, 48.811659 ] }, "properties": { "name": "École maternelle", "amenity": "school" } }, { "type": "Feature", "geometry": { "type": "Point", "coordinates": [ 7.682453973, 48.8376997 ] }, "properties": { "name": "École primaire", "amenity": "school" } }, { "type": "Feature", "geometry": { "type": "Point", "coordinates": [ 7.7401354, 48.5902854 ] }, "properties": { "name": "École Internationale Tunon", "amenity": "university" } }, { "type": "Feature", "geometry": { "type": "Point", "coordinates": [ -0.744994959, 44.893018352 ] }, "properties": { "name": "Collège Hastignan", "amenity": "school" } }, { "type": "Feature", "geometry": { "type": "Point", "coordinates": [ -0.570062, 44.7908679 ] }, "properties": { "name": "École élémentaire privée Pluie de Roses", "amenity": "school" } }, { "type": "Feature", "geometry": { "type": "Point", "coordinates": [ 7.7813936, 48.7999096 ] }, "properties": { "name": "École primaire Musau", "amenity": "school" } }, { "type": "Feature", "geometry": { "type": "Point", "coordinates": [ -0.590029, 44.8059692 ] }, "properties": { "name": "École élémentaire Georges Lasserre", "amenity": "school" } }, { "type": "Feature", "geometry": { "type": "Point", "coordinates": [ 7.6992282, 48.8105602 ] }, "properties": { "name": "École primaire", "amenity": "school" } }, { "type": "Feature", "geometry": { "type": "Point", "coordinates": [ 7.566392954, 48.561845971 ] }, "properties": { "name": "Ecole élémentaire", "amenity": "school" } }, { "type": "Feature", "geometry": { "type": "Point", "coordinates": [ -0.2425858, 44.9144512 ] }, "properties": { "name": "École élémentaire du Centre Jean Jaurès", "amenity": "school" } }, { "type": "Feature", "geometry": { "type": "Point", "coordinates": [ 7.765355032, 48.578141294 ] }, "properties": { "name": "Faculté des Langues", "amenity": "university" } }, { "type": "Feature", "geometry": { "type": "Point", "coordinates": [ 7.7326138, 48.5456237 ] }, "properties": { "name": "École maternelle La Plaine", "amenity": "school" } }, { "type": "Feature", "geometry": { "type": "Point", "coordinates": [ 7.754002877, 48.551368285 ] }, "properties": { "name": "École Maternelle de la Meinau", "amenity": "school" } }, { "type": "Feature", "geometry": { "type": "Point", "coordinates": [ 7.666265626, 48.933160967 ] }, "properties": { "name": "École maternelle François Grussenmeyer", "amenity": "school" } }, { "type": "Feature", "geometry": { "type": "Point", "coordinates": [ 7.707973977, 48.607526457 ] }, "properties": { "name": "Institut Universitaire de Technologie Louis Pasteur", "amenity": "university" } }, { "type": "Feature", "geometry": { "type": "Point", "coordinates": [ -0.6039517, 44.8238619 ] }, "properties": { "name": "Institut de formation en soins infirmiers Charles Perrens", "amenity": "college" } }, { "type": "Feature", "geometry": { "type": "Point", "coordinates": [ 7.0390826, 48.934305224 ] }, "properties": { "name": "École primaire", "amenity": "school" } }, { "type": "Feature", "geometry": { "type": "Point", "coordinates": [ 7.7676419, 48.8977427 ] }, "properties": { "name": "École primaire", "amenity": "school" } }, { "type": "Feature", "geometry": { "type": "Point", "coordinates": [ -0.5947124, 44.7247277 ] }, "properties": { "name": "Micro-crèche Mère Poule", "amenity": "kindergarten" } }, { "type": "Feature", "geometry": { "type": "Point", "coordinates": [ 7.485066122, 48.828547243 ] }, "properties": { "name": "École maternelle", "amenity": "school" } }, { "type": "Feature", "geometry": { "type": "Point", "coordinates": [ 7.621923258, 48.631200978 ] }, "properties": { "name": "École Maternelle Le Petit Pont", "amenity": "school" } }, { "type": "Feature", "geometry": { "type": "Point", "coordinates": [ 7.7400436, 48.5902797 ] }, "properties": { "name": "ISCOM Strasbourg", "amenity": "college" } }, { "type": "Feature", "geometry": { "type": "Point", "coordinates": [ -0.583484241, 44.850941893 ] }, "properties": { "name": "École maternelle Lagrange", "amenity": "school" } }, { "type": "Feature", "geometry": { "type": "Point", "coordinates": [ -0.581991093, 44.850806338 ] }, "properties": { "name": "Lycée Montesquieu", "amenity": "school" } }, { "type": "Feature", "geometry": { "type": "Point", "coordinates": [ 7.732364324, 48.573815978 ] }, "properties": { "name": "École maternelle Louise Scheppler", "amenity": "school" } }, { "type": "Feature", "geometry": { "type": "Point", "coordinates": [ 7.2497675, 48.4974645 ] }, "properties": { "name": "École primaire catholique Hameau de Hersbach", "amenity": "school" } }, { "type": "Feature", "geometry": { "type": "Point", "coordinates": [ 7.40026864, 48.26941077 ] }, "properties": { "name": "École Élémentaire Maurice et Katia Krafft", "amenity": "school" } }, { "type": "Feature", "geometry": { "type": "Point", "coordinates": [ -0.605418107, 44.838776515 ] }, "properties": { "name": "École maternelle Bernard Adour", "amenity": "school" } }, { "type": "Feature", "geometry": { "type": "Point", "coordinates": [ -0.4383229, 44.7255861 ] }, "properties": { "name": "École primaire publique", "amenity": "school" } }, { "type": "Feature", "geometry": { "type": "Point", "coordinates": [ -0.529854, 44.6839507 ] }, "properties": { "name": "Collège Montesquieu", "amenity": "school" } }, { "type": "Feature", "geometry": { "type": "Point", "coordinates": [ 7.4483005, 48.2602422 ] }, "properties": { "name": "La Farandole Multi-accueil", "amenity": "kindergarten" } }, { "type": "Feature", "geometry": { "type": "Point", "coordinates": [ 7.7455817, 48.5760609 ] }, "properties": { "name": "Psychiatrie Infantile", "amenity": "university" } }, { "type": "Feature", "geometry": { "type": "Point", "coordinates": [ -0.6023944, 44.7786838 ] }, "properties": { "name": "École maternelle Saint-Gèry", "amenity": "school" } }, { "type": "Feature", "geometry": { "type": "Point", "coordinates": [ -0.552320169, 44.837398321 ] }, "properties": { "name": "Groupe Scolaire Marie de Gournay", "amenity": "school" } }, { "type": "Feature", "geometry": { "type": "Point", "coordinates": [ 7.7629616, 48.561302 ] }, "properties": { "name": "Crèche AASBR Jean Dolfuss", "amenity": "kindergarten" } }, { "type": "Feature", "geometry": { "type": "Point", "coordinates": [ -0.639614129, 44.876120018 ] }, "properties": { "name": "École maternelle du Derby", "amenity": "school" } }, { "type": "Feature", "geometry": { "type": "Point", "coordinates": [ 7.711679424, 48.529513684 ] }, "properties": { "name": "École Maternelle du Centre", "amenity": "school" } }, { "type": "Feature", "geometry": { "type": "Point", "coordinates": [ -0.575621952, 44.872586426 ] }, "properties": { "name": "École Jean Monnet", "amenity": "school" } }, { "type": "Feature", "geometry": { "type": "Point", "coordinates": [ -0.6688598, 44.803862 ] }, "properties": { "name": "École élémentaire Roland Dorgelès", "amenity": "school" } }, { "type": "Feature", "geometry": { "type": "Point", "coordinates": [ 7.857793749, 48.772259485 ] }, "properties": { "name": "École primaire Erlenberg", "amenity": "school" } }, { "type": "Feature", "geometry": { "type": "Point", "coordinates": [ 7.3077169, 48.3726471 ] }, "properties": { "name": "Parapente \"Grandvol\"", "amenity": "school" } }, { "type": "Feature", "geometry": { "type": "Point", "coordinates": [ -0.5567931, 44.8469032 ] }, "properties": { "name": "ESSCA", "amenity": "college" } }, { "type": "Feature", "geometry": { "type": "Point", "coordinates": [ 0.109965, 44.6735597 ] }, "properties": { "name": "École maternelle", "amenity": "school" } }, { "type": "Feature", "geometry": { "type": "Point", "coordinates": [ -0.627322735, 44.820026304 ] }, "properties": { "name": "Crèche d'Arlac", "amenity": "kindergarten" } }, { "type": "Feature", "geometry": { "type": "Point", "coordinates": [ 7.6222265, 48.3950131 ] }, "properties": { "name": "École Primaire privée Edu'sens", "amenity": "school" } }, { "type": "Feature", "geometry": { "type": "Point", "coordinates": [ -0.118195633, 45.041315824 ] }, "properties": { "name": "Collège Henri de Navarre", "amenity": "school" } }, { "type": "Feature", "geometry": { "type": "Point", "coordinates": [ 7.490685297, 48.535019548 ] }, "properties": { "name": "Cité scolaire Henri Meck", "amenity": "school" } }, { "type": "Feature", "geometry": { "type": "Point", "coordinates": [ -0.605609215, 44.863357691 ] }, "properties": { "name": "Collège Jean Moulin", "amenity": "school" } }, { "type": "Feature", "geometry": { "type": "Point", "coordinates": [ 7.961554376, 48.83031682 ] }, "properties": { "name": "École primaire interconfessionnelle Louis Cazeaux", "amenity": "school" } }, { "type": "Feature", "geometry": { "type": "Point", "coordinates": [ 7.6783182, 48.331981444 ] }, "properties": { "name": "École primaire de Boofzheim", "amenity": "school" } }, { "type": "Feature", "geometry": { "type": "Point", "coordinates": [ -0.6844601, 44.7403206 ] }, "properties": { "name": "École maternelle Bourg", "amenity": "school" } }, { "type": "Feature", "geometry": { "type": "Point", "coordinates": [ -0.183739321, 44.788624609 ] }, "properties": { "name": "École élémentaire", "amenity": "school" } }, { "type": "Feature", "geometry": { "type": "Point", "coordinates": [ 7.705803237, 48.733182592 ] }, "properties": { "name": "École élémentaire Les Remparts", "amenity": "school" } }, { "type": "Feature", "geometry": { "type": "Point", "coordinates": [ 7.4335147, 48.6394591 ] }, "properties": { "name": "collège Marcel Pagnol", "amenity": "school" } }, { "type": "Feature", "geometry": { "type": "Point", "coordinates": [ -0.598012024, 44.866789057 ] }, "properties": { "name": "École élémentaire Centre 2", "amenity": "school" } }, { "type": "Feature", "geometry": { "type": "Point", "coordinates": [ -0.0163261, 44.6475831 ] }, "properties": { "name": "École élémentaire", "amenity": "school" } }, { "type": "Feature", "geometry": { "type": "Point", "coordinates": [ -0.4384856, 44.8207044 ] }, "properties": { "name": "École élémentaire", "amenity": "school" } }, { "type": "Feature", "geometry": { "type": "Point", "coordinates": [ -0.2826338, 44.594052901 ] }, "properties": { "name": "École primaire", "amenity": "school" } }, { "type": "Feature", "geometry": { "type": "Point", "coordinates": [ 7.758725597, 48.580835658 ] }, "properties": { "name": "Géosciences, de l'eau, de l'environnement, et de l'ingénierie", "amenity": "college" } }, { "type": "Feature", "geometry": { "type": "Point", "coordinates": [ -0.6459822, 44.9068246 ] }, "properties": { "name": "Lycée professionnel Saint-Joseph", "amenity": "school" } }, { "type": "Feature", "geometry": { "type": "Point", "coordinates": [ 7.72717646, 48.53144623 ] }, "properties": { "name": "École maternelle Lixenbuhl", "amenity": "school" } }, { "type": "Feature", "geometry": { "type": "Point", "coordinates": [ -0.611890118, 44.82585465 ] }, "properties": { "name": "Crèche", "amenity": "kindergarten" } }, { "type": "Feature", "geometry": { "type": "Point", "coordinates": [ 7.7411167, 48.591602 ] }, "properties": { "name": "Adèle", "amenity": "kindergarten" } }, { "type": "Feature", "geometry": { "type": "Point", "coordinates": [ 7.78616409, 48.816306517 ] }, "properties": { "name": "Institut Universitaire de Technologie de Haguenau", "amenity": "university" } }, { "type": "Feature", "geometry": { "type": "Point", "coordinates": [ 7.747800937, 48.576114245 ] }, "properties": { "name": "Institut d'Hématologie et d'Immunologie", "amenity": "university" } }, { "type": "Feature", "geometry": { "type": "Point", "coordinates": [ -0.5298402, 44.8784266 ] }, "properties": { "name": "Digital College - Bordeaux", "amenity": "college" } }, { "type": "Feature", "geometry": { "type": "Point", "coordinates": [ -0.626488962, 44.793953749 ] }, "properties": { "name": "École maternelle François Mauriac", "amenity": "school" } }, { "type": "Feature", "geometry": { "type": "Point", "coordinates": [ -0.2639514, 44.7358078 ] }, "properties": { "name": "École primaire Jules Ferry", "amenity": "school" } }, { "type": "Feature", "geometry": { "type": "Point", "coordinates": [ -0.70415003, 44.792167974 ] }, "properties": { "name": "Groupe Scolaire Magonty", "amenity": "school" } }, { "type": "Feature", "geometry": { "type": "Point", "coordinates": [ -0.851491872, 44.692499152 ] }, "properties": { "name": "École maternelle Serge Trut", "amenity": "school" } }, { "type": "Feature", "geometry": { "type": "Point", "coordinates": [ 7.438943677, 48.718647165 ] }, "properties": { "name": "École primaire protestante", "amenity": "school" } }, { "type": "Feature", "geometry": { "type": "Point", "coordinates": [ -0.5593899, 44.8491014 ] }, "properties": { "name": "Lycée Edgar Morin", "amenity": "school" } }, { "type": "Feature", "geometry": { "type": "Point", "coordinates": [ -0.339309837, 45.058342701 ] }, "properties": { "name": "L'École de la Forêt", "amenity": "school" } }, { "type": "Feature", "geometry": { "type": "Point", "coordinates": [ -0.532653674, 44.854778129 ] }, "properties": { "name": "École Camille Maumey", "amenity": "school" } }, { "type": "Feature", "geometry": { "type": "Point", "coordinates": [ -0.666481357, 44.875330371 ] }, "properties": { "name": "Établissement régional d'enseignement adapté de la Plaine", "amenity": "school" } }, { "type": "Feature", "geometry": { "type": "Point", "coordinates": [ -0.9360309, 44.607786501 ] }, "properties": { "name": "École élémentaire Les Écureuils", "amenity": "school" } }, { "type": "Feature", "geometry": { "type": "Point", "coordinates": [ -0.608234785, 44.832453072 ] }, "properties": { "name": "Multi accueil Saint-Augustin", "amenity": "kindergarten" } }, { "type": "Feature", "geometry": { "type": "Point", "coordinates": [ -0.574935, 44.8535312 ] }, "properties": { "name": "ISG Luxury Management - Bordeaux", "amenity": "college" } }, { "type": "Feature", "geometry": { "type": "Point", "coordinates": [ 7.7446762, 48.5770554 ] }, "properties": { "name": "Faculté de Chirurgie Dentaire", "amenity": "university" } }, { "type": "Feature", "geometry": { "type": "Point", "coordinates": [ -0.5562071, 45.0415319 ] }, "properties": { "name": "École maternelle", "amenity": "school" } }, { "type": "Feature", "geometry": { "type": "Point", "coordinates": [ -0.599000735, 44.865722843 ] }, "properties": { "name": "École maternelle Centre", "amenity": "school" } }, { "type": "Feature", "geometry": { "type": "Point", "coordinates": [ -0.352530278, 44.665372915 ] }, "properties": { "name": "École primaire", "amenity": "school" } }, { "type": "Feature", "geometry": { "type": "Point", "coordinates": [ -0.5428284, 44.7146674 ] }, "properties": { "name": "École des Mille Sources", "amenity": "school" } }, { "type": "Feature", "geometry": { "type": "Point", "coordinates": [ -0.543792791, 44.820446048 ] }, "properties": { "name": "Collège Belcier - Toni Morrison", "amenity": "school" } }, { "type": "Feature", "geometry": { "type": "Point", "coordinates": [ 7.951214, 48.7652173 ] }, "properties": { "name": "École Maternelle La Farandole", "amenity": "school" } }, { "type": "Feature", "geometry": { "type": "Point", "coordinates": [ 7.808542904, 48.739611942 ] }, "properties": { "name": "École primaire", "amenity": "school" } }, { "type": "Feature", "geometry": { "type": "Point", "coordinates": [ -0.599796751, 44.947131611 ] }, "properties": { "name": "Collège Porte du Médoc", "amenity": "school" } }, { "type": "Feature", "geometry": { "type": "Point", "coordinates": [ 0.1718681, 44.7929654 ] }, "properties": { "name": "École primaire", "amenity": "school" } }, { "type": "Feature", "geometry": { "type": "Point", "coordinates": [ 7.739822956, 48.940906949 ] }, "properties": { "name": "Collège Maréchal de Mac Mahon", "amenity": "school" } }, { "type": "Feature", "geometry": { "type": "Point", "coordinates": [ -0.5419115, 44.8050799 ] }, "properties": { "name": "École maternelle Malala Yousafzai", "amenity": "school" } }, { "type": "Feature", "geometry": { "type": "Point", "coordinates": [ 7.7894431, 48.8116429 ] }, "properties": { "name": "École primaire privée Institution Sainte-Philomène", "amenity": "school" } }, { "type": "Feature", "geometry": { "type": "Point", "coordinates": [ -0.5748264, 45.3270556 ] }, "properties": { "name": "École maternelle", "amenity": "school" } }, { "type": "Feature", "geometry": { "type": "Point", "coordinates": [ 7.730483238, 48.608161026 ] }, "properties": { "name": "École Élémentaire Leclerc", "amenity": "school" } }, { "type": "Feature", "geometry": { "type": "Point", "coordinates": [ 7.803486839, 48.714473185 ] }, "properties": { "name": "École maternelle Les Cygnes", "amenity": "school" } }, { "type": "Feature", "geometry": { "type": "Point", "coordinates": [ 7.198444953, 48.891050131 ] }, "properties": { "name": "École maternelle", "amenity": "school" } }, { "type": "Feature", "geometry": { "type": "Point", "coordinates": [ -0.3971937, 44.7087261 ] }, "properties": { "name": "École maternelle", "amenity": "school" } }, { "type": "Feature", "geometry": { "type": "Point", "coordinates": [ -0.579355091, 44.776123716 ] }, "properties": { "name": "École élémentaire Jean-Moulin", "amenity": "school" } }, { "type": "Feature", "geometry": { "type": "Point", "coordinates": [ 7.489910603, 48.535746218 ] }, "properties": { "name": "Lycée Henri Meck (bâtiment administratif)", "amenity": "school" } }, { "type": "Feature", "geometry": { "type": "Point", "coordinates": [ -0.652458918, 44.8393059 ] }, "properties": { "name": "Maison de la petite enfance Simone Veil", "amenity": "kindergarten" } }, { "type": "Feature", "geometry": { "type": "Point", "coordinates": [ 7.2496999, 48.9042064 ] }, "properties": { "name": "École primaire", "amenity": "school" } }, { "type": "Feature", "geometry": { "type": "Point", "coordinates": [ 7.216611985, 48.473713933 ] }, "properties": { "name": "École Primaire", "amenity": "school" } }, { "type": "Feature", "geometry": { "type": "Point", "coordinates": [ -0.731218116, 44.579819141 ] }, "properties": { "name": "École élementaire Jean de La Fontaine", "amenity": "school" } }, { "type": "Feature", "geometry": { "type": "Point", "coordinates": [ 7.760249865, 48.584012139 ] }, "properties": { "name": "Maison de l'Étudiante", "amenity": "university" } }, { "type": "Feature", "geometry": { "type": "Point", "coordinates": [ -0.7015892, 44.7704006 ] }, "properties": { "name": "École maternelle du Parc", "amenity": "school" } }, { "type": "Feature", "geometry": { "type": "Point", "coordinates": [ -0.2429432, 44.9485949 ] }, "properties": { "name": "Collège des Dagueys", "amenity": "school" } }, { "type": "Feature", "geometry": { "type": "Point", "coordinates": [ -0.383556053, 44.978859422 ] }, "properties": { "name": "École primaire", "amenity": "school" } }, { "type": "Feature", "geometry": { "type": "Point", "coordinates": [ -0.659003103, 45.127352967 ] }, "properties": { "name": "École maternelle Grosperrin", "amenity": "school" } }, { "type": "Feature", "geometry": { "type": "Point", "coordinates": [ 7.485401169, 48.7362655 ] }, "properties": { "name": "École Élémentaire", "amenity": "school" } }, { "type": "Feature", "geometry": { "type": "Point", "coordinates": [ -1.139722102, 44.612128584 ] }, "properties": { "name": "Groupe Scolaire Les Miquelots", "amenity": "school" } }, { "type": "Feature", "geometry": { "type": "Point", "coordinates": [ 8.0417573, 48.988772 ] }, "properties": { "name": "École primaire", "amenity": "school" } }, { "type": "Feature", "geometry": { "type": "Point", "coordinates": [ -0.562916921, 44.828066557 ] }, "properties": { "name": "École maternelle Barbey", "amenity": "school" } }, { "type": "Feature", "geometry": { "type": "Point", "coordinates": [ 7.7646532, 48.57873656 ] }, "properties": { "name": "La Présidence", "amenity": "university" } }, { "type": "Feature", "geometry": { "type": "Point", "coordinates": [ 7.754001757, 48.614439756 ] }, "properties": { "name": "École maternelle du Centre", "amenity": "school" } }, { "type": "Feature", "geometry": { "type": "Point", "coordinates": [ 7.586192331, 48.56060375 ] }, "properties": { "name": "École primaire interconfessionnelle", "amenity": "school" } }, { "type": "Feature", "geometry": { "type": "Point", "coordinates": [ 7.5297502, 48.5032084 ] }, "properties": { "name": "École Maternelle", "amenity": "school" } }, { "type": "Feature", "geometry": { "type": "Point", "coordinates": [ -0.475245454, 44.907793856 ] }, "properties": { "name": "École maternelle Les Lucioles", "amenity": "school" } }, { "type": "Feature", "geometry": { "type": "Point", "coordinates": [ -0.918207438, 44.61439156 ] }, "properties": { "name": "Collège Joséphine Baker", "amenity": "school" } }, { "type": "Feature", "geometry": { "type": "Point", "coordinates": [ 7.759916946, 48.608020846 ] }, "properties": { "name": "Groupe scolaire Harmonie", "amenity": "school" } }, { "type": "Feature", "geometry": { "type": "Point", "coordinates": [ -0.5550768, 44.8184486 ] }, "properties": { "name": "ICT Campus de Bordeaux", "amenity": "school" } }, { "type": "Feature", "geometry": { "type": "Point", "coordinates": [ -0.668006117, 44.903725896 ] }, "properties": { "name": "École élémentaire Éric Tabarly", "amenity": "school" } }, { "type": "Feature", "geometry": { "type": "Point", "coordinates": [ -1.166709495, 44.653056247 ] }, "properties": { "name": "Lycée général et technologique Grand Air", "amenity": "school" } }, { "type": "Feature", "geometry": { "type": "Point", "coordinates": [ 7.1596272, 48.8544269 ] }, "properties": { "name": "École maternelle", "amenity": "school" } }, { "type": "Feature", "geometry": { "type": "Point", "coordinates": [ -0.596524287, 44.828898172 ] }, "properties": { "name": "École élémentaire Albert Thomas", "amenity": "school" } }, { "type": "Feature", "geometry": { "type": "Point", "coordinates": [ -0.603698102, 45.148760491 ] }, "properties": { "name": "École de Saint-Paul", "amenity": "school" } }, { "type": "Feature", "geometry": { "type": "Point", "coordinates": [ -0.5898548, 44.7935322 ] }, "properties": { "name": "École élémentaire Jules Michelet", "amenity": "school" } }, { "type": "Feature", "geometry": { "type": "Point", "coordinates": [ -0.563628235, 44.830836834 ] }, "properties": { "name": "École primaire Noviciat / Meunier", "amenity": "school" } }, { "type": "Feature", "geometry": { "type": "Point", "coordinates": [ -0.567883209, 44.809736548 ] }, "properties": { "name": "Crèche Clapotis", "amenity": "kindergarten" } }, { "type": "Feature", "geometry": { "type": "Point", "coordinates": [ 7.608047592, 48.50327576 ] }, "properties": { "name": "École maternelle des Écureuils", "amenity": "school" } }, { "type": "Feature", "geometry": { "type": "Point", "coordinates": [ -0.231424041, 44.563049357 ] }, "properties": { "name": "Cours Notre-Dame-du-Rosaire", "amenity": "school" } }, { "type": "Feature", "geometry": { "type": "Point", "coordinates": [ 7.8179669, 48.781142 ] }, "properties": { "name": "École maternelle Les p'tits Lupins Marienthal", "amenity": "school" } }, { "type": "Feature", "geometry": { "type": "Point", "coordinates": [ -0.6854594, 44.7405792 ] }, "properties": { "name": "École élémentaire Bourg", "amenity": "school" } }, { "type": "Feature", "geometry": { "type": "Point", "coordinates": [ 7.8514541, 49.0176663 ] }, "properties": { "name": "École primaire", "amenity": "school" } }, { "type": "Feature", "geometry": { "type": "Point", "coordinates": [ -0.2721106, 44.9235374 ] }, "properties": { "name": "École primaire", "amenity": "school" } }, { "type": "Feature", "geometry": { "type": "Point", "coordinates": [ -0.2835078, 44.6982651 ] }, "properties": { "name": "École primaire", "amenity": "school" } }, { "type": "Feature", "geometry": { "type": "Point", "coordinates": [ -0.7800642, 44.613700101 ] }, "properties": { "name": "Collège Le Barp", "amenity": "school" } }, { "type": "Feature", "geometry": { "type": "Point", "coordinates": [ 7.773189493, 48.584602162 ] }, "properties": { "name": "Villa Arconati Visconti", "amenity": "university" } }, { "type": "Feature", "geometry": { "type": "Point", "coordinates": [ 8.0996816, 48.9723286 ] }, "properties": { "name": "École maternelle", "amenity": "school" } }, { "type": "Feature", "geometry": { "type": "Point", "coordinates": [ -0.5028187, 44.6494458 ] }, "properties": { "name": "École des 4 saisons", "amenity": "school" } }, { "type": "Feature", "geometry": { "type": "Point", "coordinates": [ -0.653623627, 44.763280289 ] }, "properties": { "name": "École maternelle Marc Rebeyrol", "amenity": "school" } }, { "type": "Feature", "geometry": { "type": "Point", "coordinates": [ -0.571913497, 44.856632783 ] }, "properties": { "name": "École maternelle Paul Berthelot", "amenity": "school" } }, { "type": "Feature", "geometry": { "type": "Point", "coordinates": [ 7.733150486, 48.58146457 ] }, "properties": { "name": "École primaire Sainte-Aurélie", "amenity": "school" } }, { "type": "Feature", "geometry": { "type": "Point", "coordinates": [ -0.815284477, 44.710309566 ] }, "properties": { "name": "École primaire Maurice Fognet", "amenity": "school" } }, { "type": "Feature", "geometry": { "type": "Point", "coordinates": [ 7.75874198, 48.60948994 ] }, "properties": { "name": "École Maternelle Pfoeller", "amenity": "school" } }, { "type": "Feature", "geometry": { "type": "Point", "coordinates": [ 7.792034547, 48.810368164 ] }, "properties": { "name": "IFSI / IFAS", "amenity": "college" } }, { "type": "Feature", "geometry": { "type": "Point", "coordinates": [ 7.741603459, 48.578239079 ] }, "properties": { "name": "Institut de Formation en Masso-Kinésithérapie", "amenity": "college" } }, { "type": "Feature", "geometry": { "type": "Point", "coordinates": [ -0.1768097, 44.484139201 ] }, "properties": { "name": "École maternelle", "amenity": "school" } }, { "type": "Feature", "geometry": { "type": "Point", "coordinates": [ -0.554159184, 44.607377953 ] }, "properties": { "name": "École élémentaire les écureuils", "amenity": "school" } }, { "type": "Feature", "geometry": { "type": "Point", "coordinates": [ 7.438558795, 48.634269449 ] }, "properties": { "name": "École maternelle Paul Eluard", "amenity": "school" } }, { "type": "Feature", "geometry": { "type": "Point", "coordinates": [ 7.8819551, 48.9499392 ] }, "properties": { "name": "École primaire", "amenity": "school" } }, { "type": "Feature", "geometry": { "type": "Point", "coordinates": [ -0.630517816, 44.789745873 ] }, "properties": { "name": "École maternelle Montesquieu", "amenity": "school" } }, { "type": "Feature", "geometry": { "type": "Point", "coordinates": [ -0.558156056, 44.763864117 ] }, "properties": { "name": "École maternelle Jules Ferry", "amenity": "school" } }, { "type": "Feature", "geometry": { "type": "Point", "coordinates": [ -0.74650778, 44.892914156 ] }, "properties": { "name": "École Élémentaire Hastignan", "amenity": "school" } }, { "type": "Feature", "geometry": { "type": "Point", "coordinates": [ 7.743077735, 48.60229342 ] }, "properties": { "name": "École élémentaire privée L'Oliveraie", "amenity": "school" } }, { "type": "Feature", "geometry": { "type": "Point", "coordinates": [ 7.457940778, 48.409053929 ] }, "properties": { "name": "Lycée général et technologique Schuré", "amenity": "school" } }, { "type": "Feature", "geometry": { "type": "Point", "coordinates": [ 7.774516902, 48.56545916 ] }, "properties": { "name": "Groupe Scolaire Albert le Grand", "amenity": "school" } }, { "type": "Feature", "geometry": { "type": "Point", "coordinates": [ -0.541595585, 44.804670042 ] }, "properties": { "name": "Les P'tits Coeurs", "amenity": "kindergarten" } }, { "type": "Feature", "geometry": { "type": "Point", "coordinates": [ -0.5556446, 44.8591362 ] }, "properties": { "name": "INSEEC Grande Ecole Bordeaux", "amenity": "university" } }, { "type": "Feature", "geometry": { "type": "Point", "coordinates": [ -0.450908376, 44.988746168 ] }, "properties": { "name": "École élémentaire Pierre Dufour", "amenity": "school" } }, { "type": "Feature", "geometry": { "type": "Point", "coordinates": [ -0.615950244, 44.803749723 ] }, "properties": { "name": "Groupe scolaire Jules Ferry", "amenity": "school" } }, { "type": "Feature", "geometry": { "type": "Point", "coordinates": [ -0.223661, 45.0074248 ] }, "properties": { "name": "École Primaire", "amenity": "school" } }, { "type": "Feature", "geometry": { "type": "Point", "coordinates": [ -0.6707994, 44.812176 ] }, "properties": { "name": "École primaire Jacques Cartier", "amenity": "school" } }, { "type": "Feature", "geometry": { "type": "Point", "coordinates": [ -0.3087826, 44.341449001 ] }, "properties": { "name": "École maternelle Dany Candau", "amenity": "school" } }, { "type": "Feature", "geometry": { "type": "Point", "coordinates": [ -0.6154529, 44.7414152 ] }, "properties": { "name": "École maternelle La Passerelle", "amenity": "school" } }, { "type": "Feature", "geometry": { "type": "Point", "coordinates": [ 7.592228315, 48.368542931 ] }, "properties": { "name": "École primaire Briand", "amenity": "school" } }, { "type": "Feature", "geometry": { "type": "Point", "coordinates": [ -0.6566691, 45.1210184 ] }, "properties": { "name": "École primaire Rosa Bonheur", "amenity": "school" } }, { "type": "Feature", "geometry": { "type": "Point", "coordinates": [ 7.690593241, 48.576208024 ] }, "properties": { "name": "Collège Katia et Maurice Krafft", "amenity": "school" } }, { "type": "Feature", "geometry": { "type": "Point", "coordinates": [ -0.5603018, 44.8652508 ] }, "properties": { "name": "Campus 114", "amenity": "school" } }, { "type": "Feature", "geometry": { "type": "Point", "coordinates": [ 7.713210917, 48.60517485 ] }, "properties": { "name": "Société Droit Religion en Europe", "amenity": "university" } }, { "type": "Feature", "geometry": { "type": "Point", "coordinates": [ -0.605136134, 44.982051711 ] }, "properties": { "name": "Ecole élementaire Simone Veil", "amenity": "school" } }, { "type": "Feature", "geometry": { "type": "Point", "coordinates": [ 7.7565851, 48.5720938 ] }, "properties": { "name": "People & baby", "amenity": "kindergarten" } }, { "type": "Feature", "geometry": { "type": "Point", "coordinates": [ -0.607179123, 44.849497949 ] }, "properties": { "name": "Sainte-Marie Grand Lebrun", "amenity": "school" } }, { "type": "Feature", "geometry": { "type": "Point", "coordinates": [ 7.7734025, 48.5808724 ] }, "properties": { "name": "École Europe Technique", "amenity": "college" } }, { "type": "Feature", "geometry": { "type": "Point", "coordinates": [ -0.637805149, 44.911331199 ] }, "properties": { "name": "Lycée hôtelier Saint-Michel", "amenity": "college" } }, { "type": "Feature", "geometry": { "type": "Point", "coordinates": [ 7.499738586, 48.460557433 ] }, "properties": { "name": "Collège Europe", "amenity": "school" } }, { "type": "Feature", "geometry": { "type": "Point", "coordinates": [ -0.572602, 44.8543736 ] }, "properties": { "name": "Sup de Vinci", "amenity": "college" } }, { "type": "Feature", "geometry": { "type": "Point", "coordinates": [ 7.371983943, 48.918477794 ] }, "properties": { "name": "École élémentaire publique", "amenity": "school" } }, { "type": "Feature", "geometry": { "type": "Point", "coordinates": [ -0.5988424, 44.7295103 ] }, "properties": { "name": "École primaire privée Saint-Joseph", "amenity": "school" } }, { "type": "Feature", "geometry": { "type": "Point", "coordinates": [ 7.615475661, 48.845378964 ] }, "properties": { "name": "École primaire Philippe Chrétien Schweitzer", "amenity": "school" } }, { "type": "Feature", "geometry": { "type": "Point", "coordinates": [ -0.624794531, 44.825284932 ] }, "properties": { "name": "École élémentaire Marcellin Berthelot", "amenity": "school" } }, { "type": "Feature", "geometry": { "type": "Point", "coordinates": [ 7.447949364, 48.252760869 ] }, "properties": { "name": "Lycée Polyvalent Jean-Baptiste Schwilgué", "amenity": "school" } }, { "type": "Feature", "geometry": { "type": "Point", "coordinates": [ 7.44097, 48.8724113 ] }, "properties": { "name": "École primaire", "amenity": "school" } }, { "type": "Feature", "geometry": { "type": "Point", "coordinates": [ 7.724464434, 48.528600288 ] }, "properties": { "name": "Lycée Le Corbusier", "amenity": "school" } }, { "type": "Feature", "geometry": { "type": "Point", "coordinates": [ 7.903682875, 48.757007677 ] }, "properties": { "name": "École primaire", "amenity": "school" } }, { "type": "Feature", "geometry": { "type": "Point", "coordinates": [ -0.712164278, 44.894748432 ] }, "properties": { "name": "École Élémentaire Michel Montaigne", "amenity": "school" } }, { "type": "Feature", "geometry": { "type": "Point", "coordinates": [ 7.458565064, 48.413211748 ] }, "properties": { "name": "Collège du Torenberg-Heiligenstein", "amenity": "school" } }, { "type": "Feature", "geometry": { "type": "Point", "coordinates": [ -0.0425042, 44.392452701 ] }, "properties": { "name": "Groupe scolaire de Grignols", "amenity": "school" } }, { "type": "Feature", "geometry": { "type": "Point", "coordinates": [ -0.5475187, 44.8715774 ] }, "properties": { "name": "École maternelle Achard", "amenity": "school" } }, { "type": "Feature", "geometry": { "type": "Point", "coordinates": [ -0.588730833, 44.843465403 ] }, "properties": { "name": "École maternelle Paix", "amenity": "school" } }, { "type": "Feature", "geometry": { "type": "Point", "coordinates": [ -0.589583088, 44.845913995 ] }, "properties": { "name": "École primaire privée Saint-Gabriel", "amenity": "school" } }, { "type": "Feature", "geometry": { "type": "Point", "coordinates": [ -0.8815764, 44.547280401 ] }, "properties": { "name": "École Rive Gauche", "amenity": "school" } }, { "type": "Feature", "geometry": { "type": "Point", "coordinates": [ 7.752244, 48.5492977 ] }, "properties": { "name": "Lieu d'Accueil Parent Enfant", "amenity": "kindergarten" } }, { "type": "Feature", "geometry": { "type": "Point", "coordinates": [ 7.1277971, 48.9291763 ] }, "properties": { "name": "École primaire", "amenity": "school" } }, { "type": "Feature", "geometry": { "type": "Point", "coordinates": [ 7.753627, 48.615825 ] }, "properties": { "name": "Jardin d'Enfants de Bischheim", "amenity": "kindergarten" } }, { "type": "Feature", "geometry": { "type": "Point", "coordinates": [ 7.466325706, 48.497149098 ] }, "properties": { "name": "École maternelle Henri Eggenstein", "amenity": "school" } }, { "type": "Feature", "geometry": { "type": "Point", "coordinates": [ 7.473041227, 48.66343417 ] }, "properties": { "name": "Groupe Scolaire Intercommunal", "amenity": "school" } }, { "type": "Feature", "geometry": { "type": "Point", "coordinates": [ -0.157835368, 44.327663033 ] }, "properties": { "name": "École de Lerm-et-Musset", "amenity": "school" } }, { "type": "Feature", "geometry": { "type": "Point", "coordinates": [ -1.069289338, 44.638170596 ] }, "properties": { "name": "École maternelle Paul Pouget", "amenity": "school" } }, { "type": "Feature", "geometry": { "type": "Point", "coordinates": [ -0.568740041, 44.766481876 ] }, "properties": { "name": "École élémentaire Jules Michelet", "amenity": "school" } }, { "type": "Feature", "geometry": { "type": "Point", "coordinates": [ -0.588607022, 44.800647106 ] }, "properties": { "name": "École primaire Paul Lapie", "amenity": "school" } }, { "type": "Feature", "geometry": { "type": "Point", "coordinates": [ 7.7613108, 48.6068987 ] }, "properties": { "name": "Filéa", "amenity": "university" } }, { "type": "Feature", "geometry": { "type": "Point", "coordinates": [ 7.74710124, 48.577199064 ] }, "properties": { "name": "Le Cardo", "amenity": "university" } }, { "type": "Feature", "geometry": { "type": "Point", "coordinates": [ 7.688307861, 48.57906893 ] }, "properties": { "name": "École Élémentaire les Cigognes", "amenity": "school" } }, { "type": "Feature", "geometry": { "type": "Point", "coordinates": [ 7.942755729, 48.928244252 ] }, "properties": { "name": "École Élémentaire", "amenity": "school" } }, { "type": "Feature", "geometry": { "type": "Point", "coordinates": [ -0.6708714, 44.8125775 ] }, "properties": { "name": "École élémentaire Jacques Cartier", "amenity": "school" } }, { "type": "Feature", "geometry": { "type": "Point", "coordinates": [ -0.59561416, 44.807869525 ] }, "properties": { "name": "Université de Bordeaux - Campus Peixotto", "amenity": "university" } }, { "type": "Feature", "geometry": { "type": "Point", "coordinates": [ -0.6038761, 44.8236029 ] }, "properties": { "name": "Institut de Formation des Cadres de Santé", "amenity": "college" } }, { "type": "Feature", "geometry": { "type": "Point", "coordinates": [ 7.779792212, 48.695848472 ] }, "properties": { "name": "École primaire Im Leh", "amenity": "school" } }, { "type": "Feature", "geometry": { "type": "Point", "coordinates": [ -0.5719752, 44.8320377 ] }, "properties": { "name": "XP School Bordeaux", "amenity": "college" } }, { "type": "Feature", "geometry": { "type": "Point", "coordinates": [ -0.223846529, 45.007693033 ] }, "properties": { "name": "Crêche municipale", "amenity": "kindergarten" } }, { "type": "Feature", "geometry": { "type": "Point", "coordinates": [ 7.768240241, 48.620048306 ] }, "properties": { "name": "École Maternelle du Ried et École Élémentaire Bouchesèche", "amenity": "school" } } ] }